{"type":"FeatureCollection","name":"aichi-railway","metadata":{"schemaVersion":1,"layerType":"railway","sourceName":"国土数値情報（鉄道）国土交通省 2022年度版","dataset":"N02-2022","sourceUrl":"https://nlftp.mlit.go.jp/ksj/gml/data/N02/N02-22/N02-22_GML.zip","license":"国土数値情報ダウンロードサイト利用規約（オープンデータ）","clipBoundary":"N03-2025 愛知県行政区域","generatedAt":"2026-08-20T02:24:16.262Z","featureCount":1697},"features":[{"type":"Feature","geometry":{"type":"LineString","coordinates":[[137.15343,35.08703],[137.15344,35.08711],[137.15349,35.08748],[137.15354,35.08787],[137.1536,35.08834],[137.15364,35.08863],[137.15365,35.08869]]},"properties":{"N02_001":"12","N02_002":"5","N02_003":"愛知環状鉄道線","N02_004":"愛知環状鉄道"}},{"type":"Feature","geometry":{"type":"LineString","coordinates":[[137.16284,35.12153],[137.16268,35.12197],[137.16256,35.12228]]},"properties":{"N02_001":"12","N02_002":"5","N02_003":"愛知環状鉄道線","N02_004":"愛知環状鉄道"}},{"type":"Feature","geometry":{"type":"LineString","coordinates":[[137.16116,35.10555],[137.16067,35.10476]]},"properties":{"N02_001":"12","N02_002":"5","N02_003":"愛知環状鉄道線","N02_004":"愛知環状鉄道"}},{"type":"Feature","geometry":{"type":"LineString","coordinates":[[137.04481,35.26428],[137.05015,35.2643],[137.05085,35.26428],[137.05124,35.26423],[137.05196,35.26408],[137.05258,35.26386],[137.05394,35.2634],[137.053945,35.263398],[137.05402,35.26337],[137.05873,35.26159],[137.05996,35.26112],[137.06108,35.2607],[137.06117,35.26066],[137.06277,35.26005],[137.06287,35.26001],[137.06423,35.25951],[137.06523,35.25912],[137.06583,35.25882],[137.06626,35.25857],[137.06668,35.25829],[137.06756,35.25767],[137.06825,35.25704],[137.06896,35.25624],[137.06957,35.2554],[137.07006,35.25452],[137.07038,35.25383],[137.07067,35.25322],[137.07095,35.25255],[137.07119,35.25208],[137.07128,35.25188],[137.0716,35.25119]]},"properties":{"N02_001":"12","N02_002":"5","N02_003":"愛知環状鉄道線","N02_004":"愛知環状鉄道"}},{"type":"Feature","geometry":{"type":"LineString","coordinates":[[137.10239,35.19765],[137.10249,35.19761],[137.10379,35.19694],[137.10448,35.19647],[137.10557,35.19558],[137.10625,35.19483],[137.10673,35.19422],[137.10722,35.19351],[137.10738,35.19318],[137.1077,35.19249],[137.1079,35.19196],[137.10804,35.19147],[137.10823,35.19054],[137.10827,35.19021],[137.10829,35.18941],[137.10824,35.18879],[137.10815,35.18823],[137.10787,35.18695],[137.10728,35.18428],[137.1071,35.18351],[137.10695,35.18278],[137.106949,35.182777],[137.1068,35.18209],[137.1066,35.18105],[137.10641,35.1798],[137.10636,35.17901],[137.1064,35.17814],[137.10646,35.17767],[137.10658,35.17697],[137.10676,35.17616],[137.107,35.17534]]},"properties":{"N02_001":"12","N02_002":"5","N02_003":"愛知環状鉄道線","N02_004":"愛知環状鉄道"}},{"type":"Feature","geometry":{"type":"LineString","coordinates":[[137.08136,35.20721],[137.0829,35.20592]]},"properties":{"N02_001":"12","N02_002":"5","N02_003":"愛知環状鉄道線","N02_004":"愛知環状鉄道"}},{"type":"Feature","geometry":{"type":"LineString","coordinates":[[137.15098,35.05509],[137.15112,35.05455],[137.15115,35.05445],[137.15129,35.05401],[137.15164,35.053],[137.15189,35.05226],[137.15209,35.05171],[137.15219,35.05131],[137.15233,35.05072],[137.15238,35.0504],[137.15242,35.04977],[137.15241,35.04965],[137.15238,35.04915],[137.15235,35.04884],[137.15225,35.04837],[137.15212,35.0479],[137.15202,35.0476],[137.15184,35.0472],[137.15165,35.04683],[137.15141,35.04643],[137.15116,35.04605],[137.15082,35.04552],[137.15038,35.04485],[137.1497,35.04383],[137.14914,35.04296],[137.14877,35.0424],[137.14849,35.04196],[137.14815,35.04143],[137.14793,35.04111],[137.14763,35.04064],[137.14709,35.03983]]},"properties":{"N02_001":"12","N02_002":"5","N02_003":"愛知環状鉄道線","N02_004":"愛知環状鉄道"}},{"type":"Feature","geometry":{"type":"LineString","coordinates":[[137.14671,35.03925],[137.1458,35.03786],[137.14528,35.03707],[137.14521,35.03697],[137.14508,35.03678],[137.14495,35.03655],[137.14433,35.03562],[137.14356,35.03445],[137.14334,35.03411],[137.14304,35.03366],[137.14233,35.03258],[137.14227,35.03248],[137.14225,35.03245],[137.14215,35.03231],[137.14145,35.03124],[137.14057,35.0299],[137.14046,35.02972],[137.14032,35.0295],[137.1399,35.02887],[137.13946,35.02819],[137.13916,35.02774]]},"properties":{"N02_001":"12","N02_002":"5","N02_003":"愛知環状鉄道線","N02_004":"愛知環状鉄道"}},{"type":"Feature","geometry":{"type":"LineString","coordinates":[[137.15117,35.07147],[137.15117,35.07139],[137.15118,35.07086],[137.15118,35.07084],[137.15123,35.07042],[137.151327,35.069829],[137.15134,35.06975],[137.15154,35.0684],[137.15165,35.06756],[137.15176,35.06678],[137.15183,35.06613],[137.15187,35.06541],[137.15186,35.06505],[137.1518,35.06427],[137.15163,35.06299],[137.15152,35.06189],[137.15145,35.06134],[137.1513,35.06015],[137.1511,35.05852],[137.151,35.05768],[137.15097,35.05742],[137.15096,35.0572],[137.15092,35.05673],[137.15091,35.05656],[137.15089,35.05579]]},"properties":{"N02_001":"12","N02_002":"5","N02_003":"愛知環状鉄道線","N02_004":"愛知環状鉄道"}},{"type":"Feature","geometry":{"type":"LineString","coordinates":[[137.1073,35.1745],[137.10749,35.17409],[137.10774,35.17357],[137.10778,35.17349],[137.10794,35.17318],[137.10813,35.17286],[137.10821,35.17273],[137.10839,35.17244],[137.10847,35.17233],[137.10858,35.17217],[137.10867,35.17201],[137.10912,35.17137],[137.1095,35.17088],[137.10987,35.17043],[137.10997,35.17032],[137.11023,35.17004],[137.11038,35.1699],[137.11099,35.1693],[137.11122,35.16905],[137.11188,35.16836],[137.1121,35.16813],[137.1122,35.16801],[137.1124,35.1678],[137.11248,35.16773],[137.11267,35.16753],[137.11315,35.16704],[137.11387,35.16626],[137.11597,35.16415],[137.11664,35.16342],[137.11733,35.16265],[137.11767,35.16224],[137.11811,35.16169],[137.11854,35.1611],[137.11877,35.16068],[137.11898,35.16026],[137.11904,35.16014],[137.11931,35.15945],[137.11965,35.15847],[137.12004,35.15707],[137.12019,35.15654],[137.12068,35.15506]]},"properties":{"N02_001":"12","N02_002":"5","N02_003":"愛知環状鉄道線","N02_004":"愛知環状鉄道"}},{"type":"Feature","geometry":{"type":"LineString","coordinates":[[137.12086,35.1544],[137.12068,35.15506]]},"properties":{"N02_001":"12","N02_002":"5","N02_003":"愛知環状鉄道線","N02_004":"愛知環状鉄道"}},{"type":"Feature","geometry":{"type":"LineString","coordinates":[[137.14849,35.13301],[137.14874,35.13294],[137.14905,35.13286],[137.14949,35.13275],[137.14955,35.13274],[137.14991,35.13264],[137.15,35.13262],[137.15109,35.13234],[137.15168,35.13219],[137.15181,35.13216],[137.15207,35.13209],[137.15216,35.13207],[137.15268,35.13194],[137.15284,35.13189],[137.15392,35.13162],[137.15404,35.13159],[137.15433,35.13151],[137.15464,35.13144],[137.1552,35.13129],[137.15549,35.13119],[137.15591,35.13105],[137.15634,35.13088],[137.15679,35.13063],[137.15743,35.1302],[137.15749,35.13017],[137.15825,35.12961],[137.15863,35.12931],[137.15941,35.12864],[137.15982,35.12821],[137.16,35.12801],[137.16029,35.12766],[137.16053,35.12734],[137.1608,35.12695],[137.1611,35.12644],[137.16116,35.12629],[137.16126,35.12607],[137.16136,35.12583],[137.16144,35.12561],[137.16149,35.12544],[137.16153,35.12534],[137.16165,35.12496],[137.16197,35.12402],[137.16206,35.12374],[137.16213,35.12355],[137.16219,35.12339],[137.16239,35.12277],[137.16246,35.12257],[137.16256,35.12228]]},"properties":{"N02_001":"12","N02_002":"5","N02_003":"愛知環状鉄道線","N02_004":"愛知環状鉄道"}},{"type":"Feature","geometry":{"type":"LineString","coordinates":[[137.15089,35.05579],[137.15092,35.05543],[137.15098,35.05509]]},"properties":{"N02_001":"12","N02_002":"5","N02_003":"愛知環状鉄道線","N02_004":"愛知環状鉄道"}},{"type":"Feature","geometry":{"type":"LineString","coordinates":[[137.16067,35.10476],[137.16047,35.10444],[137.15943,35.10271],[137.15854,35.10124],[137.1583,35.10086],[137.15777,35.09997],[137.15734,35.09929],[137.15626,35.09745],[137.15591,35.09685],[137.15555,35.09619],[137.15534,35.09583],[137.15502,35.09522],[137.1549,35.09491],[137.15474,35.09449],[137.15464,35.09423],[137.1545,35.09381],[137.15445,35.09361],[137.15434,35.09312],[137.15421,35.09217],[137.15416,35.09169],[137.15412,35.09143],[137.15388,35.09004],[137.15377,35.08941],[137.15365,35.08869]]},"properties":{"N02_001":"12","N02_002":"5","N02_003":"愛知環状鉄道線","N02_004":"愛知環状鉄道"}},{"type":"Feature","geometry":{"type":"LineString","coordinates":[[137.0716,35.25119],[137.07179,35.25074],[137.07195,35.25038],[137.07236,35.24951]]},"properties":{"N02_001":"12","N02_002":"5","N02_003":"愛知環状鉄道線","N02_004":"愛知環状鉄道"}},{"type":"Feature","geometry":{"type":"LineString","coordinates":[[137.13915,34.99655],[137.13983,34.99602]]},"properties":{"N02_001":"12","N02_002":"5","N02_003":"愛知環状鉄道線","N02_004":"愛知環状鉄道"}},{"type":"Feature","geometry":{"type":"LineString","coordinates":[[137.13285,35.01271],[137.13267,35.01211]]},"properties":{"N02_001":"12","N02_002":"5","N02_003":"愛知環状鉄道線","N02_004":"愛知環状鉄道"}},{"type":"Feature","geometry":{"type":"LineString","coordinates":[[137.13404,35.13685],[137.13395,35.13689],[137.13336,35.13717],[137.13327,35.13722],[137.13303,35.13733],[137.1328,35.13747],[137.13276,35.1375],[137.13202,35.13796],[137.13168,35.13821],[137.13143,35.13841],[137.13136,35.13847],[137.13123,35.13858],[137.13117,35.13862],[137.13111,35.13868],[137.13082,35.13891],[137.1305,35.13917],[137.13009,35.1395],[137.12893,35.14045],[137.12882,35.14057],[137.12854,35.14077],[137.1281,35.14114],[137.12763,35.14152],[137.12719,35.1419],[137.12667,35.14229],[137.12628,35.14263],[137.12617,35.14277],[137.12579,35.14312],[137.1257,35.1432],[137.12556,35.14337],[137.12533,35.14361],[137.12516,35.14384],[137.12503,35.14398],[137.1247,35.1444],[137.12432,35.14492],[137.12391,35.14554],[137.12386,35.14562],[137.12358,35.1461],[137.12344,35.14639],[137.12329,35.14674],[137.12315,35.14715],[137.12309,35.14731],[137.12303,35.14748],[137.12296,35.1477],[137.12275,35.14841],[137.12248,35.14929],[137.12235,35.1497],[137.12233,35.14975],[137.12203,35.15075],[137.12166,35.15189],[137.12148,35.15244],[137.12086,35.1544]]},"properties":{"N02_001":"12","N02_002":"5","N02_003":"愛知環状鉄道線","N02_004":"愛知環状鉄道"}},{"type":"Feature","geometry":{"type":"LineString","coordinates":[[137.07861,35.22659],[137.07842,35.22583],[137.078347,35.22552],[137.0783,35.22532]]},"properties":{"N02_001":"12","N02_002":"5","N02_003":"愛知環状鉄道線","N02_004":"愛知環状鉄道"}},{"type":"Feature","geometry":{"type":"LineString","coordinates":[[137.13915,34.99655],[137.13883,34.99679],[137.13859,34.99697],[137.13832,34.99716],[137.13753,34.99775],[137.13708,34.99809],[137.13669,34.9984],[137.13632,34.99868],[137.1359,34.99899],[137.13583,34.99905],[137.13521,34.99951],[137.13507,34.99962],[137.13496,34.99971],[137.134958,34.999712],[137.13487,34.99978],[137.13463,34.99997],[137.13411,35.00044],[137.13379,35.00075],[137.13343,35.00112],[137.13298,35.00167],[137.13261,35.00217],[137.13239,35.00251],[137.13214,35.00291],[137.13193,35.00325],[137.1318,35.00366],[137.13164,35.0041],[137.13156,35.00445],[137.13147,35.00481],[137.13147,35.00495],[137.13144,35.00516],[137.13141,35.00539],[137.13136,35.00577],[137.13136,35.0059],[137.13136,35.00652],[137.13138,35.00713],[137.13142,35.00737],[137.13144,35.00748],[137.13148,35.00771],[137.13151,35.00789],[137.13159,35.00821],[137.13165,35.00847],[137.13181,35.00903],[137.13195,35.00945],[137.13202,35.00974],[137.13223,35.01048],[137.13234,35.01092],[137.13252,35.01154],[137.13265,35.01204],[137.13267,35.01211]]},"properties":{"N02_001":"12","N02_002":"5","N02_003":"愛知環状鉄道線","N02_004":"愛知環状鉄道"}},{"type":"Feature","geometry":{"type":"LineString","coordinates":[[137.14709,35.03983],[137.14671,35.03925]]},"properties":{"N02_001":"12","N02_002":"5","N02_003":"愛知環状鉄道線","N02_004":"愛知環状鉄道"}},{"type":"Feature","geometry":{"type":"LineString","coordinates":[[137.107,35.17534],[137.1073,35.1745]]},"properties":{"N02_001":"12","N02_002":"5","N02_003":"愛知環状鉄道線","N02_004":"愛知環状鉄道"}},{"type":"Feature","geometry":{"type":"LineString","coordinates":[[137.15119,35.07211],[137.1512,35.07219],[137.15129,35.07292],[137.15138,35.07344],[137.15149,35.07418],[137.15169,35.07546],[137.15179,35.07616],[137.15207,35.07794],[137.15214,35.07829],[137.15225,35.07903],[137.15252,35.08077],[137.15261,35.08141],[137.15275,35.08224],[137.15287,35.08304],[137.153,35.08395],[137.15315,35.08488],[137.15333,35.08605],[137.15338,35.08658],[137.15342,35.08693],[137.15343,35.08703]]},"properties":{"N02_001":"12","N02_002":"5","N02_003":"愛知環状鉄道線","N02_004":"愛知環状鉄道"}},{"type":"Feature","geometry":{"type":"LineString","coordinates":[[137.15119,35.07211],[137.15117,35.07147]]},"properties":{"N02_001":"12","N02_002":"5","N02_003":"愛知環状鉄道線","N02_004":"愛知環状鉄道"}},{"type":"Feature","geometry":{"type":"LineString","coordinates":[[137.13916,35.02774],[137.1388,35.0272]]},"properties":{"N02_001":"12","N02_002":"5","N02_003":"愛知環状鉄道線","N02_004":"愛知環状鉄道"}},{"type":"Feature","geometry":{"type":"LineString","coordinates":[[137.13983,34.99602],[137.14007,34.99585],[137.1405,34.99552],[137.141,34.99514],[137.14189,34.99447],[137.14257,34.99396],[137.142572,34.993958],[137.14286,34.99374],[137.14368,34.99313],[137.14387,34.99298],[137.143899,34.992951],[137.1439,34.99295],[137.14405,34.99284],[137.14481,34.99227],[137.14525,34.99193],[137.14579,34.99153],[137.14596,34.9914],[137.14671,34.99083],[137.14702,34.99059],[137.14731,34.99038],[137.14808,34.98979],[137.14844,34.98952],[137.14929,34.98887],[137.14958,34.98866],[137.14998,34.98832],[137.15052,34.98784],[137.1511,34.98727],[137.1513,34.98708],[137.15159,34.98675],[137.15206,34.9862],[137.15239,34.98581],[137.15271,34.98541],[137.15276,34.98535],[137.15325,34.98469],[137.15358,34.98425],[137.15392,34.98375],[137.15404,34.98359],[137.15431,34.98319],[137.15453,34.98287]]},"properties":{"N02_001":"12","N02_002":"5","N02_003":"愛知環状鉄道線","N02_004":"愛知環状鉄道"}},{"type":"Feature","geometry":{"type":"LineString","coordinates":[[137.1388,35.0272],[137.13878,35.02717],[137.13871,35.02705],[137.13862,35.02691],[137.13829,35.02641],[137.13766,35.02544],[137.13707,35.02456],[137.13646,35.0236],[137.1359,35.02272],[137.13563,35.02222],[137.13552,35.02197],[137.13541,35.02172],[137.13531,35.02148],[137.13521,35.02117],[137.13511,35.02085],[137.13483,35.01979],[137.1348,35.01968],[137.13455,35.01883],[137.1343,35.01789],[137.1341,35.01719],[137.13394,35.01662],[137.13378,35.01604],[137.13365,35.01556],[137.13334,35.01451],[137.13311,35.01364],[137.13287,35.01278],[137.13285,35.01271]]},"properties":{"N02_001":"12","N02_002":"5","N02_003":"愛知環状鉄道線","N02_004":"愛知環状鉄道"}},{"type":"Feature","geometry":{"type":"LineString","coordinates":[[137.07236,35.24951],[137.07261,35.249],[137.07295,35.24825],[137.07333,35.24745],[137.07348,35.24716],[137.07367,35.24675],[137.07436,35.24526],[137.07542,35.24306],[137.07624,35.24127],[137.07669,35.2403],[137.07699,35.23965],[137.07775,35.23793],[137.07812,35.23717],[137.07853,35.23628],[137.07889,35.23538],[137.07911,35.23482],[137.07925,35.2344],[137.07942,35.23371],[137.07954,35.23315],[137.07963,35.23241],[137.07964,35.23167],[137.07965,35.2313],[137.07961,35.23073],[137.07958,35.23039],[137.07949,35.2299],[137.07929,35.229],[137.07922,35.22876],[137.07912,35.22841],[137.07904,35.22816],[137.079,35.22802],[137.0789,35.2276],[137.07886,35.22748],[137.07864,35.22666],[137.07861,35.22659]]},"properties":{"N02_001":"12","N02_002":"5","N02_003":"愛知環状鉄道線","N02_004":"愛知環状鉄道"}},{"type":"Feature","geometry":{"type":"LineString","coordinates":[[137.0829,35.20592],[137.08395,35.205],[137.08503,35.20409],[137.08597,35.20328],[137.08604,35.20322],[137.08638,35.20291],[137.08697,35.20243],[137.08735,35.20213],[137.08778,35.20183],[137.08837,35.20146],[137.08882,35.20123],[137.08906,35.20111],[137.08957,35.2009],[137.08988,35.20075],[137.09,35.20071],[137.09008,35.20068],[137.09079,35.20042],[137.09141,35.20023],[137.09202,35.20006],[137.09398,35.19964],[137.09628,35.19917],[137.09785,35.19885],[137.09959,35.19849],[137.10072,35.1982],[137.10114,35.19808],[137.10123,35.19806]]},"properties":{"N02_001":"12","N02_002":"5","N02_003":"愛知環状鉄道線","N02_004":"愛知環状鉄道"}},{"type":"Feature","geometry":{"type":"LineString","coordinates":[[137.04481,35.26428],[137.04171,35.26423]]},"properties":{"N02_001":"12","N02_002":"5","N02_003":"愛知環状鉄道線","N02_004":"愛知環状鉄道"}},{"type":"Feature","geometry":{"type":"LineString","coordinates":[[137.15494,34.98229],[137.15453,34.98287]]},"properties":{"N02_001":"12","N02_002":"5","N02_003":"愛知環状鉄道線","N02_004":"愛知環状鉄道"}},{"type":"Feature","geometry":{"type":"LineString","coordinates":[[137.10123,35.19806],[137.10149,35.19797],[137.1017,35.1979],[137.10239,35.19765]]},"properties":{"N02_001":"12","N02_002":"5","N02_003":"愛知環状鉄道線","N02_004":"愛知環状鉄道"}},{"type":"Feature","geometry":{"type":"LineString","coordinates":[[137.16116,35.10555],[137.161932,35.106809],[137.16222,35.10728],[137.16227,35.10736],[137.1624,35.10756],[137.1628,35.10821],[137.16301,35.10858],[137.1633,35.10908],[137.16379,35.10993],[137.16398,35.11028],[137.16412,35.11052],[137.16434,35.11094],[137.16452,35.11134],[137.16472,35.1118],[137.16476,35.11193],[137.16478,35.11199],[137.16483,35.11213],[137.16498,35.11261],[137.16509,35.1132],[137.16511,35.11341],[137.16512,35.11353],[137.16513,35.11424],[137.16507,35.11486],[137.165,35.11532],[137.16495,35.1155],[137.16474,35.11609],[137.16463,35.1164],[137.16436,35.11718],[137.16429,35.11737],[137.1641,35.11792],[137.16402,35.11812],[137.16384,35.11865],[137.16375,35.11889],[137.16368,35.11911],[137.16362,35.11929],[137.16359,35.11939],[137.16334,35.1201],[137.16321,35.12044],[137.16313,35.12069],[137.16303,35.12096],[137.16294,35.12123],[137.16284,35.12153]]},"properties":{"N02_001":"12","N02_002":"5","N02_003":"愛知環状鉄道線","N02_004":"愛知環状鉄道"}},{"type":"Feature","geometry":{"type":"LineString","coordinates":[[137.13494,35.13649],[137.13504,35.13645],[137.1354,35.13633],[137.13612,35.13613],[137.13646,35.13604],[137.13659,35.136],[137.1369,35.13592],[137.13729,35.13582],[137.1374,35.13579],[137.13779,35.13569],[137.13823,35.13559],[137.13829,35.13557],[137.13832,35.13556],[137.13859,35.1355],[137.1387,35.13548],[137.13913,35.13537],[137.13921,35.13535],[137.13955,35.13527],[137.13963,35.13525],[137.14052,35.13502],[137.14064,35.13499],[137.14093,35.13492],[137.14108,35.13489],[137.14278,35.13446],[137.14283,35.13445],[137.14461,35.134],[137.14465,35.13399],[137.14479,35.13396],[137.14547,35.13378],[137.1459,35.13367],[137.1464,35.13354],[137.1468,35.13344],[137.14708,35.13337],[137.14717,35.13334],[137.1475,35.13326],[137.14754,35.13325],[137.14762,35.13323]]},"properties":{"N02_001":"12","N02_002":"5","N02_003":"愛知環状鉄道線","N02_004":"愛知環状鉄道"}},{"type":"Feature","geometry":{"type":"LineString","coordinates":[[137.0783,35.22532],[137.0777,35.22302],[137.07676,35.21937],[137.07654,35.21847],[137.07632,35.21758],[137.07618,35.21705],[137.07611,35.21675],[137.07602,35.21647],[137.07574,35.21503],[137.07571,35.21461],[137.07583,35.21373],[137.076,35.21315],[137.07622,35.2125],[137.07636,35.21215],[137.07657,35.21173],[137.07683,35.21138],[137.07751,35.21058],[137.07842,35.20973],[137.07865,35.20953],[137.0794,35.2089],[137.08082,35.20768],[137.08101,35.20752],[137.08136,35.20721]]},"properties":{"N02_001":"12","N02_002":"5","N02_003":"愛知環状鉄道線","N02_004":"愛知環状鉄道"}},{"type":"Feature","geometry":{"type":"LineString","coordinates":[[137.13494,35.13649],[137.13436,35.13671],[137.13411,35.13681],[137.13404,35.13685]]},"properties":{"N02_001":"12","N02_002":"5","N02_003":"愛知環状鉄道線","N02_004":"愛知環状鉄道"}},{"type":"Feature","geometry":{"type":"LineString","coordinates":[[137.14762,35.13323],[137.14849,35.13301]]},"properties":{"N02_001":"12","N02_002":"5","N02_003":"愛知環状鉄道線","N02_004":"愛知環状鉄道"}},{"type":"Feature","geometry":{"type":"LineString","coordinates":[[137.15613,34.93229],[137.15594,34.93294],[137.15594,34.93297],[137.15579,34.93331],[137.15543,34.93395],[137.15535,34.93407],[137.15519,34.9343],[137.15501,34.93456],[137.15477,34.93488],[137.15455,34.93514],[137.15426,34.93547],[137.15398,34.93578],[137.15373,34.93603],[137.15365,34.9361],[137.1535,34.93629],[137.15339,34.93642],[137.153299,34.936652],[137.15317,34.93698],[137.15295,34.93766],[137.15261,34.93871],[137.15245,34.93924],[137.15229,34.93977],[137.1521,34.94048],[137.15198,34.94092]]},"properties":{"N02_001":"12","N02_002":"5","N02_003":"愛知環状鉄道線","N02_004":"愛知環状鉄道"}},{"type":"Feature","geometry":{"type":"LineString","coordinates":[[137.15654,34.93131],[137.15638,34.93171],[137.15625,34.93201],[137.15613,34.93229]]},"properties":{"N02_001":"12","N02_002":"5","N02_003":"愛知環状鉄道線","N02_004":"愛知環状鉄道"}},{"type":"Feature","geometry":{"type":"LineString","coordinates":[[137.15715,34.92679],[137.15709,34.92777],[137.15706,34.92819],[137.15697,34.92906],[137.15694,34.92937],[137.15691,34.92957],[137.15685,34.93017],[137.15683,34.93024],[137.15677,34.93049],[137.15665,34.93101],[137.15654,34.93131]]},"properties":{"N02_001":"12","N02_002":"5","N02_003":"愛知環状鉄道線","N02_004":"愛知環状鉄道"}},{"type":"Feature","geometry":{"type":"LineString","coordinates":[[137.15198,34.94092],[137.15179,34.94165]]},"properties":{"N02_001":"12","N02_002":"5","N02_003":"愛知環状鉄道線","N02_004":"愛知環状鉄道"}},{"type":"Feature","geometry":{"type":"LineString","coordinates":[[137.15179,34.94165],[137.15172,34.94197],[137.15168,34.94213],[137.15157,34.94254],[137.15155,34.94262],[137.15146,34.94296],[137.15129,34.94365],[137.15117,34.94414],[137.15101,34.94475],[137.15092,34.94523],[137.15086,34.94567],[137.15086,34.94576],[137.15084,34.946],[137.15084,34.9461],[137.15086,34.94658],[137.15092,34.94746],[137.15101,34.94818],[137.15104,34.94856],[137.15113,34.94937],[137.15122,34.95009],[137.15124,34.95043],[137.15132,34.95112],[137.15136,34.95146],[137.15142,34.95185],[137.15144,34.95197],[137.15146,34.95207],[137.15148,34.95221],[137.15157,34.95265],[137.15175,34.95338],[137.15191,34.95394],[137.152,34.95425],[137.15218,34.95478],[137.15238,34.95534],[137.1524,34.95539],[137.15249,34.95561]]},"properties":{"N02_001":"12","N02_002":"5","N02_003":"愛知環状鉄道線","N02_004":"愛知環状鉄道"}},{"type":"Feature","geometry":{"type":"LineString","coordinates":[[137.15249,34.95561],[137.15307,34.95707]]},"properties":{"N02_001":"12","N02_002":"5","N02_003":"愛知環状鉄道線","N02_004":"愛知環状鉄道"}},{"type":"Feature","geometry":{"type":"LineString","coordinates":[[137.1578,34.97263],[137.15782,34.97274],[137.15791,34.9732],[137.15795,34.97337],[137.15806,34.97398],[137.15808,34.97427],[137.15814,34.975],[137.15814,34.9757],[137.15811,34.97637],[137.15809,34.97649],[137.15801,34.97697],[137.15787,34.97755],[137.15767,34.97811],[137.15758,34.97834],[137.15748,34.97856],[137.15739,34.97874],[137.1573,34.97891],[137.15722,34.97905],[137.157,34.97936],[137.15676,34.9797],[137.1564,34.98022],[137.15575,34.98114],[137.15548,34.98152],[137.15494,34.98229]]},"properties":{"N02_001":"12","N02_002":"5","N02_003":"愛知環状鉄道線","N02_004":"愛知環状鉄道"}},{"type":"Feature","geometry":{"type":"LineString","coordinates":[[137.15307,34.95707],[137.15335,34.95764],[137.15342,34.95779],[137.15364,34.95825],[137.15378,34.95854],[137.15395,34.95889],[137.15415,34.95931],[137.15427,34.95959],[137.15436,34.95978],[137.15447,34.96005],[137.15462,34.96039],[137.15473,34.96067],[137.15487,34.96105],[137.15498,34.96134],[137.15502,34.96147],[137.15511,34.96176],[137.15524,34.96216],[137.15532,34.96242],[137.15542,34.96282],[137.15559,34.96352],[137.15569,34.96397],[137.1558,34.96445],[137.15587,34.96475],[137.156,34.9653],[137.15605,34.96552],[137.15622,34.96623],[137.15634,34.96674],[137.15642,34.96705],[137.15654,34.96754],[137.15664,34.96796],[137.15667,34.96807],[137.15681,34.96864],[137.15691,34.96907],[137.15696,34.96924],[137.15709,34.96978],[137.15717,34.97011],[137.15722,34.9703],[137.15736,34.9709],[137.15748,34.97139],[137.1576,34.97188]]},"properties":{"N02_001":"12","N02_002":"5","N02_003":"愛知環状鉄道線","N02_004":"愛知環状鉄道"}},{"type":"Feature","geometry":{"type":"LineString","coordinates":[[137.15739,34.9239],[137.15716,34.92666],[137.15715,34.92679]]},"properties":{"N02_001":"12","N02_002":"5","N02_003":"愛知環状鉄道線","N02_004":"愛知環状鉄道"}},{"type":"Feature","geometry":{"type":"LineString","coordinates":[[137.1576,34.97188],[137.1578,34.97263]]},"properties":{"N02_001":"12","N02_002":"5","N02_003":"愛知環状鉄道線","N02_004":"愛知環状鉄道"}},{"type":"Feature","geometry":{"type":"LineString","coordinates":[[137.03754,35.17179],[137.03826,35.1717]]},"properties":{"N02_001":"25","N02_002":"5","N02_003":"東部丘陵線","N02_004":"愛知高速交通"}},{"type":"Feature","geometry":{"type":"LineString","coordinates":[[137.10615,35.17657],[137.10655,35.17646]]},"properties":{"N02_001":"25","N02_002":"5","N02_003":"東部丘陵線","N02_004":"愛知高速交通"}},{"type":"Feature","geometry":{"type":"LineString","coordinates":[[137.04904,35.17141],[137.04837,35.17132],[137.04572,35.17105],[137.04496,35.17103],[137.04263,35.17118],[137.0419,35.17126],[137.03826,35.1717]]},"properties":{"N02_001":"25","N02_002":"5","N02_003":"東部丘陵線","N02_004":"愛知高速交通"}},{"type":"Feature","geometry":{"type":"LineString","coordinates":[[137.03508,35.17752],[137.03586,35.17752]]},"properties":{"N02_001":"25","N02_002":"5","N02_003":"東部丘陵線","N02_004":"愛知高速交通"}},{"type":"Feature","geometry":{"type":"LineString","coordinates":[[137.04904,35.17141],[137.04997,35.17153]]},"properties":{"N02_001":"25","N02_002":"5","N02_003":"東部丘陵線","N02_004":"愛知高速交通"}},{"type":"Feature","geometry":{"type":"LineString","coordinates":[[137.09675,35.17924],[137.09575,35.17925],[137.095738,35.179248],[137.09438,35.17901],[137.09139,35.17895],[137.09059,35.17894],[137.09002,35.17887],[137.08942,35.1787],[137.08899,35.1785],[137.08846,35.17824],[137.08774,35.17779]]},"properties":{"N02_001":"25","N02_002":"5","N02_003":"東部丘陵線","N02_004":"愛知高速交通"}},{"type":"Feature","geometry":{"type":"LineString","coordinates":[[137.06087,35.17188],[137.06157,35.17188]]},"properties":{"N02_001":"25","N02_002":"5","N02_003":"東部丘陵線","N02_004":"愛知高速交通"}},{"type":"Feature","geometry":{"type":"LineString","coordinates":[[137.08733,35.17754],[137.08774,35.17779]]},"properties":{"N02_001":"25","N02_002":"5","N02_003":"東部丘陵線","N02_004":"愛知高速交通"}},{"type":"Feature","geometry":{"type":"LineString","coordinates":[[137.03508,35.17752],[137.03444,35.17753],[137.03378,35.17765],[137.0332,35.17783],[137.03263,35.17811],[137.03205,35.17843],[137.03178,35.1786],[137.03142,35.17883],[137.03094,35.17917],[137.03064,35.17935],[137.03038,35.17945],[137.03007,35.17949],[137.0269,35.17932],[137.026805,35.179331],[137.02665,35.17935],[137.02649,35.17939],[137.02636,35.17946],[137.02622,35.17958],[137.02609,35.1797],[137.02597,35.17982],[137.0255,35.18046],[137.0253,35.1808],[137.02509,35.1811],[137.02479,35.18139],[137.02449,35.18163],[137.02413,35.18186],[137.02389,35.18197],[137.02369,35.18206],[137.02341,35.18214],[137.02318,35.18219],[137.02293,35.18221]]},"properties":{"N02_001":"25","N02_002":"5","N02_003":"東部丘陵線","N02_004":"愛知高速交通"}},{"type":"Feature","geometry":{"type":"LineString","coordinates":[[137.03754,35.17179],[137.0357,35.17206],[137.0354,35.17215],[137.03519,35.17231],[137.03508,35.17251],[137.03506,35.17268],[137.03509,35.17287],[137.03669,35.17676],[137.03675,35.17693],[137.03678,35.17704],[137.03677,35.17715],[137.03673,35.17725],[137.03667,35.17733],[137.03661,35.17739],[137.03652,35.17744],[137.03643,35.17747],[137.03634,35.17748],[137.03625,35.17749],[137.03586,35.17752]]},"properties":{"N02_001":"25","N02_002":"5","N02_003":"東部丘陵線","N02_004":"愛知高速交通"}},{"type":"Feature","geometry":{"type":"LineString","coordinates":[[137.08733,35.17754],[137.08691,35.17728],[137.08621,35.17691],[137.08554,35.17666],[137.08489,35.17649],[137.08422,35.17643],[137.08325,35.17641],[137.08212,35.17638],[137.08105,35.17629],[137.08004,35.17605],[137.07921,35.17575],[137.07843,35.17538],[137.07778,35.17498],[137.07703,35.17442]]},"properties":{"N02_001":"25","N02_002":"5","N02_003":"東部丘陵線","N02_004":"愛知高速交通"}},{"type":"Feature","geometry":{"type":"LineString","coordinates":[[137.07668,35.17418],[137.07703,35.17442]]},"properties":{"N02_001":"25","N02_002":"5","N02_003":"東部丘陵線","N02_004":"愛知高速交通"}},{"type":"Feature","geometry":{"type":"LineString","coordinates":[[137.07668,35.17418],[137.07497,35.17303],[137.07403,35.17254],[137.07332,35.17225],[137.07265,35.17207],[137.07181,35.17196],[137.07069,35.17191],[137.06994,35.17189],[137.06157,35.17188]]},"properties":{"N02_001":"25","N02_002":"5","N02_003":"東部丘陵線","N02_004":"愛知高速交通"}},{"type":"Feature","geometry":{"type":"LineString","coordinates":[[137.10615,35.17657],[137.10588,35.17665],[137.10536,35.17681],[137.10498,35.17697],[137.10471,35.17717],[137.10433,35.17747],[137.10363,35.17795],[137.10321,35.17819],[137.10254,35.17853],[137.1017,35.17891],[137.10116,35.1791],[137.10075,35.1792],[137.1003,35.17925],[137.09965,35.17928],[137.09885,35.17927],[137.09793,35.17923],[137.09735,35.17924]]},"properties":{"N02_001":"25","N02_002":"5","N02_003":"東部丘陵線","N02_004":"愛知高速交通"}},{"type":"Feature","geometry":{"type":"LineString","coordinates":[[137.09675,35.17924],[137.09735,35.17924]]},"properties":{"N02_001":"25","N02_002":"5","N02_003":"東部丘陵線","N02_004":"愛知高速交通"}},{"type":"Feature","geometry":{"type":"LineString","coordinates":[[137.06087,35.17188],[137.06015,35.17188],[137.05979,35.17189],[137.05925,35.17194],[137.0584,35.17203],[137.05779,35.17208],[137.05588,35.17208],[137.05494,35.17205],[137.05387,35.17199],[137.05301,35.17191],[137.05151,35.17173],[137.04997,35.17153]]},"properties":{"N02_001":"25","N02_002":"5","N02_003":"東部丘陵線","N02_004":"愛知高速交通"}},{"type":"Feature","geometry":{"type":"LineString","coordinates":[[137.02293,35.18221],[137.0216,35.18219]]},"properties":{"N02_001":"25","N02_002":"5","N02_003":"東部丘陵線","N02_004":"愛知高速交通"}},{"type":"Feature","geometry":{"type":"LineString","coordinates":[[136.72703,35.11337],[136.7285,35.1138]]},"properties":{"N02_001":"12","N02_002":"4","N02_003":"名古屋線","N02_004":"近畿日本鉄道"}},{"type":"Feature","geometry":{"type":"LineString","coordinates":[[136.88015,35.16155],[136.87909,35.16097]]},"properties":{"N02_001":"12","N02_002":"4","N02_003":"名古屋線","N02_004":"近畿日本鉄道"}},{"type":"Feature","geometry":{"type":"LineString","coordinates":[[136.76867,35.12334],[136.77007,35.12364]]},"properties":{"N02_001":"12","N02_002":"4","N02_003":"名古屋線","N02_004":"近畿日本鉄道"}},{"type":"Feature","geometry":{"type":"LineString","coordinates":[[136.855045,35.149677],[136.85523,35.14972],[136.85678,35.15008],[136.85855,35.15053],[136.85897,35.15066],[136.85923,35.15074],[136.85979,35.15094],[136.86004,35.15103],[136.86052,35.15125],[136.86169,35.15183],[136.86249,35.15219],[136.86285,35.15234],[136.86349,35.15265]]},"properties":{"N02_001":"12","N02_002":"4","N02_003":"名古屋線","N02_004":"近畿日本鉄道"}},{"type":"Feature","geometry":{"type":"LineString","coordinates":[[136.80785,35.13271],[136.80836,35.13283],[136.80889,35.13295],[136.81035,35.13332],[136.81139,35.13356],[136.81186,35.13366],[136.81192,35.13367],[136.81351,35.13406],[136.81509,35.13443],[136.81641,35.13479],[136.81748,35.13506],[136.81809,35.13526],[136.81859,35.13543],[136.8191,35.13561],[136.81947,35.13577],[136.81999,35.136],[136.82037,35.13618],[136.82096,35.13644],[136.82152,35.13673],[136.82208,35.13701],[136.82219,35.13706],[136.82239,35.13716],[136.82345,35.13775],[136.82384,35.13794],[136.82441,35.13826],[136.82481,35.13846],[136.82497,35.13856],[136.82542,35.13884],[136.82749,35.13995]]},"properties":{"N02_001":"12","N02_002":"4","N02_003":"名古屋線","N02_004":"近畿日本鉄道"}},{"type":"Feature","geometry":{"type":"LineString","coordinates":[[136.80704,35.1325],[136.80785,35.13271]]},"properties":{"N02_001":"12","N02_002":"4","N02_003":"名古屋線","N02_004":"近畿日本鉄道"}},{"type":"Feature","geometry":{"type":"LineString","coordinates":[[136.87026,35.15593],[136.87135,35.15662]]},"properties":{"N02_001":"12","N02_002":"4","N02_003":"名古屋線","N02_004":"近畿日本鉄道"}},{"type":"Feature","geometry":{"type":"LineString","coordinates":[[136.853632,35.149373],[136.855045,35.149677]]},"properties":{"N02_001":"12","N02_002":"4","N02_003":"名古屋線","N02_004":"近畿日本鉄道"}},{"type":"Feature","geometry":{"type":"LineString","coordinates":[[136.86349,35.15265],[136.86413,35.15298]]},"properties":{"N02_001":"12","N02_002":"4","N02_003":"名古屋線","N02_004":"近畿日本鉄道"}},{"type":"Feature","geometry":{"type":"LineString","coordinates":[[136.88376,35.16971],[136.88374,35.16901]]},"properties":{"N02_001":"12","N02_002":"4","N02_003":"名古屋線","N02_004":"近畿日本鉄道"}},{"type":"Feature","geometry":{"type":"LineString","coordinates":[[136.82816,35.14035],[136.83026,35.14148],[136.83117,35.14199],[136.83135,35.14209],[136.83151,35.14219],[136.83178,35.14233],[136.83257,35.14275],[136.83284,35.14291],[136.83297,35.14299],[136.83323,35.14314],[136.83407,35.1436],[136.83546,35.14439],[136.83614,35.14477],[136.836332,35.144864],[136.83651,35.14495],[136.83687,35.14515],[136.837,35.14522],[136.83712,35.14528],[136.83724,35.14531],[136.83741,35.14536],[136.83769,35.14543],[136.83789,35.14547],[136.8384,35.14557],[136.839496,35.145839],[136.8395,35.14584],[136.83976,35.14591],[136.84101,35.14619],[136.84159,35.14632],[136.84313,35.14674],[136.84445,35.14711],[136.84475,35.14721],[136.84614,35.14758],[136.84756,35.14794],[136.84963,35.14841],[136.85113,35.14881],[136.85248,35.14913],[136.85328,35.1493],[136.853412,35.149327],[136.853632,35.149373]]},"properties":{"N02_001":"12","N02_002":"4","N02_003":"名古屋線","N02_004":"近畿日本鉄道"}},{"type":"Feature","geometry":{"type":"LineString","coordinates":[[136.88374,35.16901],[136.88374,35.16833],[136.883731,35.168083],[136.883711,35.167539],[136.8837,35.16725],[136.8837,35.167144],[136.8837,35.166734],[136.8837,35.166288],[136.8837,35.16581],[136.88366,35.16553],[136.88357,35.16523],[136.88351,35.16503],[136.88338,35.16482],[136.88304,35.16442],[136.88271,35.16402],[136.88229,35.16355],[136.88186,35.1631],[136.88117,35.16244],[136.88057,35.16184],[136.88041,35.16171],[136.88015,35.16155]]},"properties":{"N02_001":"12","N02_002":"4","N02_003":"名古屋線","N02_004":"近畿日本鉄道"}},{"type":"Feature","geometry":{"type":"LineString","coordinates":[[136.712866,35.106427],[136.71287,35.10643],[136.71637,35.10845],[136.71711,35.10889],[136.71742,35.10907],[136.71904,35.10999],[136.72019,35.11061],[136.72042,35.11073],[136.72249,35.11169],[136.72314,35.11197],[136.72346,35.1121],[136.7238,35.11224],[136.72403,35.11233],[136.72424,35.1124],[136.72465,35.11255],[136.72511,35.11272],[136.72545,35.11285],[136.72577,35.11295],[136.72666,35.11325],[136.72703,35.11337]]},"properties":{"N02_001":"12","N02_002":"4","N02_003":"名古屋線","N02_004":"近畿日本鉄道"}},{"type":"Feature","geometry":{"type":"LineString","coordinates":[[136.87135,35.15662],[136.87168,35.15685],[136.87205,35.15716],[136.87221,35.15734],[136.87246,35.15757],[136.87269,35.15776],[136.87296,35.15795],[136.87334,35.15815],[136.87426,35.15861],[136.87465,35.1588],[136.87551,35.15924],[136.87652,35.15971],[136.87735,35.16011],[136.87759,35.16024],[136.87909,35.16097]]},"properties":{"N02_001":"12","N02_002":"4","N02_003":"名古屋線","N02_004":"近畿日本鉄道"}},{"type":"Feature","geometry":{"type":"LineString","coordinates":[[136.82749,35.13995],[136.82816,35.14035]]},"properties":{"N02_001":"12","N02_002":"4","N02_003":"名古屋線","N02_004":"近畿日本鉄道"}},{"type":"Feature","geometry":{"type":"LineString","coordinates":[[136.7285,35.1138],[136.72956,35.11408],[136.72993,35.11417],[136.73029,35.11426],[136.73184,35.11463],[136.73212,35.11471],[136.73229,35.11474],[136.73276,35.11486],[136.73405,35.11517],[136.73601,35.11565],[136.73762,35.11604],[136.73781,35.11608],[136.73827,35.11619],[136.74015,35.11665],[136.74075,35.1168],[136.74474,35.11773],[136.74706,35.11828],[136.74837,35.11858],[136.74872,35.11866],[136.74908,35.11873],[136.75188,35.11938]]},"properties":{"N02_001":"12","N02_002":"4","N02_003":"名古屋線","N02_004":"近畿日本鉄道"}},{"type":"Feature","geometry":{"type":"LineString","coordinates":[[136.75188,35.11938],[136.75273,35.11958]]},"properties":{"N02_001":"12","N02_002":"4","N02_003":"名古屋線","N02_004":"近畿日本鉄道"}},{"type":"Feature","geometry":{"type":"LineString","coordinates":[[136.79576,35.12978],[136.79755,35.13022],[136.79994,35.13081],[136.80052,35.13094],[136.8022,35.13133],[136.802204,35.131331],[136.80386,35.13172],[136.80541,35.13211],[136.80704,35.1325]]},"properties":{"N02_001":"12","N02_002":"4","N02_003":"名古屋線","N02_004":"近畿日本鉄道"}},{"type":"Feature","geometry":{"type":"LineString","coordinates":[[136.86413,35.15298],[136.8661,35.15385],[136.86809,35.15482],[136.86886,35.15516],[136.86923,35.15536],[136.86952,35.1555],[136.86976,35.15566],[136.87026,35.15593]]},"properties":{"N02_001":"12","N02_002":"4","N02_003":"名古屋線","N02_004":"近畿日本鉄道"}},{"type":"Feature","geometry":{"type":"LineString","coordinates":[[136.77007,35.12364],[136.77083,35.12381],[136.770835,35.123811],[136.77114,35.12388],[136.771143,35.123881],[136.77229,35.12415],[136.77464,35.12474],[136.77517,35.12487],[136.77708,35.12533],[136.77874,35.12571],[136.78044,35.1261],[136.78069,35.12619],[136.78191,35.12649],[136.78406,35.12698],[136.7843,35.12705],[136.78542,35.1273],[136.78583,35.12739],[136.78641,35.12754],[136.78837,35.12799],[136.78919,35.12819],[136.79081,35.12859],[136.79223,35.12891],[136.79467,35.12952]]},"properties":{"N02_001":"12","N02_002":"4","N02_003":"名古屋線","N02_004":"近畿日本鉄道"}},{"type":"Feature","geometry":{"type":"LineString","coordinates":[[136.79467,35.12952],[136.79576,35.12978]]},"properties":{"N02_001":"12","N02_002":"4","N02_003":"名古屋線","N02_004":"近畿日本鉄道"}},{"type":"Feature","geometry":{"type":"LineString","coordinates":[[136.75273,35.11958],[136.755278,35.12018],[136.75528,35.12018],[136.75543,35.12022],[136.75647,35.12046],[136.75989,35.12126],[136.76343,35.12209],[136.76486,35.12243],[136.76532,35.12254],[136.76545,35.12257],[136.76635,35.12279],[136.76867,35.12334]]},"properties":{"N02_001":"12","N02_002":"4","N02_003":"名古屋線","N02_004":"近畿日本鉄道"}},{"type":"Feature","geometry":{"type":"LineString","coordinates":[[136.93275,35.22928],[136.93193,35.22942]]},"properties":{"N02_001":"12","N02_002":"4","N02_003":"城北線","N02_004":"東海交通事業"}},{"type":"Feature","geometry":{"type":"LineString","coordinates":[[136.95298,35.22787],[136.95153,35.22736],[136.95062,35.2272],[136.94895,35.22708],[136.94747,35.22726],[136.94679,35.22734],[136.94618,35.22741],[136.94368,35.22777],[136.94131,35.22811],[136.93853,35.22849],[136.9377,35.2286],[136.937375,35.228645],[136.93275,35.22928]]},"properties":{"N02_001":"12","N02_002":"4","N02_003":"城北線","N02_004":"東海交通事業"}},{"type":"Feature","geometry":{"type":"LineString","coordinates":[[136.95369,35.22818],[136.95298,35.22787]]},"properties":{"N02_001":"12","N02_002":"4","N02_003":"城北線","N02_004":"東海交通事業"}},{"type":"Feature","geometry":{"type":"LineString","coordinates":[[136.9025,35.22858],[136.90209,35.22857],[136.90171,35.22855],[136.90155,35.22854],[136.90146,35.22853],[136.90082,35.22847],[136.90042,35.22841],[136.89996,35.22833],[136.89959,35.22826],[136.89931,35.22819],[136.89878,35.22806],[136.89746,35.22763],[136.89273,35.2261],[136.89112,35.22557],[136.88979,35.22514],[136.88716,35.22422],[136.88563,35.2236],[136.88129,35.22146]]},"properties":{"N02_001":"12","N02_002":"4","N02_003":"城北線","N02_004":"東海交通事業"}},{"type":"Feature","geometry":{"type":"LineString","coordinates":[[136.85557,35.2139],[136.85546,35.21374],[136.85533,35.21353],[136.8552,35.21331],[136.85509,35.21309],[136.85499,35.21289],[136.85486,35.21257],[136.85483,35.21248],[136.85467,35.21204]]},"properties":{"N02_001":"12","N02_002":"4","N02_003":"城北線","N02_004":"東海交通事業"}},{"type":"Feature","geometry":{"type":"LineString","coordinates":[[136.85467,35.21204],[136.85459,35.21182],[136.85451,35.21146],[136.85449,35.21134],[136.85448,35.21132],[136.85443,35.21103],[136.854,35.2081],[136.85381,35.20686],[136.85377,35.20636],[136.85385,35.2058],[136.85395,35.20542],[136.85413,35.20498],[136.85429,35.20473],[136.85469,35.20425],[136.854984,35.203973],[136.85503,35.20393],[136.85536,35.20366],[136.8558,35.20332],[136.85623,35.20304],[136.85628,35.20301],[136.85671,35.20278],[136.85706,35.2026],[136.85744,35.20238],[136.85813,35.20193],[136.86029,35.20038]]},"properties":{"N02_001":"12","N02_002":"4","N02_003":"城北線","N02_004":"東海交通事業"}},{"type":"Feature","geometry":{"type":"LineString","coordinates":[[136.93193,35.22942],[136.9315,35.22948],[136.93088,35.22956],[136.93017,35.22962],[136.92937,35.22969],[136.92852,35.22974],[136.92748,35.22974],[136.92636,35.22969],[136.9252,35.22962],[136.925198,35.22962],[136.925,35.22961],[136.92344,35.22953],[136.9171,35.22923],[136.91332,35.22908],[136.91237,35.22903],[136.91113,35.22897],[136.91009,35.22893],[136.90975,35.22891],[136.90965,35.2289],[136.90432,35.22866],[136.90336,35.22862]]},"properties":{"N02_001":"12","N02_002":"4","N02_003":"城北線","N02_004":"東海交通事業"}},{"type":"Feature","geometry":{"type":"LineString","coordinates":[[136.86029,35.20038],[136.86168,35.19929],[136.86224,35.19879]]},"properties":{"N02_001":"12","N02_002":"4","N02_003":"城北線","N02_004":"東海交通事業"}},{"type":"Feature","geometry":{"type":"LineString","coordinates":[[136.88129,35.22146],[136.88056,35.22109]]},"properties":{"N02_001":"12","N02_002":"4","N02_003":"城北線","N02_004":"東海交通事業"}},{"type":"Feature","geometry":{"type":"LineString","coordinates":[[136.90336,35.22862],[136.9025,35.22858]]},"properties":{"N02_001":"12","N02_002":"4","N02_003":"城北線","N02_004":"東海交通事業"}},{"type":"Feature","geometry":{"type":"LineString","coordinates":[[136.85557,35.2139],[136.85599,35.21446],[136.85631,35.21482],[136.85673,35.21521],[136.85715,35.21557],[136.8577,35.21598],[136.85818,35.2163],[136.85871,35.21657],[136.85903,35.21673],[136.859031,35.21673],[136.85941,35.21691],[136.85977,35.21707]]},"properties":{"N02_001":"12","N02_002":"4","N02_003":"城北線","N02_004":"東海交通事業"}},{"type":"Feature","geometry":{"type":"LineString","coordinates":[[136.86681,35.21774],[136.8648,35.21765],[136.86427,35.21765],[136.86375,35.21763],[136.86288,35.21759],[136.86221,35.21753],[136.86171,35.21747],[136.86106,35.21737],[136.86045,35.21724],[136.85977,35.21707]]},"properties":{"N02_001":"12","N02_002":"4","N02_003":"城北線","N02_004":"東海交通事業"}},{"type":"Feature","geometry":{"type":"LineString","coordinates":[[136.85977,35.21707],[136.86014,35.21725],[136.86045,35.21738],[136.86098,35.21755],[136.86166,35.21768],[136.86224,35.21778],[136.86282,35.21784],[136.86339,35.21788],[136.86427,35.21788],[136.86481,35.21787],[136.86681,35.21774]]},"properties":{"N02_001":"12","N02_002":"4","N02_003":"城北線","N02_004":"東海交通事業"}},{"type":"Feature","geometry":{"type":"LineString","coordinates":[[136.86681,35.21774],[136.86727,35.21776],[136.86961,35.21779],[136.87115,35.21781],[136.87205,35.21794],[136.87338,35.21824],[136.87427,35.21849],[136.87531,35.21882],[136.87571,35.21894],[136.87634,35.21915],[136.87783,35.21976],[136.878497,35.22009],[136.87886,35.22027],[136.879075,35.220373],[136.88056,35.22109]]},"properties":{"N02_001":"12","N02_002":"4","N02_003":"城北線","N02_004":"東海交通事業"}},{"type":"Feature","geometry":{"type":"LineString","coordinates":[[136.882049,35.169764],[136.88197,35.16989],[136.881589,35.170595],[136.881301,35.171128],[136.8813,35.17113],[136.88084,35.17199],[136.88071,35.17227]]},"properties":{"N02_001":"11","N02_002":"2","N02_003":"関西線","N02_004":"東海旅客鉄道"}},{"type":"Feature","geometry":{"type":"LineString","coordinates":[[136.8138,35.1432],[136.81459,35.14331],[136.81507,35.14338],[136.81569,35.14346],[136.81633,35.14356],[136.8171,35.14367],[136.81724,35.14369],[136.81771,35.14376],[136.81832,35.14384],[136.81908,35.14394],[136.81984,35.14404],[136.8202,35.14408],[136.82045,35.1441],[136.82103,35.14407],[136.82171,35.14403],[136.82246,35.14396],[136.82271,35.14393],[136.82371,35.14386],[136.82512,35.14373],[136.82639,35.14361],[136.82659,35.1436],[136.82692,35.14358],[136.82722,35.14355],[136.82777,35.14348],[136.82799,35.14345],[136.82826,35.14344],[136.82854,35.14344],[136.82915,35.14346],[136.82966,35.14353],[136.82987,35.14357],[136.83051,35.14368],[136.8307,35.14373],[136.83124,35.14383],[136.83187,35.14395],[136.83255,35.14406],[136.83367,35.14428],[136.83408,35.14436],[136.83457,35.14447],[136.83516,35.1446],[136.83563,35.14472],[136.836332,35.144864],[136.837,35.145],[136.83769,35.14515],[136.83842,35.14532],[136.839,35.14546],[136.839529,35.1456],[136.83953,35.1456],[136.83984,35.14568],[136.84082,35.14591],[136.84183,35.14615],[136.84279,35.14638],[136.8437,35.14658]]},"properties":{"N02_001":"11","N02_002":"2","N02_003":"関西線","N02_004":"東海旅客鉄道"}},{"type":"Feature","geometry":{"type":"LineString","coordinates":[[136.72479,35.11353],[136.72455,35.1134]]},"properties":{"N02_001":"11","N02_002":"2","N02_003":"関西線","N02_004":"東海旅客鉄道"}},{"type":"Feature","geometry":{"type":"LineString","coordinates":[[136.72455,35.1134],[136.72391,35.11307],[136.72333,35.11278],[136.72143,35.11179],[136.72056,35.11134],[136.72031,35.11122],[136.71916,35.1106],[136.71781,35.10982],[136.71726,35.10951],[136.71693,35.10931],[136.71594,35.10874],[136.71422,35.10772],[136.712554,35.106753]]},"properties":{"N02_001":"11","N02_002":"2","N02_003":"関西線","N02_004":"東海旅客鉄道"}},{"type":"Feature","geometry":{"type":"LineString","coordinates":[[136.76488,35.13309],[136.76394,35.13259]]},"properties":{"N02_001":"11","N02_002":"2","N02_003":"関西線","N02_004":"東海旅客鉄道"}},{"type":"Feature","geometry":{"type":"LineString","coordinates":[[136.8514,35.14858],[136.85095,35.14844]]},"properties":{"N02_001":"11","N02_002":"2","N02_003":"関西線","N02_004":"東海旅客鉄道"}},{"type":"Feature","geometry":{"type":"LineString","coordinates":[[136.81297,35.1431],[136.8138,35.1432]]},"properties":{"N02_001":"11","N02_002":"2","N02_003":"関西線","N02_004":"東海旅客鉄道"}},{"type":"Feature","geometry":{"type":"LineString","coordinates":[[136.8514,35.14858],[136.85193,35.14873],[136.85322,35.14905]]},"properties":{"N02_001":"11","N02_002":"2","N02_003":"関西線","N02_004":"東海旅客鉄道"}},{"type":"Feature","geometry":{"type":"LineString","coordinates":[[136.7269,35.1146],[136.72479,35.11353]]},"properties":{"N02_001":"11","N02_002":"2","N02_003":"関西線","N02_004":"東海旅客鉄道"}},{"type":"Feature","geometry":{"type":"LineString","coordinates":[[136.79412,35.14207],[136.79283,35.14189]]},"properties":{"N02_001":"11","N02_002":"2","N02_003":"関西線","N02_004":"東海旅客鉄道"}},{"type":"Feature","geometry":{"type":"LineString","coordinates":[[136.79283,35.14189],[136.79248,35.14183],[136.79192,35.14175],[136.79164,35.1417],[136.79116,35.14163],[136.79049,35.14152],[136.78994,35.14144],[136.78964,35.14139],[136.78931,35.14133],[136.7891,35.1413],[136.78881,35.14125],[136.78855,35.1412],[136.78837,35.14116],[136.78823,35.14111],[136.7881,35.14108],[136.78789,35.14102],[136.78767,35.14095],[136.78744,35.14088],[136.78702,35.14071],[136.78665,35.14058],[136.78638,35.14049],[136.7859,35.14031],[136.78536,35.14012],[136.78517,35.14006],[136.78484,35.13997],[136.78436,35.13983],[136.78381,35.1397],[136.78336,35.1396],[136.77983,35.13871],[136.77943,35.13858],[136.77876,35.13841],[136.77847,35.13835],[136.77807,35.13824],[136.77747,35.13807],[136.77683,35.1379],[136.77619,35.13772],[136.77593,35.13763],[136.77567,35.13755],[136.77525,35.13739],[136.77467,35.1372],[136.77441,35.13711],[136.77401,35.13697],[136.77323,35.1367],[136.77292,35.1366],[136.77244,35.13646],[136.77198,35.13632],[136.77192,35.1363],[136.771918,35.136299],[136.77167,35.1362],[136.77105,35.13599],[136.77042,35.13577],[136.7702,35.1357],[136.76983,35.13558],[136.76963,35.1355],[136.76935,35.13539],[136.76908,35.13529],[136.7688,35.13516],[136.76857,35.13505],[136.76825,35.13489],[136.76793,35.13472],[136.76745,35.13445],[136.76687,35.13415],[136.76628,35.13385],[136.76559,35.1335],[136.76524,35.13331],[136.76488,35.13309]]},"properties":{"N02_001":"11","N02_002":"2","N02_003":"関西線","N02_004":"東海旅客鉄道"}},{"type":"Feature","geometry":{"type":"LineString","coordinates":[[136.8437,35.14658],[136.84383,35.14661],[136.8454,35.1469],[136.84591,35.14705],[136.84821,35.14763],[136.84993,35.14813],[136.85095,35.14844]]},"properties":{"N02_001":"11","N02_002":"2","N02_003":"関西線","N02_004":"東海旅客鉄道"}},{"type":"Feature","geometry":{"type":"LineString","coordinates":[[136.8437,35.14658],[136.8451,35.14699],[136.84592,35.14729],[136.8473,35.14764],[136.8486,35.14798],[136.84927,35.14814],[136.84995,35.14826],[136.85095,35.14844]]},"properties":{"N02_001":"11","N02_002":"2","N02_003":"関西線","N02_004":"東海旅客鉄道"}},{"type":"Feature","geometry":{"type":"LineString","coordinates":[[136.81297,35.1431],[136.81223,35.14302],[136.8117,35.14295],[136.81122,35.14291],[136.81089,35.14288],[136.81008,35.14282],[136.8088,35.14274],[136.8074,35.14264],[136.80617,35.14257],[136.80599,35.14256],[136.80567,35.14254],[136.80541,35.14252],[136.80471,35.14247],[136.804,35.14242],[136.80344,35.14239],[136.80279,35.14238],[136.80243,35.14238],[136.8022,35.14238],[136.80197,35.1424],[136.80132,35.14247],[136.80088,35.1425],[136.80062,35.14252],[136.800618,35.142521],[136.80059,35.14253],[136.80038,35.14255],[136.80005,35.14258],[136.79977,35.14261],[136.79922,35.14264],[136.7989,35.14266],[136.79857,35.14264],[136.79837,35.14262],[136.79806,35.1426],[136.79719,35.14249],[136.79447,35.14211],[136.79412,35.14207]]},"properties":{"N02_001":"11","N02_002":"2","N02_003":"関西線","N02_004":"東海旅客鉄道"}},{"type":"Feature","geometry":{"type":"LineString","coordinates":[[136.76394,35.13259],[136.76374,35.1325],[136.76346,35.13237],[136.7632,35.13226],[136.76289,35.13215],[136.76269,35.13207],[136.76226,35.13191],[136.76205,35.13185],[136.76172,35.13174],[136.76141,35.13166],[136.76101,35.13159],[136.76029,35.1315],[136.75925,35.13137],[136.75862,35.13129],[136.75833,35.13125],[136.75693,35.13107],[136.7567,35.13104],[136.75645,35.13099],[136.7563,35.13095],[136.75599,35.13088],[136.75582,35.13083],[136.75568,35.13078],[136.7554,35.13068],[136.75527,35.13064],[136.75504,35.13054],[136.75474,35.13042],[136.75445,35.13028],[136.75426,35.13018],[136.75408,35.13008],[136.75382,35.12994],[136.75356,35.12977],[136.75336,35.12962],[136.75305,35.12937],[136.75286,35.1292],[136.75271,35.12907],[136.75257,35.12895],[136.75188,35.12818],[136.75113,35.1273],[136.750711,35.126831],[136.75071,35.12683],[136.75045,35.12652],[136.74986,35.12581],[136.74955,35.12547],[136.74908,35.12493],[136.74891,35.12475],[136.74879,35.12463],[136.74858,35.12444],[136.74831,35.12424],[136.7476,35.12379],[136.74706,35.12344],[136.74684,35.1233],[136.74654,35.12313],[136.74521,35.12232],[136.74466,35.12201],[136.74413,35.12178],[136.74341,35.12148],[136.74315,35.12137],[136.74288,35.12127],[136.74089,35.1205],[136.73825,35.11949],[136.73595,35.11861],[136.73189,35.11706],[136.73163,35.11695],[136.73087,35.11663],[136.73014,35.11628],[136.72873,35.11555],[136.72858,35.11546],[136.72832,35.11532],[136.728,35.11517],[136.7269,35.1146]]},"properties":{"N02_001":"11","N02_002":"2","N02_003":"関西線","N02_004":"東海旅客鉄道"}},{"type":"Feature","geometry":{"type":"LineString","coordinates":[[136.85322,35.14905],[136.853379,35.149083],[136.85389,35.14919],[136.85496,35.14945],[136.85591,35.14964],[136.85715,35.14995],[136.85771,35.1501],[136.85841,35.15028],[136.8587,35.15037],[136.85895,35.15044],[136.85926,35.15055],[136.85963,35.15068],[136.85999,35.15082],[136.86033,35.15096],[136.86088,35.15118],[136.86137,35.15142],[136.86142,35.15145],[136.86209,35.15176],[136.86326,35.15229],[136.86434,35.15279],[136.86457,35.1529],[136.86587,35.15348],[136.86758,35.15428],[136.86868,35.15475],[136.8695,35.15511],[136.8702,35.15541]]},"properties":{"N02_001":"11","N02_002":"2","N02_003":"関西線","N02_004":"東海旅客鉄道"}},{"type":"Feature","geometry":{"type":"LineString","coordinates":[[136.8702,35.15541],[136.87064,35.15559],[136.87189,35.15613],[136.87205,35.15621],[136.87253,35.15651],[136.87298,35.15677],[136.87363,35.15715],[136.87389,35.15729],[136.87441,35.15753]]},"properties":{"N02_001":"11","N02_002":"2","N02_003":"関西線","N02_004":"東海旅客鉄道"}},{"type":"Feature","geometry":{"type":"LineString","coordinates":[[136.87441,35.15753],[136.87471,35.15775],[136.87491,35.15791],[136.87504,35.15801],[136.87521,35.15814],[136.87551,35.15833],[136.87592,35.15854],[136.87611,35.15863],[136.87712,35.1591],[136.87824,35.15967],[136.87877,35.15994],[136.87932,35.16028],[136.87974,35.16056],[136.88043,35.16102],[136.8805,35.16108],[136.88096,35.16148],[136.88189,35.16238],[136.88282,35.16322],[136.883356,35.163686],[136.88374,35.16402],[136.88393,35.16423],[136.884067,35.164406],[136.884287,35.165044],[136.884297,35.165299],[136.884275,35.165489],[136.884234,35.165844],[136.884114,35.166268],[136.884024,35.16654],[136.8837,35.167144],[136.883318,35.167857],[136.88251,35.169178],[136.882049,35.169764]]},"properties":{"N02_001":"11","N02_002":"2","N02_003":"関西線","N02_004":"東海旅客鉄道"}},{"type":"Feature","geometry":{"type":"LineString","coordinates":[[137.00939,35.25601],[137.00849,35.25554],[137.00732,35.25492],[137.00668,35.25459],[137.00627,35.25436],[137.00419,35.25322],[137.00058,35.25131],[136.99704,35.24949],[136.99528,35.24853],[136.99507,35.24841],[136.99442,35.24805],[136.9919,35.24667],[136.9898,35.24552],[136.98722,35.24411],[136.9865,35.24372]]},"properties":{"N02_001":"11","N02_002":"2","N02_003":"中央線","N02_004":"東海旅客鉄道"}},{"type":"Feature","geometry":{"type":"LineString","coordinates":[[137.04168,35.26436],[137.03969,35.26423],[137.03808,35.26418],[137.03755,35.26417],[137.03743,35.26417],[137.03711,35.26416],[137.03243,35.26402],[137.0301,35.26394],[137.02934,35.26389],[137.02802,35.26382],[137.02596,35.26359],[137.02428,35.26334],[137.02295,35.26302],[137.02189,35.26267],[137.02111,35.26235],[137.02011,35.26184],[137.01895,35.26122],[137.01824,35.26084],[137.01626,35.25975],[137.01243,35.25767],[137.01154,35.25718]]},"properties":{"N02_001":"11","N02_002":"2","N02_003":"中央線","N02_004":"東海旅客鉄道"}},{"type":"Feature","geometry":{"type":"LineString","coordinates":[[137.08116,35.27872],[137.08073,35.27722]]},"properties":{"N02_001":"11","N02_002":"2","N02_003":"中央線","N02_004":"東海旅客鉄道"}},{"type":"Feature","geometry":{"type":"LineString","coordinates":[[137.01154,35.25718],[137.00939,35.25601]]},"properties":{"N02_001":"11","N02_002":"2","N02_003":"中央線","N02_004":"東海旅客鉄道"}},{"type":"Feature","geometry":{"type":"LineString","coordinates":[[137.092422,35.292473],[137.09242,35.29247],[137.0922,35.29221],[137.09171,35.29161],[137.09093,35.29068],[137.08991,35.28944],[137.0887,35.28798],[137.08856,35.28781],[137.08797,35.2871],[137.08745,35.28649],[137.08617,35.28494],[137.08567,35.28435],[137.08537,35.284],[137.08498,35.28353],[137.08464,35.28313],[137.08398,35.28235],[137.08356,35.28183],[137.08316,35.28139],[137.08281,35.28094],[137.08241,35.28051],[137.08227,35.28039],[137.08196,35.28002],[137.08165,35.27962],[137.08149,35.27937],[137.08133,35.27906],[137.08116,35.27872]]},"properties":{"N02_001":"11","N02_002":"2","N02_003":"中央線","N02_004":"東海旅客鉄道"}},{"type":"Feature","geometry":{"type":"LineString","coordinates":[[136.98365,35.24234],[136.98284,35.24201],[136.98142,35.24149],[136.98044,35.24114],[136.98003,35.24101],[136.97729,35.23999],[136.97244,35.23817],[136.97226,35.2381],[136.97212,35.23804],[136.97139,35.23777],[136.96647,35.23588],[136.96436,35.23509],[136.96386,35.23488],[136.96324,35.23459],[136.96287,35.23442],[136.96248,35.23416],[136.96064,35.2329],[136.95759,35.23068]]},"properties":{"N02_001":"11","N02_002":"2","N02_003":"中央線","N02_004":"東海旅客鉄道"}},{"type":"Feature","geometry":{"type":"LineString","coordinates":[[136.9865,35.24372],[136.9855,35.24321],[136.98416,35.24258],[136.98365,35.24234]]},"properties":{"N02_001":"11","N02_002":"2","N02_003":"中央線","N02_004":"東海旅客鉄道"}},{"type":"Feature","geometry":{"type":"LineString","coordinates":[[137.04483,35.26444],[137.04168,35.26436]]},"properties":{"N02_001":"11","N02_002":"2","N02_003":"中央線","N02_004":"東海旅客鉄道"}},{"type":"Feature","geometry":{"type":"LineString","coordinates":[[137.08073,35.27722],[137.08051,35.27662],[137.08036,35.27623],[137.08012,35.27574],[137.07989,35.27536],[137.0797,35.27505],[137.07904,35.27396],[137.07874,35.27345],[137.07846,35.27297],[137.07833,35.27282],[137.07788,35.27237],[137.07727,35.27182],[137.07674,35.27146],[137.07561,35.27075],[137.07373,35.26962],[137.07317,35.26929],[137.0713,35.2682],[137.07067,35.26787],[137.06976,35.26746],[137.06944,35.26735],[137.06843,35.26712],[137.06808,35.26708],[137.06744,35.26704],[137.06653,35.26702],[137.06353,35.267],[137.06314,35.267],[137.05991,35.26699],[137.0588,35.26693],[137.058,35.26684],[137.05735,35.26674],[137.05691,35.26659],[137.05584,35.26621],[137.0554,35.26597],[137.05458,35.26552],[137.0533,35.26483],[137.05282,35.26465],[137.05233,35.26452],[137.05181,35.26442],[137.05143,35.26443],[137.0501,35.26444],[137.04874,35.26448],[137.04769,35.26449],[137.04483,35.26444]]},"properties":{"N02_001":"11","N02_002":"2","N02_003":"中央線","N02_004":"東海旅客鉄道"}},{"type":"Feature","geometry":{"type":"LineString","coordinates":[[136.93194,35.17182],[136.930758,35.170568],[136.93025,35.17003]]},"properties":{"N02_001":"11","N02_002":"2","N02_003":"中央線","N02_004":"東海旅客鉄道"}},{"type":"Feature","geometry":{"type":"LineString","coordinates":[[136.8998,35.14362],[136.901375,35.143133],[136.9019,35.14297]]},"properties":{"N02_001":"11","N02_002":"2","N02_003":"中央線","N02_004":"東海旅客鉄道"}},{"type":"Feature","geometry":{"type":"LineString","coordinates":[[136.91739,35.15614],[136.91896,35.15785]]},"properties":{"N02_001":"11","N02_002":"2","N02_003":"中央線","N02_004":"東海旅客鉄道"}},{"type":"Feature","geometry":{"type":"LineString","coordinates":[[136.94973,35.20522],[136.95005,35.20572],[136.95017,35.20592],[136.951,35.2073]]},"properties":{"N02_001":"11","N02_002":"2","N02_003":"中央線","N02_004":"東海旅客鉄道"}},{"type":"Feature","geometry":{"type":"LineString","coordinates":[[136.9019,35.14297],[136.90224,35.14293],[136.90279,35.14288],[136.90326,35.14291],[136.90373,35.14296],[136.9041,35.14302],[136.90438,35.14306],[136.90458,35.1431],[136.90464,35.14312],[136.90468,35.14313],[136.90472,35.14314],[136.90477,35.14316],[136.90486,35.1432],[136.90508,35.1433],[136.90555,35.14355],[136.90578,35.14371],[136.90597,35.14385],[136.9062,35.14407],[136.90645,35.14432],[136.90728,35.14522],[136.90864,35.1467],[136.90944,35.14756],[136.90965,35.14778],[136.90979,35.14793],[136.91,35.14816],[136.91027,35.14846],[136.91036,35.14855],[136.91097,35.1492],[136.9115,35.14978],[136.91195,35.15027],[136.91278,35.15116],[136.91375,35.15221],[136.9143,35.1528],[136.91482,35.15337],[136.91542,35.15402],[136.91607,35.15475],[136.91662,35.1553],[136.917134,35.155866],[136.91732,35.15607],[136.91739,35.15614]]},"properties":{"N02_001":"11","N02_002":"2","N02_003":"中央線","N02_004":"東海旅客鉄道"}},{"type":"Feature","geometry":{"type":"LineString","coordinates":[[136.95759,35.23068],[136.95533,35.22912]]},"properties":{"N02_001":"11","N02_002":"2","N02_003":"中央線","N02_004":"東海旅客鉄道"}},{"type":"Feature","geometry":{"type":"LineString","coordinates":[[136.91896,35.15785],[136.91904,35.15793],[136.91963,35.15858],[136.92022,35.15921],[136.92075,35.1598],[136.92109,35.16016],[136.92119,35.16027],[136.92145,35.16054],[136.92199,35.16113],[136.9221,35.16125],[136.92237,35.16154],[136.92248,35.16166],[136.92276,35.16197],[136.92324,35.16249],[136.92362,35.16291],[136.92429,35.16362],[136.92494,35.16435],[136.92545,35.16491],[136.92598,35.16547],[136.92638,35.16592],[136.92653,35.16609],[136.92662,35.16618],[136.92674,35.16631],[136.927185,35.166778],[136.9277,35.16732],[136.92836,35.16804],[136.92916,35.16886],[136.92958,35.16933],[136.92974,35.16949],[136.92997,35.16973],[136.929971,35.169731],[136.930108,35.169878],[136.93011,35.16988],[136.93013,35.1699],[136.93025,35.17003]]},"properties":{"N02_001":"11","N02_002":"2","N02_003":"中央線","N02_004":"東海旅客鉄道"}},{"type":"Feature","geometry":{"type":"LineString","coordinates":[[136.8824,35.16994],[136.88242,35.16989],[136.88273,35.16937],[136.88297,35.1689],[136.88309,35.16869],[136.88353,35.1679],[136.883711,35.167539],[136.88379,35.16738],[136.88417,35.1666],[136.88459,35.16572],[136.885,35.16473],[136.88524,35.16407],[136.885378,35.163566],[136.88541,35.16345],[136.88561,35.16275],[136.88577,35.16211],[136.88601,35.16116],[136.88612,35.16072],[136.88637,35.15967],[136.8865,35.15917],[136.88658,35.15881],[136.88668,35.15845],[136.88687,35.15768],[136.88714,35.15649],[136.88769,35.15431],[136.88786,35.15361],[136.88798,35.15306],[136.88808,35.15248],[136.88821,35.15164],[136.88828,35.15126],[136.88834,35.15087],[136.88839,35.15078],[136.88842,35.15072],[136.8885,35.15059],[136.88864,35.15036],[136.88884,35.15004],[136.889107,35.149799],[136.889439,35.149499],[136.88957,35.14938],[136.88985,35.14908],[136.89045,35.14821],[136.89065,35.14796],[136.89095,35.14765],[136.8915,35.14714],[136.89202,35.14672],[136.89247,35.14639],[136.89265,35.14626],[136.89293,35.14609],[136.89341,35.14586],[136.89435,35.14548],[136.894726,35.145342],[136.89473,35.14534],[136.89532,35.14511],[136.89562,35.14499],[136.89731,35.14441],[136.89777,35.14425],[136.89791,35.1442],[136.89869,35.14396],[136.8998,35.14362]]},"properties":{"N02_001":"11","N02_002":"2","N02_003":"中央線","N02_004":"東海旅客鉄道"}},{"type":"Feature","geometry":{"type":"LineString","coordinates":[[136.8824,35.16994],[136.882008,35.170712],[136.8818,35.17112],[136.881798,35.171123],[136.88137,35.17197],[136.88108,35.17258]]},"properties":{"N02_001":"11","N02_002":"2","N02_003":"中央線","N02_004":"東海旅客鉄道"}},{"type":"Feature","geometry":{"type":"LineString","coordinates":[[136.95533,35.22912],[136.95414,35.22829],[136.95338,35.22774],[136.95284,35.22727],[136.95264,35.22706],[136.95236,35.22667],[136.9522,35.22645],[136.95209,35.22628],[136.952,35.22601],[136.95178,35.22531],[136.95169,35.22494],[136.9516,35.22421],[136.95159,35.22383],[136.95164,35.22338],[136.95169,35.22281],[136.95175,35.22256],[136.9518,35.22236],[136.95268,35.21847],[136.95277,35.21797],[136.952959,35.217133],[136.95296,35.21713],[136.95325,35.21589],[136.95333,35.21541],[136.95338,35.21522],[136.9535,35.21449],[136.95356,35.21407],[136.95359,35.21364],[136.9536,35.21331],[136.9536,35.2131],[136.95357,35.21283],[136.95355,35.21261],[136.95351,35.21241],[136.95347,35.21224],[136.95325,35.21156],[136.95308,35.21115],[136.95297,35.21093],[136.95287,35.21072],[136.95259,35.21016],[136.95204,35.20911],[136.95117,35.2076],[136.951,35.2073]]},"properties":{"N02_001":"11","N02_002":"2","N02_003":"中央線","N02_004":"東海旅客鉄道"}},{"type":"Feature","geometry":{"type":"LineString","coordinates":[[136.93718,35.18809],[136.93717,35.18696],[136.93717,35.18646],[136.93717,35.18614],[136.93717,35.18595],[136.93715,35.18343],[136.93711,35.18043],[136.93708,35.17957],[136.93705,35.17892],[136.93702,35.17861],[136.93694,35.17824],[136.93685,35.17791],[136.93663,35.17732],[136.93628,35.17658],[136.93603,35.17619],[136.93574,35.1758],[136.93514,35.17515],[136.93432,35.17429],[136.93355,35.17349],[136.932809,35.172724],[136.93266,35.17257],[136.93194,35.17182]]},"properties":{"N02_001":"11","N02_002":"2","N02_003":"中央線","N02_004":"東海旅客鉄道"}},{"type":"Feature","geometry":{"type":"LineString","coordinates":[[136.94973,35.20522],[136.94874,35.20357],[136.94863,35.20342],[136.94854,35.20327],[136.9478,35.20224],[136.94767,35.2021],[136.94731,35.20167],[136.94686,35.20124],[136.94605,35.20057],[136.94586,35.20041],[136.94471,35.19964],[136.94405,35.19922],[136.944046,35.199217],[136.94337,35.19878],[136.9427,35.19836],[136.94258,35.19828],[136.94236,35.19813],[136.94227,35.19807],[136.94102,35.19724],[136.94091,35.19717],[136.9408,35.19709],[136.94067,35.197],[136.9405,35.19688],[136.93969,35.19631],[136.93937,35.19599],[136.939231,35.195841],[136.93923,35.19584],[136.93893,35.19559],[136.93868,35.19537],[136.93843,35.19505],[136.93837,35.19496],[136.93827,35.19482],[136.938047,35.194525],[136.93799,35.19445],[136.937817,35.194093],[136.93767,35.19379],[136.93759,35.19362],[136.9375,35.19343],[136.937453,35.193279],[136.93735,35.19295],[136.93731,35.19278],[136.93726,35.19248],[136.937253,35.19241],[136.93721,35.19199],[136.9372,35.19136],[136.93718,35.19085]]},"properties":{"N02_001":"11","N02_002":"2","N02_003":"中央線","N02_004":"東海旅客鉄道"}},{"type":"Feature","geometry":{"type":"LineString","coordinates":[[136.93718,35.19085],[136.93718,35.18809]]},"properties":{"N02_001":"11","N02_002":"2","N02_003":"中央線","N02_004":"東海旅客鉄道"}},{"type":"Feature","geometry":{"type":"LineString","coordinates":[[136.84975,35.17912],[136.85322,35.1817],[136.85342,35.18185],[136.85406,35.18233],[136.85487,35.18296],[136.85502,35.18307],[136.85537,35.18328],[136.85663,35.18406],[136.85983,35.18605],[136.86073,35.18663],[136.86102,35.18673],[136.86157,35.18683],[136.86227,35.18694],[136.86505,35.187],[136.86643,35.18701],[136.86738,35.18698],[136.8678,35.18692],[136.86838,35.18677],[136.86873,35.18665],[136.86888,35.18659],[136.86907,35.1865],[136.86954,35.18628]]},"properties":{"N02_001":"11","N02_002":"1","N02_003":"東海道新幹線","N02_004":"東海旅客鉄道"}},{"type":"Feature","geometry":{"type":"LineString","coordinates":[[136.88027,35.17229],[136.88023,35.17244],[136.87983,35.1737],[136.87981,35.17378],[136.87978,35.17386],[136.87964,35.17423],[136.87959,35.17434],[136.87938,35.17487],[136.87934,35.17497],[136.87809,35.1775],[136.878063,35.177544],[136.87747,35.17852],[136.87706,35.17906],[136.87628,35.17995],[136.87495,35.18128],[136.87371,35.18252],[136.87364,35.18259],[136.87338,35.18285],[136.87328,35.18294],[136.87275,35.18346],[136.87205,35.18405],[136.86954,35.18628]]},"properties":{"N02_001":"11","N02_002":"1","N02_003":"東海道新幹線","N02_004":"東海旅客鉄道"}},{"type":"Feature","geometry":{"type":"LineString","coordinates":[[136.88194,35.16874],[136.88129,35.16989],[136.881058,35.17042],[136.88033,35.17208],[136.88027,35.17229]]},"properties":{"N02_001":"11","N02_002":"1","N02_003":"東海道新幹線","N02_004":"東海旅客鉄道"}},{"type":"Feature","geometry":{"type":"LineString","coordinates":[[136.725223,35.294979],[136.72551,35.29485],[136.72673,35.29432],[136.72792,35.29381],[136.7294,35.29317],[136.73164,35.29221],[136.73267,35.29177],[136.73375,35.29131],[136.7347,35.2909],[136.73559,35.29052],[136.73639,35.29014],[136.73769,35.28949],[136.73805,35.28932],[136.73855,35.28904],[136.73885,35.28886],[136.73968,35.28836],[136.7401,35.2881],[136.74032,35.28793],[136.74092,35.28754],[136.74149,35.28715],[136.74189,35.28684],[136.7424,35.28643],[136.74324,35.28572],[136.74409,35.28493],[136.74456,35.28444],[136.74484,35.28413],[136.74529,35.28365],[136.74579,35.28308],[136.7464,35.28229],[136.74694,35.28154],[136.74706,35.28138],[136.74755,35.28068],[136.74841,35.27938],[136.74851,35.27924],[136.74934,35.27804],[136.74979,35.27739],[136.75059,35.27622],[136.75116,35.2754],[136.75127,35.27525],[136.75136,35.27514],[136.75241,35.27361],[136.75346,35.27209],[136.75355,35.271963],[136.75365,35.27182],[136.7544,35.27078],[136.75506,35.26981],[136.75613,35.26827],[136.75637,35.26791],[136.75656,35.26765],[136.75702,35.26699],[136.757021,35.266988],[136.75716,35.26678],[136.75746,35.26633],[136.75766,35.26604],[136.75846,35.26488],[136.75874,35.26447],[136.75895,35.26416],[136.75948,35.26338],[136.7596,35.26321],[136.75973,35.26301],[136.76015,35.26239],[136.76041,35.26201],[136.76089,35.2613],[136.7611,35.26103],[136.76229,35.25932],[136.76258,35.2589],[136.76291,35.25844],[136.76356,35.25751],[136.76412,35.25671],[136.76484,35.25567],[136.76564,35.25453],[136.76628,35.25366],[136.76655,35.25325],[136.76658,35.25321],[136.76672,35.25295],[136.76685,35.25272],[136.7669,35.25264],[136.76698,35.25253],[136.76774,35.2514],[136.76787,35.25122],[136.76833,35.2506],[136.76846,35.25041],[136.769,35.24967],[136.76915,35.24946],[136.76964,35.24878],[136.76977,35.24861],[136.77032,35.24787],[136.77059,35.24753],[136.77074,35.24733],[136.77129,35.24666],[136.77143,35.24649],[136.77254,35.24524],[136.77337,35.2444],[136.77423,35.24363],[136.77521,35.24283],[136.77638,35.24196],[136.7775,35.24116],[136.77828,35.24067],[136.77913,35.24018],[136.78065,35.23937],[136.7808,35.2393],[136.78122,35.23908],[136.78199,35.23872],[136.78308,35.23821],[136.78542,35.23707],[136.78555,35.237],[136.78706,35.23629],[136.7895,35.23511],[136.78987,35.23495],[136.79019,35.23478],[136.79064,35.23457],[136.79097,35.23443],[136.79136,35.23423],[136.79169,35.23406],[136.79279,35.23356],[136.79304,35.23343],[136.79396,35.23297],[136.79411,35.23291],[136.79428,35.23284],[136.79529,35.23235],[136.7955,35.23224],[136.79644,35.23179],[136.79687,35.2316],[136.79726,35.2314],[136.80221,35.22907],[136.80268,35.22887],[136.80362,35.2285],[136.80452,35.22818],[136.80543,35.22787],[136.80626,35.2276],[136.80683,35.22741],[136.80726,35.22729],[136.80802,35.22707],[136.80878,35.22689],[136.81037,35.22659],[136.81187,35.22634],[136.81297,35.22618],[136.81529,35.22592],[136.81619,35.22582],[136.81644,35.2258],[136.81754,35.22567],[136.81939,35.225476],[136.82002,35.22541],[136.82131,35.22529],[136.82239,35.22516],[136.8227,35.22513],[136.82358,35.22501],[136.82395,35.22497],[136.82494,35.22482],[136.82526,35.22478],[136.82622,35.22463],[136.82652,35.22458],[136.82748,35.22437],[136.82778,35.2243],[136.8287,35.22405],[136.82906,35.22395],[136.8302,35.22363],[136.83128,35.22329],[136.83209,35.22298],[136.83336,35.22243],[136.83414,35.22205],[136.834145,35.222048],[136.83466,35.22179],[136.83502,35.22161],[136.83527,35.22147],[136.837,35.22054],[136.83779,35.22004],[136.83875,35.2193],[136.83937,35.21884],[136.84008,35.21821],[136.84094,35.21739],[136.84161,35.21667],[136.84224,35.21595],[136.84308,35.21504],[136.84338,35.21469],[136.84551,35.21225],[136.84582,35.21189],[136.8477,35.20969],[136.84786,35.2095],[136.84884,35.20835],[136.84945,35.20769],[136.84964,35.2075],[136.8503,35.20685],[136.85103,35.20619],[136.85126,35.20601],[136.85191,35.20548],[136.85246,35.20506],[136.85365,35.20422],[136.85488,35.20345],[136.85544,35.20312],[136.85604,35.20278],[136.85651,35.20252],[136.85738,35.20204],[136.85793,35.2017],[136.85811,35.20158],[136.85831,35.20147],[136.85942,35.20072],[136.85999,35.20029],[136.86041,35.19996],[136.8609,35.1995],[136.86154,35.19887],[136.862,35.19834],[136.86253,35.19767],[136.86299,35.19701],[136.86358,35.1961],[136.86412,35.19517],[136.864235,35.194947],[136.86457,35.1943],[136.86497,35.19339],[136.8651,35.1931],[136.86542,35.19233],[136.86574,35.1916],[136.86597,35.19106],[136.86627,35.19034],[136.86661,35.18964],[136.86702,35.189],[136.86756,35.18831],[136.86848,35.18731],[136.86903,35.18677],[136.86954,35.18628]]},"properties":{"N02_001":"11","N02_002":"1","N02_003":"東海道新幹線","N02_004":"東海旅客鉄道"}},{"type":"Feature","geometry":{"type":"LineString","coordinates":[[137.38196,34.76133],[137.38247,34.7603],[137.38256,34.76012],[137.38367,34.75789],[137.38468,34.75605],[137.38599,34.75399],[137.38627,34.75359],[137.38645,34.75329],[137.38662,34.75305],[137.387,34.75257],[137.38744,34.75209],[137.38761,34.75191],[137.38815,34.7513],[137.389005,34.75035],[137.38923,34.7501],[137.39014,34.74903],[137.39077,34.74833],[137.3915,34.7476],[137.39185,34.74727],[137.39256,34.74667],[137.39347,34.74599],[137.39399,34.74562],[137.39456,34.74524],[137.39467,34.74516],[137.39546,34.74464],[137.39571,34.74448],[137.39588,34.74437],[137.39648,34.744],[137.39667,34.74388],[137.39733,34.74347],[137.39747,34.74339],[137.39765,34.74329],[137.39767,34.74328],[137.39909,34.7424],[137.40032,34.74163],[137.40135,34.74099],[137.40345,34.7397],[137.40356,34.73963],[137.4037,34.73955],[137.40676,34.73766],[137.40699,34.73751],[137.40713,34.73743],[137.40833,34.73671],[137.40932,34.73608],[137.41143,34.73477],[137.41199,34.73444],[137.4122,34.73432],[137.41231,34.73425],[137.41435,34.73297],[137.41446,34.7329],[137.41508,34.73253],[137.41596,34.73205],[137.41631,34.73185],[137.4168,34.73162],[137.41738,34.73135],[137.41858,34.7308],[137.41924,34.73052],[137.41975,34.73034],[137.42066,34.73007],[137.42184,34.72972],[137.42416,34.72909],[137.42426,34.72907],[137.42543,34.72878],[137.42719,34.72832],[137.43045,34.72753],[137.43247,34.72703],[137.43487,34.72645],[137.43522,34.72637],[137.44051,34.72509],[137.44232,34.72466],[137.44253,34.72462],[137.44433,34.72419],[137.44448,34.72416],[137.44457,34.72413],[137.44682,34.72363],[137.44705,34.72357],[137.44789,34.72338],[137.44842,34.72324],[137.44862,34.7232],[137.45137,34.72255],[137.4516,34.72249],[137.45519,34.72165],[137.45525,34.72164],[137.4554,34.7216],[137.45609,34.72144],[137.45712,34.7212],[137.45942,34.72066],[137.45962,34.72061],[137.4597,34.72059],[137.46074,34.72035],[137.46135,34.72021],[137.46343,34.71971],[137.46371,34.71965],[137.46411,34.71955],[137.46562,34.7192],[137.46582,34.71916],[137.46684,34.71892],[137.46705,34.71887],[137.46793,34.71867],[137.46801,34.71865],[137.46814,34.71862],[137.46904,34.71841],[137.46926,34.71835],[137.47141,34.71785],[137.47161,34.7178],[137.47162,34.7178],[137.47304,34.71746],[137.47328,34.71741],[137.47431,34.71716],[137.47452,34.71711],[137.47559,34.71686],[137.47581,34.71681],[137.47668,34.7166],[137.4771,34.7165],[137.47731,34.71646],[137.47883,34.7161],[137.48009,34.71578],[137.48142,34.71549],[137.48162,34.71545],[137.48487,34.71469],[137.48522,34.71461],[137.48584,34.71446],[137.48609,34.7144],[137.48713,34.71416],[137.48735,34.71411],[137.48766,34.71404],[137.48854,34.71382],[137.488542,34.71382]]},"properties":{"N02_001":"11","N02_002":"1","N02_003":"東海道新幹線","N02_004":"東海旅客鉄道"}},{"type":"Feature","geometry":{"type":"LineString","coordinates":[[137.38196,34.76133],[137.38034,34.76445]]},"properties":{"N02_001":"11","N02_002":"1","N02_003":"東海道新幹線","N02_004":"東海旅客鉄道"}},{"type":"Feature","geometry":{"type":"LineString","coordinates":[[137.38034,34.76445],[137.38018,34.76476],[137.37977,34.7655],[137.37935,34.76626],[137.37888,34.7671],[137.37849,34.76781],[137.37808,34.76852],[137.37801,34.76864],[137.37787,34.76888],[137.37773,34.76911],[137.37736,34.76974],[137.37707,34.77019],[137.37679,34.77062],[137.37648,34.77106],[137.37632,34.77129],[137.37614,34.77153],[137.3759,34.77184],[137.37576,34.77201],[137.37561,34.77219],[137.37532,34.77254],[137.37479,34.77312],[137.37437,34.77359],[137.37402,34.77396],[137.37362,34.77438],[137.37322,34.77475],[137.373,34.77497],[137.37258,34.77534],[137.37224,34.7756],[137.37215,34.77568],[137.37206,34.77575],[137.37201,34.77579],[137.37149,34.77622],[137.3709,34.77673],[137.37079,34.77682],[137.37073,34.77687],[137.37041,34.77714],[137.36999,34.77751],[137.36855,34.77876],[137.36717,34.77996],[137.36675,34.78033],[137.36639,34.78064],[137.36631,34.78071],[137.36618,34.78083],[137.36566,34.78128],[137.36492,34.78189],[137.36428,34.78238],[137.3634,34.78304],[137.36319,34.7832],[137.3631,34.78326],[137.36265,34.78358],[137.36238,34.78376],[137.3622,34.78388],[137.3619,34.78405],[137.36151,34.78427],[137.36131,34.78438],[137.36113,34.78447],[137.36096,34.78455],[137.36054,34.78478],[137.35966,34.78521],[137.35936,34.78536],[137.35908,34.7855],[137.35837,34.78581],[137.35737,34.78624],[137.35707,34.78637],[137.35651,34.78659],[137.35618,34.78673],[137.35599,34.78681],[137.35581,34.78688],[137.35532,34.78708],[137.35492,34.78725],[137.354916,34.787252],[137.35456,34.7874],[137.35381,34.78773],[137.35334,34.78792],[137.353,34.78807],[137.35249,34.78826],[137.3517,34.78859],[137.35085,34.78894],[137.35028,34.78917],[137.35013,34.78923],[137.34992,34.78932],[137.34965,34.78944],[137.34941,34.78953],[137.349409,34.78953],[137.34932,34.78957],[137.34918,34.78962],[137.34883,34.78977],[137.34841,34.78995],[137.34822,34.79003],[137.34772,34.79023],[137.34739,34.79037],[137.34691,34.79057],[137.346906,34.790571],[137.34685,34.79059],[137.34673,34.79064],[137.3465,34.79073],[137.34608,34.79091],[137.34591,34.79098],[137.34516,34.79127],[137.34476,34.79144],[137.3446,34.7915],[137.34415,34.79169],[137.34349,34.79197],[137.34294,34.79219],[137.34281,34.79224],[137.34256,34.79234],[137.34231,34.79245],[137.34214,34.79252],[137.34187,34.79263],[137.34164,34.79272],[137.34134,34.79284],[137.34115,34.79293],[137.34086,34.79306],[137.34052,34.79318],[137.34002,34.79338],[137.33956,34.79358],[137.33935,34.79366],[137.33909,34.79377],[137.33877,34.7939],[137.33853,34.79401],[137.3381,34.79417],[137.3372,34.79455],[137.33655,34.79481],[137.33595,34.79507],[137.33522,34.79537],[137.33461,34.7956],[137.33409,34.79582],[137.33371,34.79599],[137.33341,34.79611],[137.33314,34.79621],[137.33295,34.79629],[137.33282,34.79634],[137.33264,34.79642],[137.33225,34.79657],[137.33175,34.79677],[137.331411,34.796919],[137.33141,34.79692],[137.33095,34.79711],[137.33073,34.7972],[137.330725,34.797202],[137.33057,34.79727],[137.33037,34.79735],[137.33023,34.79741],[137.32996,34.79751],[137.32958,34.79767],[137.32928,34.79779],[137.32919,34.79783],[137.32913,34.79786],[137.32906,34.7979],[137.32868,34.79804],[137.32832,34.79819],[137.32813,34.79828],[137.32803,34.79832],[137.3279,34.79837],[137.32741,34.79858],[137.32699,34.79875],[137.32679,34.79884],[137.32666,34.79888],[137.32634,34.79902],[137.32592,34.79919],[137.32565,34.79931],[137.32549,34.79937],[137.32518,34.7995],[137.32473,34.79969],[137.32447,34.7998],[137.32435,34.79985],[137.32401,34.79999],[137.32354,34.80019],[137.32325,34.80031],[137.32311,34.80037],[137.32276,34.80051],[137.32246,34.80063],[137.32216,34.80076],[137.32161,34.80103],[137.32133,34.80116],[137.32103,34.80131],[137.32069,34.8015],[137.32049,34.80161],[137.32006,34.80185],[137.31985,34.80197],[137.31972,34.80204],[137.31957,34.80213],[137.31926,34.8023],[137.31865,34.80264],[137.31852,34.80271],[137.3183,34.80283],[137.3179,34.80305],[137.31757,34.80324],[137.31744,34.80331],[137.31714,34.80348],[137.31673,34.80371],[137.31658,34.80379],[137.31609,34.80407],[137.31492,34.80472],[137.31441,34.805],[137.31403,34.80522],[137.31368,34.80541],[137.31325,34.80565],[137.31257,34.80604],[137.31205,34.80632],[137.3118,34.80646],[137.31147,34.80665],[137.3111,34.80685],[137.31089,34.80698],[137.3108,34.80703],[137.31057,34.80715],[137.3103,34.8073],[137.30983,34.80756],[137.30941,34.8078],[137.3093,34.80786],[137.30922,34.8079],[137.30917,34.80793],[137.30899,34.80803],[137.30872,34.80818],[137.30836,34.80838],[137.30806,34.80855],[137.30782,34.80869],[137.30751,34.80884],[137.30724,34.809],[137.30692,34.80918],[137.30678,34.80926],[137.30652,34.8094],[137.30612,34.80962],[137.3056,34.80991],[137.30528,34.81009],[137.30507,34.81021],[137.30486,34.81033],[137.30416,34.81072],[137.30362,34.81101],[137.30297,34.81136],[137.3026,34.81154],[137.30229,34.81168],[137.30182,34.81189],[137.30138,34.81209],[137.30117,34.81219],[137.30101,34.81226],[137.30082,34.81234],[137.30062,34.81243],[137.30049,34.81249],[137.30033,34.81255],[137.29983,34.81275],[137.29953,34.81287],[137.29926,34.81296],[137.29909,34.81302],[137.299,34.81305],[137.2988,34.81312],[137.29863,34.81319],[137.29823,34.81333],[137.29795,34.81343],[137.29786,34.81345],[137.29777,34.81348],[137.2976,34.81353],[137.29732,34.81362],[137.29723,34.81364],[137.29714,34.81367],[137.29682,34.81374],[137.29645,34.81382],[137.296166,34.813869],[137.29616,34.81387],[137.29608,34.81389],[137.29597,34.81391],[137.29579,34.81395],[137.29545,34.81402],[137.2948,34.81412],[137.29448,34.81419],[137.29409,34.81425],[137.29381,34.81429],[137.29367,34.81431],[137.29349,34.81434],[137.29324,34.81437],[137.29302,34.81439],[137.29293,34.81441],[137.29274,34.81443],[137.29251,34.81446],[137.29228,34.81449],[137.29218,34.8145],[137.29207,34.81451],[137.29169,34.81455],[137.29142,34.81458],[137.29126,34.8146],[137.29107,34.81462],[137.29086,34.81464],[137.29054,34.81468],[137.29004,34.81472],[137.28921,34.81474],[137.28896,34.81475],[137.28873,34.81475],[137.28785,34.81477],[137.28708,34.81479],[137.28682,34.8148],[137.2863,34.81481],[137.28527,34.81485],[137.28437,34.81487],[137.28296,34.8149],[137.28282,34.81491],[137.28213,34.81493],[137.28117,34.81497],[137.280669,34.81498],[137.28017,34.81499],[137.27904,34.81503],[137.27764,34.81505],[137.2767,34.81507],[137.2764,34.81508],[137.27615,34.81509],[137.27557,34.8151],[137.27487,34.81512],[137.27375,34.81516],[137.27308,34.81517],[137.27227,34.81519],[137.27165,34.8152],[137.27139,34.81521],[137.27117,34.81522],[137.27068,34.81523],[137.27003,34.81523],[137.2693,34.81526],[137.26871,34.81527],[137.26847,34.81528],[137.26811,34.81531],[137.26766,34.81535],[137.26708,34.81541],[137.26654,34.81546],[137.26625,34.81548],[137.266,34.81551],[137.2657,34.81556],[137.26554,34.81558],[137.26544,34.81558],[137.26517,34.81562],[137.26488,34.81566],[137.2646,34.81571],[137.26414,34.81578],[137.26395,34.81581],[137.26348,34.81593],[137.26315,34.816],[137.26257,34.81614],[137.26173,34.81635],[137.26154,34.8164],[137.26116,34.8165],[137.26043,34.81668],[137.25965,34.81691],[137.25895,34.8171],[137.25848,34.81724],[137.25827,34.8173],[137.2576,34.81752],[137.25738,34.81759],[137.25673,34.81779],[137.25625,34.81795],[137.25584,34.8181],[137.25569,34.81815],[137.25557,34.8182],[137.25547,34.81824],[137.25505,34.81839],[137.25416,34.81875],[137.25374,34.81892],[137.25358,34.81898],[137.25309,34.81919],[137.25257,34.8194],[137.25251,34.81943],[137.25236,34.8195],[137.25212,34.8196],[137.25187,34.81972],[137.2516,34.81985],[137.25116,34.82005],[137.25072,34.82028],[137.25058,34.82035],[137.25035,34.82047],[137.25029,34.8205],[137.25026,34.82052],[137.2502,34.82055],[137.24961,34.82087],[137.24853,34.82148],[137.24809,34.82173],[137.24768,34.82194],[137.24755,34.82201],[137.24727,34.82215],[137.24702,34.82227],[137.2468,34.8224],[137.24628,34.82273],[137.24606,34.82287],[137.24542,34.8233],[137.24471,34.82377],[137.24423,34.82409],[137.24363,34.8245],[137.24231,34.82538],[137.24194,34.82563],[137.24139,34.82601],[137.24049,34.8266],[137.23983,34.82704],[137.23951,34.82726],[137.23896,34.82762],[137.2386,34.82787],[137.23792,34.82832],[137.23762,34.82852],[137.2365,34.82927],[137.23567,34.82982],[137.2339,34.83098],[137.23291,34.83156],[137.2323,34.83191],[137.23159,34.83226],[137.23068,34.83272],[137.22993,34.83305],[137.22924,34.83332],[137.2283,34.83372],[137.22728,34.83414],[137.2269,34.8343],[137.22523,34.83497],[137.22475,34.83517],[137.2242,34.83538],[137.22353,34.83564],[137.22329,34.83574],[137.22117,34.83661],[137.2204,34.83693],[137.22022,34.837],[137.21892,34.83752],[137.21786,34.83793],[137.21731,34.83816],[137.21629,34.83855],[137.21605,34.83865],[137.2153,34.83894],[137.21422,34.83937],[137.2135,34.83967],[137.213,34.83986],[137.21226,34.84017],[137.21174,34.84038],[137.21117,34.84062],[137.21049,34.84089],[137.21028,34.84098],[137.20941,34.84134],[137.20919,34.84144],[137.20884,34.84157],[137.20832,34.84179],[137.20803,34.8419],[137.20777,34.84199],[137.20663,34.8424],[137.20253,34.84388],[137.19992,34.84482],[137.19917,34.84508],[137.19832,34.8454],[137.1976,34.84567],[137.19693,34.84592],[137.19637,34.84613],[137.19543,34.84646],[137.19481,34.84669],[137.193916,34.847008],[137.19391,34.84701],[137.19388,34.84703],[137.19319,34.84728],[137.19268,34.84746],[137.19141,34.84792],[137.19012,34.84838],[137.18954,34.84859],[137.18834,34.84902],[137.18778,34.84921],[137.18659,34.84964],[137.18599,34.84986],[137.18468,34.85033],[137.18412,34.85052],[137.18376,34.85064],[137.18359,34.8507],[137.18275,34.85102],[137.18236,34.85115],[137.18213,34.85124],[137.18121,34.85156],[137.18058,34.85179],[137.18005,34.85197],[137.17881,34.85244],[137.17833,34.85258],[137.17774,34.85282],[137.17645,34.85327],[137.17543,34.85364],[137.17437,34.85402],[137.17332,34.8544],[137.17253,34.85466],[137.1719,34.85487],[137.17146,34.85504],[137.17094,34.85522],[137.17069,34.85532],[137.16972,34.85567],[137.16959,34.85571],[137.16927,34.85583],[137.16877,34.85601],[137.16831,34.85621],[137.16785,34.85644],[137.16753,34.85658],[137.16711,34.85679],[137.16669,34.85698],[137.16659,34.85703],[137.16588,34.85735],[137.165005,34.857765],[137.1647,34.85791],[137.16406,34.85824],[137.16376,34.8584],[137.16331,34.85865],[137.1629,34.85891],[137.16275,34.85899],[137.16267,34.85905],[137.16225,34.85934],[137.16201,34.85951],[137.16191,34.85958],[137.16167,34.85975],[137.16086,34.86036],[137.16063,34.86053],[137.16042,34.86072],[137.16022,34.86089],[137.16006,34.86103],[137.16001,34.86108],[137.15962,34.86145],[137.15888,34.86226],[137.15871,34.86244]]},"properties":{"N02_001":"11","N02_002":"1","N02_003":"東海道新幹線","N02_004":"東海旅客鉄道"}},{"type":"Feature","geometry":{"type":"LineString","coordinates":[[137.15871,34.86244],[137.15832,34.86285],[137.15793,34.86326],[137.15768,34.86354],[137.15749,34.86375],[137.15701,34.86426],[137.15657,34.86471],[137.15615,34.86519],[137.15586,34.86548],[137.15551,34.86586],[137.15527,34.86611],[137.1546,34.8668],[137.15416,34.86728],[137.15362,34.86785],[137.15302,34.86849],[137.15265,34.86887],[137.1526,34.86892],[137.15237,34.86917],[137.15191,34.86968],[137.15152,34.87011],[137.15118,34.87048],[137.15089,34.8708],[137.15066,34.87103],[137.15018,34.87154],[137.14995,34.87179],[137.14951,34.87227],[137.14934,34.87244],[137.14901,34.87281],[137.14863,34.87322],[137.14826,34.87361],[137.14806,34.87382],[137.1477,34.8742],[137.1474,34.87454],[137.14703,34.87494],[137.14665,34.87536],[137.14619,34.87589],[137.14594,34.87617],[137.14548,34.87666],[137.1452,34.87701],[137.14444,34.8778],[137.14398,34.87832],[137.14369,34.87864],[137.14306,34.87934],[137.14276,34.87964],[137.14257,34.87986],[137.14232,34.88014],[137.14195,34.88055],[137.14136,34.8812],[137.14078,34.88182],[137.14006,34.88263],[137.140059,34.882631],[137.13992,34.8828],[137.13916,34.88362],[137.1388,34.88405],[137.13812,34.88479],[137.13714,34.88582],[137.13638,34.88665],[137.13525,34.88787],[137.13395,34.88925],[137.13321,34.89005],[137.13303,34.89023],[137.13292,34.89035],[137.13198,34.89138],[137.13017,34.89336],[137.12918,34.89442],[137.12808,34.89561],[137.12609,34.89777],[137.12465,34.89933],[137.12252,34.90163],[137.12203,34.90212],[137.12171,34.90246],[137.12132,34.90286],[137.12106,34.90314],[137.12059,34.90365],[137.12026,34.904],[137.12003,34.90425],[137.11973,34.90459],[137.11944,34.9049],[137.11928,34.90507],[137.11904,34.90535],[137.11877,34.90564],[137.11868,34.90574],[137.11843,34.906],[137.11828,34.90617],[137.11768,34.90681],[137.1172,34.90733],[137.1165,34.9081],[137.11638,34.90824],[137.11617,34.90848],[137.11595,34.90871],[137.11562,34.90907],[137.11544,34.90927],[137.11515,34.90957],[137.11467,34.9101],[137.11335,34.9115],[137.11272,34.91217],[137.11189,34.91307],[137.11069,34.91435],[137.11015,34.91496],[137.10975,34.91537],[137.10905,34.91613],[137.108561,34.916658],[137.10856,34.91666],[137.10852,34.9167],[137.10766,34.91764],[137.10722,34.9181],[137.10671,34.91863],[137.10617,34.91924],[137.10577,34.91967],[137.10566,34.91978],[137.10555,34.91993],[137.10545,34.92005],[137.10511,34.92043],[137.10486,34.92069],[137.10474,34.92083],[137.10466,34.92092],[137.10436,34.92124],[137.10424,34.92136],[137.10413,34.92149],[137.10375,34.9219],[137.10331,34.92236],[137.1031,34.9226],[137.10263,34.92311],[137.10237,34.9234],[137.10219,34.9236],[137.10174,34.92407],[137.10118,34.92466],[137.10083,34.92505],[137.10053,34.92538],[137.10021,34.92573],[137.09973,34.92627],[137.09932,34.92673],[137.09899,34.9271],[137.09865,34.92746],[137.09854,34.92758],[137.09806,34.92811],[137.09735,34.92886],[137.09727,34.92894],[137.09663,34.92966],[137.0965,34.92979],[137.09637,34.92994],[137.09624,34.93008],[137.09614,34.93019],[137.09572,34.93064],[137.09523,34.93118],[137.09506,34.93136],[137.09403,34.93248],[137.09252,34.93413],[137.09239,34.93426],[137.09158,34.93514],[137.0909,34.9359],[137.09072,34.936086],[137.09056,34.93625],[137.09045,34.93638],[137.09035,34.93649],[137.09012,34.93673],[137.08885,34.93813],[137.08877,34.9382],[137.08864,34.93833],[137.08853,34.93845],[137.08844,34.93856],[137.08789,34.93915],[137.08761,34.93945],[137.08733,34.93976],[137.08694,34.94018],[137.08669,34.94042],[137.0865,34.94065],[137.0861,34.94109],[137.08599,34.9412],[137.08588,34.94133],[137.0853,34.94195],[137.08518,34.94207],[137.08507,34.94219],[137.08494,34.94231],[137.08439,34.94291],[137.08416,34.94316],[137.08404,34.9433],[137.08385,34.94349],[137.08312,34.94427],[137.08252,34.94492],[137.08224,34.94522],[137.08201,34.94547],[137.08162,34.9459],[137.08148,34.94604],[137.08138,34.94614],[137.08091,34.94665],[137.08068,34.94691],[137.08059,34.94702],[137.08004,34.94759],[137.07961,34.94806],[137.07928,34.94842],[137.07895,34.94878],[137.07852,34.94923],[137.07792,34.94986],[137.07759,34.95023],[137.07754,34.95029],[137.07711,34.95075],[137.07691,34.95097],[137.07628,34.95164],[137.07587,34.9521],[137.07566,34.95233],[137.07516,34.95287],[137.07471,34.95336],[137.07443,34.95366],[137.07412,34.95401],[137.07398,34.95417],[137.07348,34.9547],[137.07331,34.95489],[137.07278,34.95547],[137.07268,34.95558],[137.07218,34.95612],[137.07213,34.95617],[137.07176,34.95656],[137.07115,34.95723],[137.07094,34.95745],[137.07044,34.95799],[137.07023,34.95821],[137.06967,34.95884],[137.06942,34.95911],[137.06929,34.95925],[137.06849,34.9601],[137.06788,34.9608],[137.06776,34.96094],[137.06768,34.96103],[137.06712,34.96161],[137.06694,34.9618],[137.06682,34.96194],[137.0666,34.96217],[137.06652,34.96225],[137.06641,34.96237],[137.06623,34.96257],[137.06513,34.96378],[137.06494,34.964],[137.06432,34.96467],[137.06422,34.96477],[137.06408,34.96493],[137.06381,34.96521],[137.06355,34.9655],[137.06338,34.96568],[137.06199,34.9672]]},"properties":{"N02_001":"11","N02_002":"1","N02_003":"東海道新幹線","N02_004":"東海旅客鉄道"}},{"type":"Feature","geometry":{"type":"LineString","coordinates":[[137.0586,34.97087],[137.05796,34.97157],[137.057833,34.971709],[137.05775,34.9718],[137.05754,34.97203],[137.05729,34.97229],[137.05658,34.97304],[137.05641,34.97325],[137.05622,34.97346],[137.05596,34.97375],[137.0558,34.97392],[137.05516,34.9746],[137.05435,34.97549],[137.05366,34.97624],[137.05348,34.97643],[137.05337,34.97654],[137.05267,34.97733],[137.05209,34.97797],[137.05198,34.97809],[137.05187,34.97821],[137.05173,34.97835],[137.0511,34.97907],[137.050743,34.979447],[137.05074,34.97945],[137.05049,34.97972],[137.04992,34.98033],[137.04971,34.98054],[137.0494,34.98088],[137.0493,34.98097],[137.0487,34.9816],[137.04819,34.98213],[137.04804,34.98227],[137.04788,34.98241],[137.04729,34.98295],[137.04671,34.98346],[137.0465,34.98364],[137.04621,34.98388],[137.04531,34.98467],[137.04376,34.98595],[137.04358,34.9861],[137.04297,34.9866],[137.04279,34.98674],[137.04239,34.98705],[137.04233,34.9871],[137.04227,34.98714],[137.04149,34.98777],[137.04134,34.98789],[137.04106,34.98812],[137.04064,34.98846],[137.04018,34.9888],[137.03948,34.9893],[137.03923,34.98946],[137.03904,34.98959],[137.03885,34.98972],[137.03807,34.99024],[137.03727,34.99078],[137.03695,34.99098],[137.03667,34.99116],[137.03601,34.99159],[137.03431,34.99272],[137.03407,34.99288],[137.03359,34.99318],[137.03335,34.99334],[137.0333,34.99337],[137.03253,34.99389],[137.03189,34.99431],[137.03134,34.99467],[137.03085,34.99499],[137.0307,34.99509],[137.03053,34.99521],[137.0299,34.99563],[137.0297,34.99576],[137.02957,34.99585],[137.0288,34.99634],[137.02866,34.99644],[137.02847,34.99658],[137.02813,34.99678],[137.02798,34.99688],[137.02791,34.99694],[137.027538,34.997183],[137.02716,34.99743],[137.02686,34.99762],[137.02578,34.99831],[137.02502,34.99881],[137.02484,34.99893],[137.02398,34.99949],[137.02307,35.00007],[137.02178,35.00092],[137.02138,35.00117],[137.02044,35.00178],[137.02024,35.00191],[137.02003,35.00205],[137.01955,35.00236],[137.018605,35.002957],[137.0186,35.00296],[137.01814,35.00325],[137.0153,35.00508],[137.01487,35.00538],[137.01406,35.00591],[137.01358,35.00622],[137.0116,35.00751],[137.00695,35.01057],[137.00637,35.01095],[137.00546,35.01153],[137.00507,35.01179],[137.00427,35.01233],[136.99807,35.01638],[136.99704,35.01704],[136.99406,35.01895],[136.99301,35.01963],[136.99295,35.01967],[136.99263,35.01987],[136.9907,35.02112],[136.99059,35.0212],[136.990102,35.021509],[136.9901,35.02151],[136.98953,35.02188],[136.98849,35.02255],[136.9865,35.02384],[136.98088,35.02746],[136.98023,35.02788],[136.97945,35.02839],[136.97913,35.0286],[136.97769,35.02954],[136.97725,35.02983],[136.97561,35.0309],[136.97371,35.03211],[136.97098,35.03386],[136.9708,35.03398],[136.97012,35.03442],[136.96872,35.03534],[136.96854,35.03545],[136.96846,35.03551],[136.96829,35.03562],[136.96811,35.03574],[136.96788,35.03589],[136.96722,35.03633],[136.96589,35.03722],[136.9651,35.03776],[136.965,35.03782],[136.96409,35.03844],[136.96336,35.03893],[136.96297,35.03919],[136.96226,35.03973],[136.96215,35.03981],[136.96168,35.04017],[136.96127,35.04049],[136.961267,35.040492],[136.96115,35.04058],[136.9607,35.04094],[136.96031,35.04128],[136.96018,35.04136],[136.95992,35.04159],[136.95968,35.04179],[136.959,35.04237],[136.95841,35.04292],[136.95819,35.04312],[136.95786,35.04343],[136.95673,35.04463],[136.95611,35.04528],[136.95515,35.04636],[136.95487,35.0467],[136.954868,35.046702],[136.95457,35.04706],[136.95358,35.04834],[136.95328,35.04877],[136.95299,35.04919],[136.95278,35.04949],[136.95231,35.05017],[136.94977,35.0541],[136.94832,35.0564],[136.94786,35.05712],[136.94771,35.05737],[136.94721,35.05816],[136.94694,35.05859],[136.9468,35.05882],[136.94529,35.06119],[136.94514,35.06144],[136.945,35.06164],[136.94415,35.06298],[136.94345,35.06404],[136.94287,35.06496],[136.94226,35.06604],[136.94157,35.06724],[136.94153,35.0673],[136.94139,35.06756],[136.94038,35.0694],[136.93989,35.07031],[136.93982,35.07045],[136.93964,35.07078],[136.93958,35.07088],[136.9394,35.07122],[136.93938,35.07127],[136.93929,35.07143],[136.93926,35.07148],[136.93909,35.0718],[136.9388,35.07234],[136.93867,35.07259],[136.93845,35.07299],[136.93839,35.0731],[136.93789,35.07402],[136.93729,35.075129],[136.93729,35.07513],[136.93703,35.0756],[136.93661,35.07637],[136.93602,35.07747],[136.93585,35.07777],[136.93582,35.07783],[136.93567,35.0781],[136.93564,35.07815],[136.93529,35.07881],[136.93523,35.07891],[136.93504,35.07927],[136.93499,35.07936],[136.9345,35.08026],[136.93438,35.08048],[136.93433,35.08057],[136.93427,35.08068],[136.93374,35.08167],[136.93361,35.08191],[136.93349,35.08213],[136.93342,35.08228],[136.93297,35.08312],[136.93291,35.08323],[136.93269,35.08364],[136.93244,35.08409],[136.93242,35.08413],[136.93221,35.08454],[136.93163,35.08564],[136.93114,35.08657],[136.93055,35.08774],[136.92992,35.08898],[136.92951,35.08978],[136.92934,35.09014],[136.9292,35.09041],[136.92896,35.09091],[136.92857,35.09164],[136.92812,35.09257],[136.92785,35.09309],[136.92763,35.09349],[136.92727,35.09417],[136.92688,35.09492],[136.92657,35.09548],[136.92624,35.09612],[136.92565,35.09715],[136.92523,35.09785],[136.92479,35.09859],[136.92456,35.09895],[136.92429,35.0993],[136.92393,35.09974],[136.923839,35.099844],[136.92345,35.10029],[136.92305,35.10071],[136.92261,35.10122],[136.92223,35.1016],[136.92204,35.10178],[136.92145,35.10235],[136.92094,35.10281],[136.9206,35.10309],[136.91955,35.10389],[136.91858,35.1046],[136.91813,35.10489],[136.91712,35.10554],[136.91656,35.1059],[136.91615,35.10612],[136.91552,35.10646],[136.91452,35.10695],[136.91351,35.10745],[136.91262,35.10788],[136.91173,35.10829],[136.91125,35.1085],[136.91069,35.10875],[136.90963,35.10924],[136.90865,35.1097],[136.90857,35.10974],[136.90662,35.11064],[136.90534,35.11123],[136.90393,35.11188],[136.90325,35.11221],[136.90178,35.11286],[136.901602,35.112939],[136.9016,35.11294],[136.90087,35.11326],[136.89986,35.11373],[136.89891,35.11419],[136.89758,35.11488],[136.89701,35.1152],[136.89654,35.11549],[136.89592,35.11587],[136.89581,35.11594],[136.89541,35.11621],[136.89488,35.11657],[136.89448,35.11686],[136.89427,35.11703],[136.89386,35.11734],[136.89349,35.11763],[136.89306,35.118],[136.89278,35.11823],[136.89254,35.11846],[136.89232,35.11867],[136.89171,35.11926],[136.89118,35.11978],[136.89088,35.1201],[136.89045,35.12057],[136.89005,35.12108],[136.88966,35.12157],[136.88946,35.12184],[136.88924,35.12215],[136.88904,35.12244],[136.88876,35.12282],[136.8886,35.12306],[136.8884,35.12339],[136.88821,35.12369],[136.888204,35.123703],[136.88806,35.124],[136.88793,35.12423],[136.88773,35.12459],[136.88745,35.12507],[136.88722,35.12549],[136.88709,35.12579],[136.88689,35.12625],[136.88668,35.12674],[136.88651,35.12724],[136.88637,35.12771],[136.88617,35.1284],[136.88595,35.12916],[136.88581,35.12994],[136.88571,35.1307],[136.88556,35.13204],[136.88553,35.13265],[136.88552,35.13296],[136.88552,35.13309],[136.88552,35.13342],[136.88556,35.13383],[136.88565,35.13454],[136.88581,35.13564],[136.88591,35.13624],[136.88594,35.13641],[136.88596,35.13653],[136.88599,35.13671],[136.88601,35.1368],[136.88615,35.13761],[136.88649,35.13962],[136.88662,35.14044],[136.88664,35.14053],[136.88664,35.140532],[136.88664,35.14058],[136.88669,35.14086],[136.88671,35.14095],[136.88681,35.14166],[136.88736,35.14443],[136.88737,35.14451],[136.88742,35.14478],[136.88744,35.14487],[136.88764,35.14593],[136.88766,35.14607],[136.88768,35.14616],[136.88771,35.14631],[136.88772,35.14641],[136.88798,35.14788],[136.88816,35.14912],[136.88814,35.15021],[136.88812,35.15049],[136.88811,35.15057],[136.88809,35.15076],[136.88809,35.15083],[136.88804,35.15127],[136.88787,35.15242],[136.88779,35.15296],[136.88766,35.15362],[136.8875,35.15428],[136.88745,35.15449],[136.88724,35.15527],[136.88673,35.15745],[136.88639,35.15879],[136.8863,35.15915],[136.88615,35.15973],[136.8858,35.16111],[136.8857,35.16151],[136.88529,35.16306],[136.885273,35.163115],[136.88522,35.16329],[136.88514,35.16365],[136.88502,35.16395],[136.88494,35.16417],[136.88474,35.16459],[136.88451,35.16511],[136.88443,35.16528],[136.88432,35.16542],[136.884275,35.165489],[136.88417,35.16565],[136.88398,35.16592],[136.883925,35.165991],[136.88384,35.1661],[136.8837,35.166288],[136.88358,35.16645],[136.88339,35.16673],[136.88295,35.16731],[136.88264,35.16773],[136.88242,35.16802],[136.88194,35.16874]]},"properties":{"N02_001":"11","N02_002":"1","N02_003":"東海道新幹線","N02_004":"東海旅客鉄道"}},{"type":"Feature","geometry":{"type":"LineString","coordinates":[[137.06199,34.9672],[137.06032,34.96901],[137.0586,34.97087]]},"properties":{"N02_001":"11","N02_002":"1","N02_003":"東海道新幹線","N02_004":"東海旅客鉄道"}},{"type":"Feature","geometry":{"type":"LineString","coordinates":[[136.96415,35.00535],[136.96516,35.0045],[136.96558,35.00415],[136.96601,35.00382],[136.96656,35.00347],[136.96697,35.00325],[136.96746,35.00293],[136.96776,35.00279],[136.96877,35.00225],[136.97077,35.00137],[136.97127,35.00117]]},"properties":{"N02_001":"11","N02_002":"2","N02_003":"東海道線","N02_004":"東海旅客鉄道"}},{"type":"Feature","geometry":{"type":"LineString","coordinates":[[136.98991,34.99841],[136.99117,34.99806]]},"properties":{"N02_001":"11","N02_002":"2","N02_003":"東海道線","N02_004":"東海旅客鉄道"}},{"type":"Feature","geometry":{"type":"LineString","coordinates":[[136.97127,35.00117],[136.9714,35.00114],[136.97152,35.00112],[136.97163,35.0011],[136.97176,35.00108],[136.97187,35.00106],[136.97197,35.00103],[136.97257,35.00092],[136.97284,35.00085],[136.97332,35.00071],[136.97379,35.00052],[136.97433,35.00028],[136.97483,35.00006],[136.97583,34.99967],[136.97643,34.99937]]},"properties":{"N02_001":"11","N02_002":"2","N02_003":"東海道線","N02_004":"東海旅客鉄道"}},{"type":"Feature","geometry":{"type":"LineString","coordinates":[[136.96388,35.00526],[136.96467,35.00433],[136.96502,35.00393],[136.96518,35.00377],[136.96549,35.00355],[136.96569,35.00344],[136.96603,35.00325],[136.966299,35.003098],[136.96718,35.0026],[136.96751,35.00243],[136.96884,35.00181],[136.96943,35.00161],[136.97037,35.00135],[136.97047,35.00133],[136.9706,35.0013],[136.97071,35.00127],[136.97082,35.00125],[136.97092,35.00123],[136.97103,35.00121],[136.97117,35.00119],[136.97127,35.00117]]},"properties":{"N02_001":"11","N02_002":"2","N02_003":"東海道線","N02_004":"東海旅客鉄道"}},{"type":"Feature","geometry":{"type":"LineString","coordinates":[[136.99117,34.99806],[136.99153,34.99795],[136.99181,34.99786],[136.99704,34.99579],[136.99984,34.99467],[137.00236,34.99367],[137.00406,34.993],[137.00416,34.99296],[137.00426,34.99292],[137.00439,34.99287],[137.00568,34.99237],[137.00666,34.99199],[137.00743,34.99169],[137.00787,34.99153]]},"properties":{"N02_001":"11","N02_002":"2","N02_003":"東海道線","N02_004":"東海旅客鉄道"}},{"type":"Feature","geometry":{"type":"LineString","coordinates":[[136.97127,35.00117],[136.97243,35.00069],[136.9735,35.00028],[136.97412,35.00006],[136.974122,35.000059],[136.97478,34.99981],[136.97643,34.99937]]},"properties":{"N02_001":"11","N02_002":"2","N02_003":"東海道線","N02_004":"東海旅客鉄道"}},{"type":"Feature","geometry":{"type":"LineString","coordinates":[[137.04499,34.97683],[137.04228,34.97788]]},"properties":{"N02_001":"11","N02_002":"2","N02_003":"東海道線","N02_004":"東海旅客鉄道"}},{"type":"Feature","geometry":{"type":"LineString","coordinates":[[136.97643,34.99937],[136.97717,34.99919],[136.9778,34.99905],[136.97858,34.9989],[136.97898,34.99885],[136.97944,34.99882],[136.98015,34.99881],[136.98128,34.99885],[136.98174,34.99886],[136.981744,34.99886],[136.98302,34.9989],[136.98393,34.99893],[136.98528,34.99895],[136.98584,34.99893],[136.98711,34.99888],[136.98799,34.9988],[136.98848,34.99871],[136.98991,34.99841]]},"properties":{"N02_001":"11","N02_002":"2","N02_003":"東海道線","N02_004":"東海旅客鉄道"}},{"type":"Feature","geometry":{"type":"LineString","coordinates":[[137.01155,34.99008],[137.00787,34.99153]]},"properties":{"N02_001":"11","N02_002":"2","N02_003":"東海道線","N02_004":"東海旅客鉄道"}},{"type":"Feature","geometry":{"type":"LineString","coordinates":[[136.96298,35.00688],[136.96354,35.00582],[136.9636,35.00571],[136.96388,35.00526]]},"properties":{"N02_001":"11","N02_002":"2","N02_003":"東海道線","N02_004":"東海旅客鉄道"}},{"type":"Feature","geometry":{"type":"LineString","coordinates":[[136.9622,35.00801],[136.96141,35.00938]]},"properties":{"N02_001":"11","N02_002":"2","N02_003":"東海道線","N02_004":"東海旅客鉄道"}},{"type":"Feature","geometry":{"type":"LineString","coordinates":[[136.9622,35.00801],[136.96295,35.00692],[136.96298,35.00688]]},"properties":{"N02_001":"11","N02_002":"2","N02_003":"東海道線","N02_004":"東海旅客鉄道"}},{"type":"Feature","geometry":{"type":"LineString","coordinates":[[136.96298,35.00688],[136.9635,35.00614],[136.96371,35.00587],[136.96395,35.00558],[136.96415,35.00535]]},"properties":{"N02_001":"11","N02_002":"2","N02_003":"東海道線","N02_004":"東海旅客鉄道"}},{"type":"Feature","geometry":{"type":"LineString","coordinates":[[136.78129,35.34714],[136.78125,35.3476],[136.78114,35.34824],[136.78097,35.34899]]},"properties":{"N02_001":"11","N02_002":"2","N02_003":"東海道線","N02_004":"東海旅客鉄道"}},{"type":"Feature","geometry":{"type":"LineString","coordinates":[[136.78047,35.36927],[136.78036,35.36845],[136.78018,35.36718],[136.77955,35.36249],[136.77954,35.3624],[136.77952,35.36218],[136.77939,35.36057],[136.77932,35.35914],[136.77932,35.35777],[136.77937,35.35657],[136.77945,35.35578],[136.7797,35.35457],[136.78001,35.35322],[136.78035,35.35173],[136.78041,35.35146],[136.78097,35.34899]]},"properties":{"N02_001":"11","N02_002":"2","N02_003":"東海道線","N02_004":"東海旅客鉄道"}},{"type":"Feature","geometry":{"type":"LineString","coordinates":[[136.8824,35.16994],[136.882008,35.170712],[136.8818,35.17112],[136.881798,35.171123],[136.88137,35.17197],[136.88108,35.17258]]},"properties":{"N02_001":"11","N02_002":"2","N02_003":"東海道線","N02_004":"東海旅客鉄道"}},{"type":"Feature","geometry":{"type":"LineString","coordinates":[[136.88155,35.17257],[136.88085,35.17344],[136.88056,35.17375],[136.8802,35.17414],[136.88005,35.1743]]},"properties":{"N02_001":"11","N02_002":"2","N02_003":"東海道線","N02_004":"東海旅客鉄道"}},{"type":"Feature","geometry":{"type":"LineString","coordinates":[[136.92572,35.09624],[136.92559,35.09651],[136.9248,35.09804],[136.92426,35.09911],[136.923839,35.099844],[136.92379,35.09993],[136.92361,35.10027],[136.92339,35.10071],[136.92327,35.10098],[136.92305,35.10141],[136.92267,35.10211],[136.92232,35.10277],[136.92216,35.10308],[136.92184,35.1037],[136.92153,35.10426],[136.9213,35.10472],[136.92129,35.10475],[136.92109,35.10513],[136.92098,35.10532],[136.92078,35.1057],[136.92033,35.10653],[136.92013,35.10691],[136.91982,35.10749],[136.91938,35.10835],[136.91913,35.10881],[136.91881,35.10944],[136.91867,35.10971],[136.91831,35.11039],[136.9181,35.11079],[136.91798,35.11105],[136.917601,35.111898],[136.9176,35.1119],[136.91759,35.11191],[136.91749,35.11215],[136.91739,35.11243],[136.91694,35.11354],[136.91664,35.11434],[136.91658,35.11447],[136.91654,35.11458],[136.91583,35.11639],[136.915706,35.116712],[136.91568,35.11678],[136.91558,35.11705],[136.91543,35.11747],[136.91541,35.11752],[136.91524,35.11798],[136.91504,35.11852],[136.91473,35.1193],[136.91462,35.11959],[136.914618,35.119594],[136.91447,35.11997],[136.91414,35.12082],[136.91398,35.12124],[136.91346,35.12255],[136.913301,35.122984],[136.91305,35.12367],[136.91291,35.12399],[136.91253,35.12502],[136.91215,35.126],[136.91204,35.12628],[136.912,35.12637],[136.91186,35.12675],[136.91155,35.12756],[136.91137,35.12804],[136.91111,35.12871]]},"properties":{"N02_001":"11","N02_002":"2","N02_003":"東海道線","N02_004":"東海旅客鉄道"}},{"type":"Feature","geometry":{"type":"LineString","coordinates":[[136.88284,35.17005],[136.882444,35.170833],[136.88204,35.17163],[136.882038,35.171633],[136.88165,35.17239],[136.88155,35.17257]]},"properties":{"N02_001":"11","N02_002":"2","N02_003":"東海道線","N02_004":"東海旅客鉄道"}},{"type":"Feature","geometry":{"type":"LineString","coordinates":[[136.82149,35.25199],[136.8237,35.24742],[136.82454,35.24565],[136.82569,35.24323],[136.82607,35.24243],[136.82767,35.23904],[136.8297,35.23482],[136.83009,35.23403],[136.83183,35.23051],[136.83383,35.22656]]},"properties":{"N02_001":"11","N02_002":"2","N02_003":"東海道線","N02_004":"東海旅客鉄道"}},{"type":"Feature","geometry":{"type":"LineString","coordinates":[[136.84723,35.21117],[136.84731,35.21096],[136.84743,35.21069],[136.8475,35.21053],[136.84765,35.21028],[136.84801,35.20989],[136.84816,35.20974],[136.85057,35.20753],[136.85142,35.20675]]},"properties":{"N02_001":"11","N02_002":"2","N02_003":"東海道線","N02_004":"東海旅客鉄道"}},{"type":"Feature","geometry":{"type":"LineString","coordinates":[[136.95451,35.03576],[136.95449,35.03586],[136.95423,35.03713],[136.95357,35.0404],[136.95276,35.04434],[136.95268,35.044749],[136.95268,35.04475],[136.95229,35.04686],[136.95219,35.04739],[136.95207,35.04787],[136.95199,35.04816],[136.95179,35.04871],[136.95148,35.04954],[136.95136,35.04982],[136.9512,35.05015],[136.95113,35.0503],[136.95092,35.0507],[136.95041,35.05158],[136.949005,35.053952]]},"properties":{"N02_001":"11","N02_002":"2","N02_003":"東海道線","N02_004":"東海旅客鉄道"}},{"type":"Feature","geometry":{"type":"LineString","coordinates":[[136.89177,35.14644],[136.89148,35.14665],[136.89115,35.14689],[136.89086,35.14714],[136.89055,35.14744],[136.89029,35.14773]]},"properties":{"N02_001":"11","N02_002":"2","N02_003":"東海道線","N02_004":"東海旅客鉄道"}},{"type":"Feature","geometry":{"type":"LineString","coordinates":[[136.84723,35.21117],[136.84758,35.2108],[136.84968,35.20859],[136.85142,35.20675]]},"properties":{"N02_001":"11","N02_002":"2","N02_003":"東海道線","N02_004":"東海旅客鉄道"}},{"type":"Feature","geometry":{"type":"LineString","coordinates":[[136.88108,35.17258],[136.88023,35.17377]]},"properties":{"N02_001":"11","N02_002":"2","N02_003":"東海道線","N02_004":"東海旅客鉄道"}},{"type":"Feature","geometry":{"type":"LineString","coordinates":[[136.95465,35.03497],[136.95451,35.03576]]},"properties":{"N02_001":"11","N02_002":"2","N02_003":"東海道線","N02_004":"東海旅客鉄道"}},{"type":"Feature","geometry":{"type":"LineString","coordinates":[[136.90183,35.14241],[136.901225,35.142648],[136.90122,35.14265],[136.90107,35.142708],[136.89964,35.14326]]},"properties":{"N02_001":"11","N02_002":"2","N02_003":"東海道線","N02_004":"東海旅客鉄道"}},{"type":"Feature","geometry":{"type":"LineString","coordinates":[[136.96141,35.00938],[136.96057,35.01085],[136.96011,35.01167],[136.95964,35.01252],[136.95932,35.01323],[136.9591,35.01371],[136.95905,35.01384],[136.95892,35.01417],[136.95882,35.01442],[136.95873,35.0147],[136.95862,35.01512],[136.95842,35.01606],[136.9582,35.01717],[136.95796,35.01837],[136.95723,35.02208],[136.95661,35.0251],[136.95642,35.02607],[136.95617,35.02735],[136.95581,35.02915],[136.95549,35.03075],[136.95529,35.03171],[136.95487,35.03385],[136.95465,35.03497]]},"properties":{"N02_001":"11","N02_002":"2","N02_003":"東海道線","N02_004":"東海旅客鉄道"}},{"type":"Feature","geometry":{"type":"LineString","coordinates":[[136.88005,35.1743],[136.88023,35.17377]]},"properties":{"N02_001":"11","N02_002":"2","N02_003":"東海道線","N02_004":"東海旅客鉄道"}},{"type":"Feature","geometry":{"type":"LineString","coordinates":[[136.83383,35.22656],[136.83443,35.22555],[136.83527,35.22432]]},"properties":{"N02_001":"11","N02_002":"2","N02_003":"東海道線","N02_004":"東海旅客鉄道"}},{"type":"Feature","geometry":{"type":"LineString","coordinates":[[136.9408,35.06814],[136.93976,35.07006]]},"properties":{"N02_001":"11","N02_002":"2","N02_003":"東海道線","N02_004":"東海旅客鉄道"}},{"type":"Feature","geometry":{"type":"LineString","coordinates":[[136.84405,35.21451],[136.8456,35.21289],[136.84643,35.21202],[136.84723,35.21117]]},"properties":{"N02_001":"11","N02_002":"2","N02_003":"東海道線","N02_004":"東海旅客鉄道"}},{"type":"Feature","geometry":{"type":"LineString","coordinates":[[136.82043,35.25408],[136.81956,35.25586],[136.81923,35.25655],[136.81874,35.25753],[136.8182,35.25863],[136.81796,35.25913],[136.81753,35.26003],[136.81747,35.26015],[136.81737,35.26036],[136.81717,35.2608],[136.81712,35.26094],[136.81704,35.26107],[136.81677,35.26161],[136.81658,35.26201],[136.8161,35.26304],[136.81589,35.26348],[136.81573,35.26382],[136.81564,35.264],[136.81546,35.26435],[136.81514,35.26504],[136.81479,35.26578],[136.81406,35.26729],[136.81359,35.26819],[136.81308,35.26924],[136.81261,35.27029],[136.81237,35.27076],[136.81206,35.27138],[136.81179,35.27191],[136.81166,35.27221],[136.81144,35.27266],[136.81138,35.2728],[136.81097,35.27361],[136.81068,35.27421],[136.80999,35.27565],[136.80999,35.27566],[136.80987,35.27591],[136.80986,35.27592],[136.80984,35.27595],[136.80953,35.27661],[136.80908,35.27756],[136.80862,35.27853],[136.80857,35.27861],[136.80817,35.27946],[136.80784,35.28015],[136.80776,35.28031],[136.80706,35.28173],[136.80693,35.282],[136.80687,35.28213],[136.8065,35.2829],[136.80596,35.28402],[136.80552,35.28494],[136.80509,35.28584],[136.80391,35.2882],[136.80377,35.28848],[136.80323,35.28956],[136.80323,35.28957],[136.80321,35.28961],[136.8028,35.29048],[136.80277,35.29056],[136.80243,35.29129],[136.80154,35.29316],[136.80135,35.29358],[136.80093,35.29451],[136.80086,35.29465],[136.80082,35.29473],[136.80081,35.29476],[136.80059,35.29519],[136.80038,35.29562],[136.8001,35.29621],[136.79999,35.29644],[136.79988,35.29665],[136.79977,35.29687],[136.79949,35.29745],[136.79925,35.29797],[136.79795,35.30086]]},"properties":{"N02_001":"11","N02_002":"2","N02_003":"東海道線","N02_004":"東海旅客鉄道"}},{"type":"Feature","geometry":{"type":"LineString","coordinates":[[136.93976,35.07006],[136.93966,35.07025],[136.93947,35.07059],[136.93944,35.07064],[136.9392,35.07109],[136.93916,35.07116],[136.93908,35.07132],[136.93904,35.0714],[136.93882,35.0718],[136.93848,35.07242],[136.93845,35.07248],[136.93824,35.07285],[136.93816,35.073],[136.93768,35.0739],[136.937111,35.074948],[136.93711,35.07495],[136.93688,35.07537],[136.93667,35.07575],[136.93597,35.07705],[136.93566,35.07762],[136.9356,35.07772],[136.93549,35.07793],[136.93543,35.07805],[136.93509,35.07867],[136.93504,35.07877],[136.93491,35.079],[136.93482,35.07917],[136.93426,35.0802],[136.93421,35.0803],[136.93409,35.08051],[136.93402,35.08063],[136.93387,35.08092],[136.93353,35.08155],[136.93344,35.08172],[136.93334,35.08191],[136.93322,35.08214],[136.93304,35.08248],[136.93277,35.08299],[136.93273,35.08306],[136.93247,35.08351],[136.93199,35.08443],[136.93082,35.08657],[136.93049,35.08721],[136.92986,35.08841],[136.92952,35.08907],[136.92902,35.09002],[136.92888,35.09029],[136.92882,35.09042],[136.92849,35.09108],[136.92801,35.09194],[136.92765,35.09266],[136.92697,35.09397]]},"properties":{"N02_001":"11","N02_002":"2","N02_003":"東海道線","N02_004":"東海旅客鉄道"}},{"type":"Feature","geometry":{"type":"LineString","coordinates":[[136.89029,35.14773],[136.88998,35.14816],[136.88978,35.14846],[136.88961,35.14874],[136.88935,35.14923],[136.88915,35.14968],[136.889107,35.149799],[136.88884,35.15053],[136.88877,35.1508],[136.88842,35.15216],[136.88835,35.1525],[136.8881,35.15345],[136.88807,35.15361],[136.88802,35.15383],[136.88788,35.15434],[136.88769,35.15505],[136.8875,35.15582],[136.88733,35.15655],[136.88715,35.15732],[136.88701,35.15796],[136.8868,35.15883],[136.88671,35.15919],[136.88654,35.15983],[136.88635,35.16077],[136.88624,35.16109],[136.88621,35.16122],[136.88598,35.16211],[136.88588,35.16254],[136.88572,35.16309],[136.885581,35.163603],[136.88556,35.16368],[136.88547,35.16405],[136.88525,35.16465],[136.885,35.1653],[136.88477,35.16584],[136.88444,35.16653],[136.88437,35.16667],[136.88411,35.16724],[136.88384,35.16784],[136.883731,35.168083],[136.88366,35.16824],[136.8835,35.16862],[136.88332,35.16903],[136.88314,35.16944],[136.88293,35.16989],[136.88284,35.17005]]},"properties":{"N02_001":"11","N02_002":"2","N02_003":"東海道線","N02_004":"東海旅客鉄道"}},{"type":"Feature","geometry":{"type":"LineString","coordinates":[[136.79681,35.30314],[136.79588,35.30497],[136.79517,35.30643],[136.7951,35.30656],[136.79509,35.3066],[136.79469,35.30743],[136.79464,35.30754],[136.79408,35.30867],[136.79396,35.30891],[136.79391,35.309],[136.79362,35.30964],[136.79346,35.30999],[136.79325,35.31042],[136.79316,35.31063],[136.79298,35.31101],[136.79291,35.31115],[136.79267,35.3117],[136.79265,35.31174],[136.79233,35.31239],[136.7922,35.31266],[136.79203,35.31302],[136.79192,35.31323],[136.79148,35.31413],[136.79137,35.31435],[136.79118,35.31474],[136.79115,35.31482],[136.79094,35.31523],[136.79078,35.31554],[136.79047,35.31617],[136.78992,35.31731],[136.78984,35.31745],[136.78962,35.31789],[136.78953,35.31809],[136.78915,35.31887],[136.78882,35.31955],[136.78874,35.31973],[136.78858,35.32006],[136.78833,35.32057],[136.7883,35.32063],[136.78746,35.32237],[136.78733,35.32264],[136.78714,35.32301],[136.78707,35.32317],[136.78646,35.32445],[136.78634,35.32468],[136.7863,35.32477],[136.78611,35.32515],[136.78584,35.32569],[136.78578,35.32582],[136.78574,35.3259],[136.78531,35.32679],[136.78525,35.32692],[136.78453,35.32839],[136.78438,35.3287],[136.78424,35.32904],[136.78407,35.32941],[136.78386,35.32989],[136.78372,35.33021],[136.78347,35.33086],[136.78337,35.33114],[136.78332,35.33127],[136.78297,35.33227],[136.78277,35.33286],[136.78253,35.3337],[136.78247,35.33391],[136.78238,35.3342],[136.78235,35.33432],[136.78233,35.33442],[136.7822,35.33489],[136.78174,35.33654],[136.78164,35.33711],[136.7816,35.33762],[136.78162,35.33813],[136.78167,35.33977],[136.78141,35.34558],[136.78129,35.34714]]},"properties":{"N02_001":"11","N02_002":"2","N02_003":"東海道線","N02_004":"東海旅客鉄道"}},{"type":"Feature","geometry":{"type":"LineString","coordinates":[[136.86224,35.19879],[136.86173,35.19932],[136.86042,35.20048]]},"properties":{"N02_001":"11","N02_002":"2","N02_003":"東海道線","N02_004":"東海旅客鉄道"}},{"type":"Feature","geometry":{"type":"LineString","coordinates":[[136.86224,35.19879],[136.86282,35.19805],[136.86333,35.19731],[136.86378,35.19659],[136.86432,35.19565],[136.8646,35.19513],[136.86466,35.19502],[136.864669,35.195001],[136.86471,35.19491],[136.86501,35.19432],[136.86532,35.19363],[136.86575,35.1926],[136.86613,35.19173],[136.866131,35.191728],[136.8666,35.19064],[136.86703,35.18967],[136.86748,35.18893],[136.86794,35.18833],[136.8685,35.18772],[136.86875,35.18747],[136.86962,35.18661],[136.87205,35.18445],[136.87349,35.1831],[136.87374,35.18285],[136.87517,35.18152],[136.87557,35.18112],[136.87593,35.18076],[136.8761,35.18058],[136.87697,35.17965],[136.87773,35.17869],[136.87836,35.17763],[136.878415,35.177538],[136.87854,35.17733],[136.87867,35.17712],[136.87913,35.1762],[136.87917,35.17613],[136.87926,35.17595],[136.8797,35.17507],[136.87992,35.1746],[136.87999,35.17443],[136.88005,35.1743]]},"properties":{"N02_001":"11","N02_002":"2","N02_003":"東海道線","N02_004":"東海旅客鉄道"}},{"type":"Feature","geometry":{"type":"LineString","coordinates":[[136.91111,35.12871],[136.91091,35.12921],[136.91053,35.13018],[136.91015,35.13111]]},"properties":{"N02_001":"11","N02_002":"2","N02_003":"東海道線","N02_004":"東海旅客鉄道"}},{"type":"Feature","geometry":{"type":"LineString","coordinates":[[136.91015,35.13111],[136.91009,35.13126],[136.90974,35.13216],[136.90955,35.13265],[136.90946,35.13288],[136.90908,35.13381],[136.90895,35.13411],[136.90887,35.1343],[136.90862,35.13496],[136.90842,35.13539],[136.90839,35.13545],[136.90827,35.13571],[136.90815,35.13597],[136.90777,35.13675],[136.90755,35.13712],[136.90746,35.13729],[136.90731,35.1375],[136.90712,35.13782],[136.90696,35.13807],[136.90672,35.13836],[136.90654,35.1386],[136.90629,35.1389],[136.90599,35.13923],[136.90571,35.13953],[136.9055,35.13978],[136.90507,35.14016],[136.90494,35.14025],[136.9046,35.14055],[136.9042,35.14085],[136.90377,35.14116],[136.90348,35.14139],[136.90318,35.14158],[136.90266,35.14193],[136.90217,35.14225],[136.90183,35.14241]]},"properties":{"N02_001":"11","N02_002":"2","N02_003":"東海道線","N02_004":"東海旅客鉄道"}},{"type":"Feature","geometry":{"type":"LineString","coordinates":[[136.92697,35.09397],[136.92599,35.09574],[136.92572,35.09624]]},"properties":{"N02_001":"11","N02_002":"2","N02_003":"東海道線","N02_004":"東海旅客鉄道"}},{"type":"Feature","geometry":{"type":"LineString","coordinates":[[136.84405,35.21451],[136.84472,35.214],[136.8457,35.21333],[136.84571,35.21332],[136.84622,35.21296],[136.84649,35.21269],[136.84666,35.21248],[136.84682,35.21222],[136.84694,35.21197],[136.84699,35.21184],[136.84713,35.21144],[136.84723,35.21117]]},"properties":{"N02_001":"11","N02_002":"2","N02_003":"東海道線","N02_004":"東海旅客鉄道"}},{"type":"Feature","geometry":{"type":"LineString","coordinates":[[136.882049,35.169764],[136.88197,35.16989],[136.881589,35.170595],[136.881301,35.171128],[136.8813,35.17113],[136.88084,35.17199],[136.88071,35.17227]]},"properties":{"N02_001":"11","N02_002":"2","N02_003":"東海道線","N02_004":"東海旅客鉄道"}},{"type":"Feature","geometry":{"type":"LineString","coordinates":[[136.83527,35.22432],[136.83546,35.22408],[136.835462,35.224077],[136.83565,35.22384],[136.83703,35.22211],[136.83863,35.22029],[136.84003,35.21881],[136.84019,35.21864],[136.84187,35.21688],[136.8425,35.21617],[136.8434,35.21521],[136.84371,35.21489],[136.84405,35.21451]]},"properties":{"N02_001":"11","N02_002":"2","N02_003":"東海道線","N02_004":"東海旅客鉄道"}},{"type":"Feature","geometry":{"type":"LineString","coordinates":[[136.79681,35.30314],[136.79795,35.30086]]},"properties":{"N02_001":"11","N02_002":"2","N02_003":"東海道線","N02_004":"東海旅客鉄道"}},{"type":"Feature","geometry":{"type":"LineString","coordinates":[[136.89964,35.14326],[136.8988,35.14356],[136.89808,35.14381],[136.89712,35.14414],[136.89626,35.14447],[136.89545,35.14477],[136.894852,35.144989],[136.89485,35.14499],[136.89449,35.14513],[136.8942,35.14523],[136.89377,35.1454],[136.89341,35.14556],[136.89264,35.14593],[136.89235,35.14608],[136.89204,35.14625],[136.89177,35.14644]]},"properties":{"N02_001":"11","N02_002":"2","N02_003":"東海道線","N02_004":"東海旅客鉄道"}},{"type":"Feature","geometry":{"type":"LineString","coordinates":[[136.88071,35.17227],[136.88023,35.17377]]},"properties":{"N02_001":"11","N02_002":"2","N02_003":"東海道線","N02_004":"東海旅客鉄道"}},{"type":"Feature","geometry":{"type":"LineString","coordinates":[[136.85142,35.20675],[136.85213,35.20604],[136.8526,35.20557],[136.85308,35.20515],[136.8534,35.2049],[136.85385,35.20459],[136.85443,35.20424],[136.854984,35.203973],[136.85578,35.20359],[136.85637,35.20325],[136.85691,35.20294],[136.85749,35.20259],[136.85829,35.20205],[136.85847,35.20191],[136.85967,35.20104],[136.85987,35.20089],[136.86042,35.20048]]},"properties":{"N02_001":"11","N02_002":"2","N02_003":"東海道線","N02_004":"東海旅客鉄道"}},{"type":"Feature","geometry":{"type":"LineString","coordinates":[[136.82043,35.25408],[136.82087,35.25322],[136.82149,35.25199]]},"properties":{"N02_001":"11","N02_002":"2","N02_003":"東海道線","N02_004":"東海旅客鉄道"}},{"type":"Feature","geometry":{"type":"LineString","coordinates":[[137.47606,34.72368],[137.47666,34.72362],[137.4773,34.7236],[137.47841,34.72361],[137.47899,34.72364],[137.47944,34.7237],[137.48008,34.72386],[137.48036,34.72393]]},"properties":{"N02_001":"11","N02_002":"2","N02_003":"東海道線","N02_004":"東海旅客鉄道"}},{"type":"Feature","geometry":{"type":"LineString","coordinates":[[137.47606,34.72368],[137.47903,34.72395],[137.47993,34.72397],[137.48036,34.72393]]},"properties":{"N02_001":"11","N02_002":"2","N02_003":"東海道線","N02_004":"東海旅客鉄道"}},{"type":"Feature","geometry":{"type":"LineString","coordinates":[[137.44036,34.72545],[137.44044,34.72543],[137.44176,34.72513],[137.44335,34.72476],[137.44361,34.7247],[137.44693,34.72392],[137.4482,34.72361],[137.45045,34.72309],[137.45322,34.72244],[137.45401,34.72229],[137.4542,34.72226],[137.45549,34.7221],[137.45656,34.72207],[137.45766,34.72211],[137.45883,34.7222],[137.46024,34.72231],[137.46503,34.72274],[137.46584,34.72282],[137.472,34.72333],[137.47346,34.72345],[137.47606,34.72368]]},"properties":{"N02_001":"11","N02_002":"2","N02_003":"東海道線","N02_004":"東海旅客鉄道"}},{"type":"Feature","geometry":{"type":"LineString","coordinates":[[137.43738,34.72614],[137.44036,34.72545]]},"properties":{"N02_001":"11","N02_002":"2","N02_003":"東海道線","N02_004":"東海旅客鉄道"}},{"type":"Feature","geometry":{"type":"LineString","coordinates":[[137.38333,34.76105],[137.38344,34.76087],[137.38352,34.76075],[137.38362,34.7606],[137.38399,34.76011],[137.38418,34.7598],[137.38479,34.75884],[137.38506,34.75846],[137.38564,34.75753],[137.38634,34.75639],[137.38719,34.75501],[137.38775,34.75412],[137.38777,34.7541],[137.38791,34.75388],[137.38824,34.75329],[137.38836,34.75309],[137.38864,34.7527],[137.38895,34.75235],[137.38947,34.75182],[137.389562,34.751738],[137.39018,34.75119],[137.39242,34.74906],[137.39425,34.74731],[137.39506,34.74652],[137.39523,34.74636],[137.39524,34.74634],[137.39541,34.74618],[137.39613,34.7455],[137.39768,34.74405],[137.39802,34.74374],[137.39884,34.74306],[137.39891,34.74301],[137.39957,34.74246],[137.40012,34.74209],[137.40333,34.7401],[137.40583,34.73857],[137.40764,34.73747],[137.40773,34.73741],[137.41033,34.7358],[137.414,34.73354],[137.41525,34.73278],[137.41648,34.73204],[137.41709,34.73173],[137.41763,34.73147],[137.41829,34.73119],[137.41933,34.73079],[137.42005,34.73056],[137.42105,34.73029],[137.42276,34.72986],[137.4268,34.72882],[137.42877,34.72832],[137.42948,34.72815],[137.43202,34.7275],[137.43382,34.72704],[137.43612,34.72646],[137.43738,34.72614]]},"properties":{"N02_001":"11","N02_002":"2","N02_003":"東海道線","N02_004":"東海旅客鉄道"}},{"type":"Feature","geometry":{"type":"LineString","coordinates":[[137.1648,34.85853],[137.165005,34.857765],[137.16506,34.85756],[137.16515,34.85722],[137.16519,34.85708],[137.16546,34.85612],[137.16563,34.85551],[137.16571,34.85523],[137.16578,34.85497],[137.16615,34.85362],[137.16622,34.85335],[137.16652,34.8523],[137.1669,34.8509],[137.16736,34.8493],[137.16767,34.84819],[137.16774,34.84793],[137.16786,34.84759],[137.16796,34.84734],[137.16812,34.84702],[137.16835,34.84663],[137.16869,34.84612],[137.16917,34.84541],[137.16943,34.84507],[137.16972,34.84467],[137.1701,34.8442],[137.17112,34.84286],[137.17228,34.84134],[137.17323,34.8401],[137.1745,34.83852],[137.1754,34.83748]]},"properties":{"N02_001":"11","N02_002":"2","N02_003":"東海道線","N02_004":"東海旅客鉄道"}},{"type":"Feature","geometry":{"type":"LineString","coordinates":[[137.20071,34.82507],[137.20007,34.82489],[137.19945,34.82481],[137.19867,34.82475],[137.19782,34.82479],[137.19735,34.82482],[137.19711,34.82484],[137.1967,34.82492],[137.19628,34.82502],[137.196012,34.825111],[137.19566,34.82523],[137.19563,34.82524],[137.19457,34.82562],[137.19373,34.82593],[137.19216,34.82652],[137.19099,34.82694],[137.18977,34.82739],[137.18871,34.82779],[137.18811,34.82802],[137.18767,34.8282],[137.18706,34.82848],[137.18674,34.82864],[137.18605,34.82902],[137.18535,34.82941],[137.1848,34.82975],[137.18393,34.83035],[137.18317,34.8309],[137.18093,34.83273],[137.17949,34.83391],[137.17798,34.83518]]},"properties":{"N02_001":"11","N02_002":"2","N02_003":"東海道線","N02_004":"東海旅客鉄道"}},{"type":"Feature","geometry":{"type":"LineString","coordinates":[[137.31783,34.81229],[137.3181,34.81222],[137.31955,34.81187],[137.32108,34.81149],[137.32145,34.8114],[137.3218,34.81131],[137.32197,34.81128],[137.32217,34.81123],[137.32234,34.81119],[137.32285,34.81107],[137.32319,34.81097],[137.3235,34.81088],[137.32378,34.81078],[137.32398,34.81072],[137.32425,34.81061],[137.32457,34.81049],[137.32484,34.81038],[137.32504,34.81029],[137.32522,34.81021],[137.32541,34.81013],[137.32572,34.81],[137.32599,34.80987],[137.32639,34.80968],[137.32696,34.80939],[137.32751,34.80914],[137.32819,34.80881],[137.32874,34.80855],[137.32954,34.80815],[137.32997,34.80795],[137.33037,34.80775],[137.33077,34.80756],[137.33119,34.80736],[137.33161,34.80716],[137.33211,34.80691],[137.33243,34.80676],[137.3327,34.80664],[137.33286,34.80656],[137.33307,34.80646],[137.33313,34.80643],[137.3332,34.80639],[137.33332,34.80633],[137.33352,34.80624],[137.33385,34.80608],[137.33399,34.80601],[137.33419,34.8059],[137.33508,34.80549],[137.3357,34.80519],[137.33632,34.8049],[137.33675,34.8047],[137.33723,34.80447],[137.33755,34.80431],[137.33775,34.80422],[137.33815,34.80402],[137.33855,34.80383],[137.33881,34.80369],[137.33896,34.80362],[137.33919,34.80352],[137.33933,34.80344],[137.33976,34.80324],[137.34046,34.80292],[137.34169,34.80232],[137.34228,34.80204],[137.34236,34.802],[137.34324,34.80158],[137.34411,34.80117],[137.34477,34.80085],[137.34571,34.8004],[137.34637,34.80009],[137.34735,34.79962],[137.34801,34.79929],[137.3488,34.79892],[137.34931,34.79866],[137.34994,34.79836],[137.3504,34.79813],[137.35091,34.79789],[137.35151,34.79759],[137.35181,34.79744]]},"properties":{"N02_001":"11","N02_002":"2","N02_003":"東海道線","N02_004":"東海旅客鉄道"}},{"type":"Feature","geometry":{"type":"LineString","coordinates":[[137.2292,34.82235],[137.22864,34.82246],[137.22716,34.82278],[137.22632,34.82295],[137.22557,34.82314]]},"properties":{"N02_001":"11","N02_002":"2","N02_003":"東海道線","N02_004":"東海旅客鉄道"}},{"type":"Feature","geometry":{"type":"LineString","coordinates":[[137.16411,34.8608],[137.16448,34.85963],[137.1648,34.85853]]},"properties":{"N02_001":"11","N02_002":"2","N02_003":"東海道線","N02_004":"東海旅客鉄道"}},{"type":"Feature","geometry":{"type":"LineString","coordinates":[[137.35356,34.79661],[137.35312,34.79684],[137.35243,34.79716],[137.35181,34.79744]]},"properties":{"N02_001":"11","N02_002":"2","N02_003":"東海道線","N02_004":"東海旅客鉄道"}},{"type":"Feature","geometry":{"type":"LineString","coordinates":[[137.08777,34.95991],[137.08708,34.96019],[137.08641,34.96045],[137.08592,34.96063],[137.08492,34.96102]]},"properties":{"N02_001":"11","N02_002":"2","N02_003":"東海道線","N02_004":"東海旅客鉄道"}},{"type":"Feature","geometry":{"type":"LineString","coordinates":[[137.28367,34.81601],[137.28338,34.81593],[137.28308,34.81582],[137.28252,34.81562],[137.28213,34.81548]]},"properties":{"N02_001":"11","N02_002":"2","N02_003":"東海道線","N02_004":"東海旅客鉄道"}},{"type":"Feature","geometry":{"type":"LineString","coordinates":[[137.15654,34.93131],[137.15653,34.93164],[137.15651,34.93177],[137.15646,34.93212],[137.15645,34.93217],[137.15637,34.9326],[137.1562,34.93334],[137.15609,34.93361],[137.15576,34.93425],[137.15554,34.93458],[137.15507,34.93516],[137.15492,34.93531],[137.1547,34.93552],[137.15424,34.93594],[137.1538,34.9363],[137.15351,34.93652],[137.153299,34.936652],[137.15311,34.93677],[137.15207,34.93737],[137.15095,34.93789],[137.15017,34.93816]]},"properties":{"N02_001":"11","N02_002":"2","N02_003":"東海道線","N02_004":"東海旅客鉄道"}},{"type":"Feature","geometry":{"type":"LineString","coordinates":[[137.12402,34.94636],[137.12531,34.94598],[137.12605,34.94576],[137.1271,34.94542],[137.12824,34.94506],[137.12898,34.94483],[137.12938,34.9447],[137.12964,34.94462],[137.12972,34.9446],[137.13032,34.9444],[137.1312,34.94412],[137.1321,34.94385],[137.1327,34.94365],[137.13331,34.94347],[137.13405,34.94324],[137.13486,34.94298],[137.13647,34.94247],[137.13807,34.94196],[137.1383,34.9419],[137.139,34.9417],[137.14016,34.94139],[137.14033,34.94134],[137.14054,34.94128],[137.14128,34.94106],[137.14172,34.94093],[137.14334,34.94047],[137.14464,34.94008],[137.14588,34.93972],[137.14651,34.93953],[137.14689,34.93942],[137.1479,34.93911],[137.14839,34.93894],[137.14898,34.9387],[137.14904,34.93868],[137.14929,34.93857],[137.14952,34.93847],[137.15017,34.93816]]},"properties":{"N02_001":"11","N02_002":"2","N02_003":"東海道線","N02_004":"東海旅客鉄道"}},{"type":"Feature","geometry":{"type":"LineString","coordinates":[[137.24951,34.81825],[137.25003,34.81816],[137.25038,34.81809],[137.25104,34.81796],[137.25162,34.81785],[137.25243,34.81769],[137.25291,34.81761],[137.25337,34.81752],[137.25376,34.81744],[137.25414,34.81737],[137.25451,34.81729],[137.25476,34.81724],[137.25492,34.81722],[137.25509,34.81719],[137.2553,34.81715],[137.25567,34.81708],[137.25633,34.81699],[137.2568,34.81692],[137.25708,34.81687],[137.25741,34.81683],[137.25783,34.81678],[137.25818,34.81673],[137.25873,34.81667],[137.25942,34.81658],[137.25991,34.81651],[137.26048,34.81642],[137.26108,34.81633],[137.26114,34.81631],[137.26138,34.81626],[137.26173,34.81618],[137.26205,34.81609],[137.26225,34.81603],[137.26272,34.81587],[137.26306,34.81578],[137.26336,34.81567],[137.26362,34.81559],[137.2638,34.81553],[137.26389,34.81549],[137.26415,34.81541],[137.2644,34.81532],[137.26466,34.81523],[137.26491,34.81515],[137.26516,34.81505],[137.2654,34.81496],[137.26564,34.81487],[137.26591,34.81478],[137.26662,34.81451],[137.26687,34.81442],[137.26705,34.81436],[137.26725,34.8143],[137.2677,34.81416],[137.26814,34.81401],[137.26851,34.8139],[137.26898,34.81378],[137.26921,34.81374],[137.26944,34.81369],[137.26971,34.81367],[137.27001,34.81366],[137.27037,34.81365],[137.27101,34.81366],[137.27156,34.81368],[137.27192,34.8137],[137.27215,34.81372],[137.27262,34.81377],[137.2732,34.81382],[137.27388,34.81389],[137.27466,34.81396],[137.27521,34.81401],[137.27567,34.81406],[137.27586,34.81408],[137.27618,34.81411],[137.27652,34.81415],[137.27663,34.81415],[137.27692,34.81418],[137.27702,34.81419],[137.27712,34.8142],[137.2776,34.81426],[137.27804,34.81435],[137.2784,34.81441],[137.27907,34.81453],[137.27962,34.81465],[137.27983,34.81471],[137.28024,34.81483],[137.28041,34.81489],[137.280669,34.81498],[137.28087,34.81505],[137.28173,34.81534],[137.28213,34.81548]]},"properties":{"N02_001":"11","N02_002":"2","N02_003":"東海道線","N02_004":"東海旅客鉄道"}},{"type":"Feature","geometry":{"type":"LineString","coordinates":[[137.28367,34.81601],[137.28394,34.81609],[137.28431,34.81617],[137.28464,34.81623],[137.28507,34.8163],[137.28565,34.81637],[137.2865,34.81646],[137.28715,34.81651],[137.28825,34.81659],[137.28892,34.81664],[137.28953,34.81668],[137.28976,34.8167],[137.29019,34.81673],[137.29048,34.81675],[137.29089,34.81677],[137.29118,34.81679],[137.29145,34.81681],[137.29171,34.81682],[137.29189,34.81684],[137.29212,34.81686],[137.2924,34.81688],[137.29249,34.81688],[137.29258,34.81688],[137.29298,34.81692],[137.29337,34.81695],[137.29349,34.81696],[137.293491,34.81696],[137.2938,34.81698],[137.29415,34.81701],[137.295,34.81705],[137.29562,34.8171],[137.29583,34.81711],[137.29669,34.81712],[137.29733,34.81712],[137.29759,34.81711],[137.29779,34.8171],[137.29802,34.81709],[137.29855,34.81706],[137.29899,34.817],[137.29939,34.81693],[137.29949,34.81691],[137.30035,34.81673],[137.301,34.81657],[137.30145,34.81645],[137.30234,34.81621],[137.30311,34.81602],[137.30437,34.8157],[137.30513,34.81551],[137.30628,34.81522],[137.30671,34.81511],[137.30721,34.81498],[137.30766,34.81486],[137.30833,34.8147],[137.30877,34.81459],[137.30944,34.81443],[137.3098,34.81433],[137.30998,34.81428],[137.31018,34.81423],[137.31032,34.8142],[137.3106,34.81412],[137.31091,34.81404],[137.31125,34.81396],[137.31202,34.81375],[137.31271,34.81357],[137.31341,34.81339],[137.3139,34.81327],[137.31478,34.81303],[137.31534,34.81288]]},"properties":{"N02_001":"11","N02_002":"2","N02_003":"東海道線","N02_004":"東海旅客鉄道"}},{"type":"Feature","geometry":{"type":"LineString","coordinates":[[137.22557,34.82314],[137.22474,34.82333],[137.22336,34.82363],[137.22174,34.82398],[137.22049,34.82425],[137.21894,34.82458],[137.21746,34.8249],[137.21615,34.82518],[137.21597,34.82522],[137.21563,34.8253],[137.21455,34.82554],[137.21319,34.82582],[137.21206,34.82607],[137.21098,34.8263],[137.20974,34.82658],[137.209,34.82675],[137.20833,34.82688],[137.20819,34.82691],[137.20787,34.82696],[137.2074,34.82703],[137.20716,34.82704],[137.20659,34.82705],[137.2062,34.82703],[137.20597,34.827],[137.20509,34.82684],[137.20469,34.82675],[137.20429,34.82663],[137.20406,34.82655],[137.20288,34.82605],[137.20224,34.82577]]},"properties":{"N02_001":"11","N02_002":"2","N02_003":"東海道線","N02_004":"東海旅客鉄道"}},{"type":"Feature","geometry":{"type":"LineString","coordinates":[[137.12229,34.94688],[137.12203,34.94697],[137.12197,34.94699],[137.12181,34.94703],[137.12163,34.94708],[137.12141,34.94714],[137.12123,34.94719],[137.12111,34.94723],[137.12031,34.94747],[137.12023,34.9475],[137.12001,34.94757],[137.11974,34.94765],[137.11903,34.94787],[137.11879,34.94794],[137.11852,34.94802],[137.11774,34.94826],[137.11725,34.94841],[137.11655,34.94863],[137.11623,34.94873],[137.11614,34.94876],[137.11563,34.94893],[137.11447,34.94936],[137.11374,34.94966],[137.11255,34.95012],[137.11163,34.95048],[137.11121,34.95064],[137.111209,34.950641],[137.11096,34.95073],[137.10974,34.95121],[137.10964,34.95125],[137.1084,34.95174],[137.1079,34.95193],[137.10661,34.95245],[137.10633,34.95256],[137.10589,34.95273],[137.10428,34.95336],[137.10358,34.95364],[137.10228,34.95415],[137.10126,34.95456],[137.10119,34.95458],[137.09967,34.9552],[137.09946,34.95528],[137.09924,34.95536],[137.09904,34.95545],[137.09886,34.95552],[137.09831,34.95574],[137.09774,34.95597],[137.0973,34.95615],[137.0963,34.95653],[137.09576,34.95675],[137.0952,34.95699],[137.09363,34.95759],[137.09328,34.95773],[137.093279,34.95773],[137.09244,34.95805],[137.09181,34.95829],[137.09173,34.95832],[137.08999,34.95901],[137.08954,34.9592],[137.0888,34.9595],[137.08858,34.95958],[137.0878,34.9599],[137.08777,34.95991]]},"properties":{"N02_001":"11","N02_002":"2","N02_003":"東海道線","N02_004":"東海旅客鉄道"}},{"type":"Feature","geometry":{"type":"LineString","coordinates":[[137.1754,34.83748],[137.17632,34.83661],[137.17649,34.83646],[137.17798,34.83518]]},"properties":{"N02_001":"11","N02_002":"2","N02_003":"東海道線","N02_004":"東海旅客鉄道"}},{"type":"Feature","geometry":{"type":"LineString","coordinates":[[137.24656,34.81879],[137.24671,34.81877],[137.24702,34.8187],[137.24788,34.81854],[137.24884,34.81836],[137.24951,34.81825]]},"properties":{"N02_001":"11","N02_002":"2","N02_003":"東海道線","N02_004":"東海旅客鉄道"}},{"type":"Feature","geometry":{"type":"LineString","coordinates":[[137.24656,34.81879],[137.24611,34.81887],[137.24586,34.81892],[137.24551,34.81898],[137.24423,34.81925],[137.24324,34.81944],[137.24313,34.81946],[137.24294,34.8195],[137.24254,34.81958],[137.24128,34.81984],[137.24012,34.82006],[137.23958,34.82018],[137.23919,34.82025],[137.23891,34.82031],[137.23836,34.82042],[137.23718,34.82065],[137.23708,34.82067],[137.23682,34.82073],[137.23598,34.8209],[137.23424,34.82126],[137.2326,34.82162],[137.23114,34.82193],[137.22978,34.82223],[137.2292,34.82235]]},"properties":{"N02_001":"11","N02_002":"2","N02_003":"東海道線","N02_004":"東海旅客鉄道"}},{"type":"Feature","geometry":{"type":"LineString","coordinates":[[137.12402,34.94636],[137.12229,34.94688]]},"properties":{"N02_001":"11","N02_002":"2","N02_003":"東海道線","N02_004":"東海旅客鉄道"}},{"type":"Feature","geometry":{"type":"LineString","coordinates":[[137.20224,34.82577],[137.20156,34.82544],[137.20071,34.82507]]},"properties":{"N02_001":"11","N02_002":"2","N02_003":"東海道線","N02_004":"東海旅客鉄道"}},{"type":"Feature","geometry":{"type":"LineString","coordinates":[[137.15613,34.93229],[137.15577,34.93301],[137.15527,34.93384],[137.15493,34.93433],[137.15451,34.93485],[137.15417,34.93525],[137.15365,34.93577],[137.15328,34.93613],[137.15286,34.93649],[137.15229,34.93692],[137.15166,34.93733],[137.15118,34.93763],[137.15033,34.93808],[137.15017,34.93816]]},"properties":{"N02_001":"11","N02_002":"2","N02_003":"東海道線","N02_004":"東海旅客鉄道"}},{"type":"Feature","geometry":{"type":"LineString","coordinates":[[137.31783,34.81229],[137.31534,34.81288]]},"properties":{"N02_001":"11","N02_002":"2","N02_003":"東海道線","N02_004":"東海旅客鉄道"}},{"type":"Feature","geometry":{"type":"LineString","coordinates":[[137.35356,34.79661],[137.35413,34.79635],[137.35461,34.79612],[137.35519,34.79583],[137.3557,34.79559],[137.35618,34.79535],[137.35683,34.79501],[137.35743,34.79469],[137.35805,34.79433],[137.35843,34.7941],[137.35886,34.79386],[137.3594,34.79353],[137.35973,34.79332],[137.35993,34.79319],[137.36011,34.79304],[137.3603,34.7929],[137.36041,34.79281],[137.36062,34.79266],[137.36109,34.7923],[137.36115,34.79225],[137.36144,34.79199],[137.36187,34.79163],[137.36233,34.79122],[137.36239,34.79117],[137.36259,34.79098],[137.36272,34.79087],[137.36293,34.79066],[137.36343,34.7902],[137.36378,34.78985],[137.36386,34.78977],[137.36433,34.7893],[137.36472,34.78891],[137.36501,34.7886],[137.3656,34.78796],[137.36607,34.78741],[137.36643,34.78696],[137.36649,34.78688],[137.36662,34.78669],[137.36678,34.78648],[137.36718,34.78597],[137.36759,34.78531],[137.3682,34.78433],[137.36834,34.78412],[137.36849,34.78389],[137.36866,34.78364],[137.369,34.78312],[137.36916,34.78287],[137.36919,34.78282],[137.36965,34.78211],[137.36972,34.78201],[137.36983,34.78185],[137.36985,34.78181],[137.37037,34.78101],[137.37058,34.78067],[137.37066,34.78056],[137.37074,34.78041],[137.37079,34.78033],[137.37119,34.77972],[137.37169,34.77897],[137.37194,34.77858],[137.37201,34.77848],[137.37223,34.77816],[137.3728,34.77731],[137.3737,34.77594],[137.37425,34.77511],[137.3744,34.77487],[137.37471,34.77441],[137.37583,34.77268],[137.37678,34.77123],[137.37786,34.76955],[137.37823,34.76898],[137.3784,34.76873],[137.379,34.76781],[137.3797,34.76675],[137.37988,34.76646],[137.38043,34.7656],[137.38091,34.76483],[137.38112,34.76451],[137.38141,34.76404]]},"properties":{"N02_001":"11","N02_002":"2","N02_003":"東海道線","N02_004":"東海旅客鉄道"}},{"type":"Feature","geometry":{"type":"LineString","coordinates":[[137.15654,34.93131],[137.15638,34.93171],[137.15625,34.93201],[137.15613,34.93229]]},"properties":{"N02_001":"11","N02_002":"2","N02_003":"東海道線","N02_004":"東海旅客鉄道"}},{"type":"Feature","geometry":{"type":"LineString","coordinates":[[137.15739,34.9239],[137.15716,34.92666],[137.15715,34.92679]]},"properties":{"N02_001":"11","N02_002":"2","N02_003":"東海道線","N02_004":"東海旅客鉄道"}},{"type":"Feature","geometry":{"type":"LineString","coordinates":[[137.15715,34.92679],[137.15709,34.92777],[137.15706,34.92819],[137.15697,34.92906],[137.15694,34.92937],[137.15691,34.92957],[137.15685,34.93017],[137.15683,34.93024],[137.15677,34.93049],[137.15665,34.93101],[137.15654,34.93131]]},"properties":{"N02_001":"11","N02_002":"2","N02_003":"東海道線","N02_004":"東海旅客鉄道"}},{"type":"Feature","geometry":{"type":"LineString","coordinates":[[137.38333,34.76105],[137.38294,34.76166],[137.38175,34.7635]]},"properties":{"N02_001":"11","N02_002":"2","N02_003":"東海道線","N02_004":"東海旅客鉄道"}},{"type":"Feature","geometry":{"type":"LineString","coordinates":[[137.38175,34.7635],[137.38172,34.76354],[137.38141,34.76404]]},"properties":{"N02_001":"11","N02_002":"2","N02_003":"東海道線","N02_004":"東海旅客鉄道"}},{"type":"Feature","geometry":{"type":"LineString","coordinates":[[137.08492,34.96102],[137.08367,34.9615],[137.08338,34.96163],[137.08324,34.96168],[137.08245,34.96197],[137.08205,34.96213],[137.08116,34.96249],[137.08037,34.9628],[137.08024,34.96285],[137.07953,34.96312],[137.07846,34.96354],[137.07777,34.96381],[137.07693,34.96415],[137.07639,34.96437],[137.07623,34.96443],[137.07529,34.96479],[137.07518,34.96483],[137.07466,34.96504],[137.07363,34.96546],[137.07262,34.96585],[137.07236,34.96596],[137.07129,34.96639],[137.07082,34.96657],[137.07,34.96689],[137.06953,34.96707],[137.06847,34.96749],[137.06782,34.96774],[137.06693,34.9681],[137.06641,34.96832],[137.06626,34.96838],[137.06607,34.96845],[137.06587,34.96853],[137.06584,34.96854],[137.06549,34.96868],[137.06482,34.96893],[137.06407,34.96924],[137.06298,34.96967]]},"properties":{"N02_001":"11","N02_002":"2","N02_003":"東海道線","N02_004":"東海旅客鉄道"}},{"type":"Feature","geometry":{"type":"LineString","coordinates":[[137.05986,34.97091],[137.05863,34.9714],[137.057833,34.971709],[137.05783,34.97171],[137.05658,34.97219],[137.05642,34.97226],[137.05505,34.97281],[137.05442,34.97306],[137.05375,34.97332],[137.05305,34.97361],[137.0527,34.97374],[137.05092,34.97447],[137.05046,34.97465],[137.04869,34.97536],[137.04818,34.97556],[137.04759,34.97579],[137.04647,34.97624],[137.046469,34.97624],[137.04499,34.97683]]},"properties":{"N02_001":"11","N02_002":"2","N02_003":"東海道線","N02_004":"東海旅客鉄道"}},{"type":"Feature","geometry":{"type":"LineString","coordinates":[[137.06298,34.96967],[137.0613,34.97033],[137.06069,34.97058],[137.0605,34.97065],[137.06037,34.97071],[137.05986,34.97091]]},"properties":{"N02_001":"11","N02_002":"2","N02_003":"東海道線","N02_004":"東海旅客鉄道"}},{"type":"Feature","geometry":{"type":"LineString","coordinates":[[137.48036,34.72393],[137.48061,34.72399],[137.48092,34.72407],[137.48121,34.72412],[137.4814,34.72413],[137.48163,34.72412],[137.48208,34.72404],[137.4822,34.724],[137.482201,34.723999]]},"properties":{"N02_001":"11","N02_002":"2","N02_003":"東海道線","N02_004":"東海旅客鉄道"}},{"type":"Feature","geometry":{"type":"LineString","coordinates":[[137.48036,34.72393],[137.48068,34.7239],[137.48213,34.72365],[137.48223,34.72364],[137.482233,34.72364]]},"properties":{"N02_001":"11","N02_002":"2","N02_003":"東海道線","N02_004":"東海旅客鉄道"}},{"type":"Feature","geometry":{"type":"LineString","coordinates":[[137.66356,35.00108],[137.66347,35.00092],[137.66334,35.00074],[137.66316,35.00056],[137.66301,35.00042],[137.66278,35.00025],[137.66237,35],[137.66235,34.99999],[137.66202,34.99981],[137.66172,34.99967],[137.66152,34.9996],[137.66124,34.99952],[137.66088,34.99943],[137.66032,34.99932],[137.65988,34.99927],[137.65896,34.99913],[137.65874,34.99908],[137.65861,34.99905],[137.65844,34.99899],[137.65826,34.99892],[137.65808,34.99883],[137.65773,34.99865],[137.65718,34.99835],[137.65664,34.99802],[137.65644,34.99792],[137.65631,34.99786],[137.65617,34.99783],[137.65578,34.99775],[137.65533,34.99766],[137.6552,34.99763],[137.65486,34.99756],[137.65466,34.99752],[137.65442,34.99748],[137.6541,34.99742],[137.65367,34.99735],[137.65345,34.99732],[137.65304,34.99725],[137.65277,34.99718],[137.65243,34.99707],[137.65219,34.997],[137.65208,34.99696],[137.65194,34.99691],[137.65182,34.99684],[137.65164,34.99674],[137.6514,34.99658],[137.65111,34.99636],[137.65071,34.99604],[137.6502,34.99565],[137.65013,34.99559],[137.64982,34.99534],[137.6496,34.99515],[137.64944,34.99498],[137.6493,34.99481],[137.64913,34.99458],[137.64892,34.99432],[137.64878,34.99413],[137.6486,34.99391],[137.64846,34.99367],[137.64843,34.99362],[137.64836,34.99352],[137.6482,34.99326],[137.64804,34.99305],[137.64786,34.99284],[137.64775,34.99272],[137.6475,34.99247],[137.64725,34.99226],[137.64699,34.99205],[137.64678,34.9919],[137.64648,34.99171],[137.64634,34.99163],[137.64603,34.99144],[137.64565,34.99124],[137.64497,34.99095],[137.64453,34.99075],[137.64439,34.99069]]},"properties":{"N02_001":"11","N02_002":"2","N02_003":"飯田線","N02_004":"東海旅客鉄道"}},{"type":"Feature","geometry":{"type":"LineString","coordinates":[[137.7134,35.0289],[137.71431,35.02904]]},"properties":{"N02_001":"11","N02_002":"2","N02_003":"飯田線","N02_004":"東海旅客鉄道"}},{"type":"Feature","geometry":{"type":"LineString","coordinates":[[137.70439,35.02463],[137.70473,35.02486],[137.705,35.0251],[137.7054,35.02549],[137.7058,35.02587],[137.70618,35.02624],[137.70671,35.02673],[137.70718,35.02712],[137.70742,35.02732],[137.7077,35.02749],[137.70793,35.02761],[137.70848,35.02784],[137.7094,35.02821],[137.71023,35.0285],[137.71056,35.02859],[137.71081,35.02865],[137.7113,35.02872],[137.71206,35.02877],[137.7134,35.0289]]},"properties":{"N02_001":"11","N02_002":"2","N02_003":"飯田線","N02_004":"東海旅客鉄道"}},{"type":"Feature","geometry":{"type":"LineString","coordinates":[[137.70367,35.02418],[137.70369,35.0242],[137.703869,35.024309],[137.70387,35.02431],[137.70439,35.02463]]},"properties":{"N02_001":"11","N02_002":"2","N02_003":"飯田線","N02_004":"東海旅客鉄道"}},{"type":"Feature","geometry":{"type":"LineString","coordinates":[[137.6644,35.00233],[137.66502,35.00327],[137.66513,35.00343],[137.66531,35.00361],[137.66568,35.00386],[137.66604,35.00411],[137.66609,35.00414],[137.66642,35.00432],[137.66672,35.00446],[137.66693,35.00454],[137.66721,35.00463],[137.66738,35.00466],[137.66763,35.00467],[137.66792,35.00465],[137.66862,35.00455],[137.66881,35.00452],[137.66931,35.00444],[137.66934,35.00444],[137.67005,35.00436],[137.67026,35.00434],[137.67048,35.00434],[137.67055,35.00435],[137.6707,35.00438],[137.67099,35.00447],[137.67118,35.00453],[137.67176,35.0047],[137.67235,35.00489],[137.67287,35.00505],[137.67316,35.00513],[137.67358,35.00522],[137.67418,35.0053],[137.67486,35.00539],[137.67592,35.00557],[137.67647,35.00569],[137.67679,35.00579],[137.67718,35.00596],[137.67749,35.00611],[137.67775,35.00626],[137.67789,35.00636],[137.67802,35.00647],[137.67807,35.00652],[137.67822,35.00666],[137.67831,35.00675],[137.67853,35.00696],[137.67869,35.00712],[137.67895,35.00743],[137.67912,35.00775],[137.67922,35.00798],[137.67928,35.00823],[137.67934,35.00849],[137.67937,35.00873],[137.67937,35.00889],[137.67935,35.0091],[137.67929,35.00937],[137.67922,35.00961],[137.67921,35.00963],[137.67913,35.0099],[137.67912,35.00995],[137.67886,35.0104],[137.67868,35.01074],[137.67866,35.01078],[137.67863,35.01088],[137.6786,35.01098],[137.67851,35.01131],[137.67849,35.01138],[137.67846,35.01169],[137.67846,35.01193],[137.67848,35.01213],[137.6785,35.01231],[137.67853,35.01241],[137.67854,35.01244],[137.67861,35.01259],[137.67867,35.01274],[137.67875,35.01287],[137.67886,35.01298],[137.6791,35.01319],[137.67926,35.01333],[137.6795,35.01356],[137.67984,35.01386],[137.6799,35.01391],[137.68006,35.01402],[137.68013,35.01407],[137.68037,35.0142],[137.68057,35.0143],[137.68063,35.01433],[137.68108,35.01451],[137.68139,35.0146],[137.68163,35.01466],[137.68193,35.01469],[137.68239,35.01467],[137.68318,35.01459],[137.68377,35.01451],[137.68419,35.01446],[137.68456,35.01446],[137.68484,35.01447],[137.68509,35.01451],[137.68525,35.01457],[137.68576,35.01479],[137.6862,35.01499],[137.68653,35.0152],[137.68684,35.01548],[137.68709,35.01577],[137.68766,35.01646],[137.68784,35.01667],[137.68808,35.01693],[137.68832,35.01713],[137.68849,35.01726],[137.68882,35.01749],[137.68898,35.01759],[137.68921,35.01771],[137.68963,35.01794],[137.68988,35.01805],[137.6901,35.01815],[137.69114,35.0186],[137.69139,35.01871],[137.69155,35.01878],[137.69233,35.01906],[137.69251,35.01913],[137.69265,35.01918],[137.6938,35.01958],[137.69443,35.01983],[137.69639,35.02065],[137.69728,35.02103],[137.69807,35.02136],[137.69853,35.02154],[137.70038,35.02249],[137.70177,35.02319],[137.70224,35.02342],[137.70268,35.02366],[137.70342,35.02404],[137.70367,35.02418]]},"properties":{"N02_001":"11","N02_002":"2","N02_003":"飯田線","N02_004":"東海旅客鉄道"}},{"type":"Feature","geometry":{"type":"LineString","coordinates":[[137.64439,34.99069],[137.64397,34.9905],[137.64368,34.99037]]},"properties":{"N02_001":"11","N02_002":"2","N02_003":"飯田線","N02_004":"東海旅客鉄道"}},{"type":"Feature","geometry":{"type":"LineString","coordinates":[[137.64368,34.99037],[137.64346,34.99027],[137.64257,34.98989],[137.64145,34.98941],[137.64118,34.9893],[137.6406,34.98905],[137.64019,34.9889],[137.64011,34.98888],[137.64004,34.98886],[137.6398,34.98885],[137.63915,34.98886],[137.6389,34.98886],[137.63857,34.98888],[137.63829,34.98894],[137.63809,34.98899],[137.63766,34.9891],[137.63748,34.98913],[137.63738,34.98914],[137.63718,34.98916],[137.63704,34.98916],[137.63681,34.98916],[137.63612,34.98912],[137.63597,34.98911],[137.63577,34.98907],[137.63563,34.98904],[137.63535,34.98897],[137.6353,34.98896],[137.63508,34.9889],[137.63493,34.98887],[137.63475,34.98885],[137.63452,34.98883],[137.63432,34.98884],[137.63374,34.98888],[137.63362,34.9889],[137.63337,34.98892],[137.63325,34.98894],[137.63307,34.98897],[137.63284,34.98903],[137.63264,34.98908],[137.63245,34.98913],[137.6322,34.9892],[137.63155,34.98941],[137.63093,34.98963],[137.63058,34.98974],[137.63012,34.98991],[137.62992,34.98995],[137.62978,34.98998],[137.62911,34.99005],[137.62857,34.99011],[137.62827,34.99015],[137.6277,34.9902],[137.62756,34.9902],[137.62748,34.99019],[137.6274,34.99018],[137.62687,34.99011],[137.62602,34.98996],[137.62589,34.98994],[137.62553,34.98987],[137.62529,34.98982],[137.62488,34.98972],[137.62459,34.98963],[137.62444,34.98958],[137.62423,34.9895],[137.6237,34.98924],[137.62336,34.98903],[137.62323,34.98895],[137.62277,34.98872],[137.62246,34.98858],[137.62213,34.9885],[137.62198,34.98849],[137.62168,34.98852]]},"properties":{"N02_001":"11","N02_002":"2","N02_003":"飯田線","N02_004":"東海旅客鉄道"}},{"type":"Feature","geometry":{"type":"LineString","coordinates":[[137.71431,35.02904],[137.71456,35.02915],[137.71499,35.02942],[137.71525,35.0296],[137.71574,35.02995],[137.71617,35.03026],[137.71635,35.03039],[137.71648,35.03049],[137.71723,35.03112],[137.71742,35.03127],[137.717421,35.031271]]},"properties":{"N02_001":"11","N02_002":"2","N02_003":"飯田線","N02_004":"東海旅客鉄道"}},{"type":"Feature","geometry":{"type":"LineString","coordinates":[[137.62013,34.98858],[137.62168,34.98852]]},"properties":{"N02_001":"11","N02_002":"2","N02_003":"飯田線","N02_004":"東海旅客鉄道"}},{"type":"Feature","geometry":{"type":"LineString","coordinates":[[137.6644,35.00233],[137.66433,35.00221],[137.66369,35.00128],[137.66356,35.00108]]},"properties":{"N02_001":"11","N02_002":"2","N02_003":"飯田線","N02_004":"東海旅客鉄道"}},{"type":"Feature","geometry":{"type":"LineString","coordinates":[[137.52682,34.9122],[137.52622,34.9122],[137.52565,34.91222],[137.52504,34.91224],[137.52445,34.91227],[137.52373,34.9123],[137.52261,34.91227],[137.52173,34.91224],[137.52135,34.91224],[137.52097,34.91222],[137.52026,34.91212],[137.51996,34.91206],[137.5196,34.91199],[137.51884,34.91177],[137.51795,34.9115],[137.51645,34.91102],[137.51516,34.9106],[137.51494,34.91052]]},"properties":{"N02_001":"11","N02_002":"2","N02_003":"飯田線","N02_004":"東海旅客鉄道"}},{"type":"Feature","geometry":{"type":"LineString","coordinates":[[137.55106,34.92112],[137.55187,34.9206],[137.55196,34.92054]]},"properties":{"N02_001":"11","N02_002":"2","N02_003":"飯田線","N02_004":"東海旅客鉄道"}},{"type":"Feature","geometry":{"type":"LineString","coordinates":[[137.60284,34.95152],[137.60316,34.95244]]},"properties":{"N02_001":"11","N02_002":"2","N02_003":"飯田線","N02_004":"東海旅客鉄道"}},{"type":"Feature","geometry":{"type":"LineString","coordinates":[[137.52781,34.91228],[137.52801,34.9123],[137.52842,34.91242],[137.52883,34.91257],[137.52933,34.91277],[137.52959,34.91291],[137.52981,34.91308],[137.53009,34.91336],[137.53047,34.91393],[137.53066,34.91425],[137.53105,34.91484],[137.53148,34.91548],[137.53173,34.91586],[137.53236,34.91684],[137.53299,34.91774],[137.5335,34.91844],[137.53371,34.91871],[137.53425,34.91926],[137.53431,34.91933],[137.53495,34.91994],[137.53575,34.92076],[137.53672,34.92173],[137.53757,34.92261],[137.53792,34.92296],[137.53883,34.92392],[137.53926,34.92438],[137.53956,34.92466],[137.53993,34.92495],[137.53996,34.92497],[137.54058,34.92543],[137.54108,34.92579],[137.54139,34.92603],[137.54159,34.92618],[137.54182,34.9264],[137.54201,34.92657],[137.54211,34.9267],[137.54241,34.92702],[137.54272,34.92736],[137.54329,34.92802],[137.54367,34.92843],[137.54386,34.92859],[137.54403,34.92871],[137.54418,34.9288],[137.54496,34.9292],[137.54538,34.9294],[137.54597,34.92967],[137.54674,34.93001],[137.54699,34.93007],[137.54771,34.93016],[137.54802,34.93018],[137.54845,34.93018]]},"properties":{"N02_001":"11","N02_002":"2","N02_003":"飯田線","N02_004":"東海旅客鉄道"}},{"type":"Feature","geometry":{"type":"LineString","coordinates":[[137.56582,34.92626],[137.56671,34.92665],[137.56736,34.92694],[137.56785,34.92722],[137.56807,34.92738],[137.56817,34.92748],[137.5683,34.92764],[137.56849,34.92789],[137.56868,34.92818],[137.56898,34.92865],[137.56927,34.9291],[137.56948,34.92942],[137.56969,34.9297],[137.56998,34.93008],[137.57016,34.93025],[137.5703,34.93038],[137.57049,34.93051],[137.57082,34.93069],[137.57109,34.93084],[137.57119,34.9309],[137.57163,34.93115],[137.57246,34.93157],[137.57291,34.9318],[137.57323,34.93197],[137.57351,34.9321],[137.5737,34.93217],[137.57397,34.93224],[137.57425,34.9323],[137.57489,34.93239],[137.57592,34.9325]]},"properties":{"N02_001":"11","N02_002":"2","N02_003":"飯田線","N02_004":"東海旅客鉄道"}},{"type":"Feature","geometry":{"type":"LineString","coordinates":[[137.55196,34.92054],[137.55262,34.92015],[137.55284,34.92],[137.55294,34.91995],[137.55317,34.91982],[137.55328,34.91977],[137.55344,34.9197],[137.55367,34.91961],[137.55395,34.91952],[137.55414,34.91947],[137.55428,34.91944],[137.5545,34.9194],[137.55475,34.91937],[137.55487,34.91936],[137.55509,34.91935],[137.55537,34.91935],[137.55562,34.91936],[137.55585,34.91939],[137.55608,34.91942],[137.55624,34.91946],[137.55653,34.91953],[137.5568,34.91962],[137.55705,34.91972],[137.55726,34.9198],[137.55742,34.91986],[137.55755,34.91995],[137.55775,34.92008],[137.5579,34.92019],[137.55804,34.9203],[137.5583,34.92057],[137.55897,34.92124],[137.55928,34.92159],[137.55963,34.92197],[137.55981,34.92215],[137.56056,34.92299],[137.56161,34.92419],[137.56177,34.92437],[137.56192,34.92453],[137.56221,34.92472],[137.56273,34.92509],[137.56292,34.92521],[137.56314,34.9253],[137.56342,34.92538],[137.56432,34.92569],[137.56436,34.9257]]},"properties":{"N02_001":"11","N02_002":"2","N02_003":"飯田線","N02_004":"東海旅客鉄道"}},{"type":"Feature","geometry":{"type":"LineString","coordinates":[[137.61288,34.97015],[137.61299,34.97041],[137.61321,34.97093]]},"properties":{"N02_001":"11","N02_002":"2","N02_003":"飯田線","N02_004":"東海旅客鉄道"}},{"type":"Feature","geometry":{"type":"LineString","coordinates":[[137.47855,34.88973],[137.47723,34.88886]]},"properties":{"N02_001":"11","N02_002":"2","N02_003":"飯田線","N02_004":"東海旅客鉄道"}},{"type":"Feature","geometry":{"type":"LineString","coordinates":[[137.45604,34.87625],[137.45572,34.87621],[137.45433,34.87601]]},"properties":{"N02_001":"11","N02_002":"2","N02_003":"飯田線","N02_004":"東海旅客鉄道"}},{"type":"Feature","geometry":{"type":"LineString","coordinates":[[137.54957,34.93013],[137.54989,34.9301],[137.55024,34.93001],[137.55058,34.92989],[137.5508,34.92977],[137.55108,34.92956],[137.55132,34.92937],[137.55152,34.92914],[137.55162,34.92902],[137.55176,34.92875],[137.55182,34.92855],[137.55185,34.92834],[137.55186,34.92815],[137.55185,34.92798],[137.55182,34.92787],[137.55174,34.92771],[137.55161,34.92749],[137.55154,34.92737],[137.55123,34.92697],[137.55095,34.9266],[137.55064,34.92615],[137.55046,34.92588],[137.55034,34.92566],[137.55025,34.92552],[137.55015,34.92536],[137.55006,34.92522],[137.54993,34.92492],[137.54985,34.92468],[137.54979,34.92444],[137.54974,34.92408],[137.54972,34.92383],[137.54973,34.92379],[137.54973,34.92364],[137.54977,34.92333],[137.54983,34.92297],[137.54991,34.9227],[137.55,34.92248],[137.5501,34.92226],[137.55019,34.92208],[137.55039,34.92177],[137.55064,34.92144],[137.55094,34.92119],[137.55106,34.92112]]},"properties":{"N02_001":"11","N02_002":"2","N02_003":"飯田線","N02_004":"東海旅客鉄道"}},{"type":"Feature","geometry":{"type":"LineString","coordinates":[[137.44101,34.86769],[137.44072,34.86762],[137.4403,34.86755],[137.43986,34.86752],[137.43905,34.86752],[137.43797,34.86746],[137.43761,34.86739],[137.43725,34.8673],[137.43695,34.86721],[137.4366,34.86707],[137.43591,34.86675],[137.43327,34.86541],[137.4326,34.86507],[137.43188,34.86469]]},"properties":{"N02_001":"11","N02_002":"2","N02_003":"飯田線","N02_004":"東海旅客鉄道"}},{"type":"Feature","geometry":{"type":"LineString","coordinates":[[137.52781,34.91228],[137.52682,34.9122]]},"properties":{"N02_001":"11","N02_002":"2","N02_003":"飯田線","N02_004":"東海旅客鉄道"}},{"type":"Feature","geometry":{"type":"LineString","coordinates":[[137.50346,34.9063],[137.50284,34.90606],[137.50263,34.90599]]},"properties":{"N02_001":"11","N02_002":"2","N02_003":"飯田線","N02_004":"東海旅客鉄道"}},{"type":"Feature","geometry":{"type":"LineString","coordinates":[[137.49379,34.90154],[137.49221,34.9006]]},"properties":{"N02_001":"11","N02_002":"2","N02_003":"飯田線","N02_004":"東海旅客鉄道"}},{"type":"Feature","geometry":{"type":"LineString","coordinates":[[137.43188,34.86469],[137.43149,34.86448],[137.43111,34.86427],[137.43093,34.86415]]},"properties":{"N02_001":"11","N02_002":"2","N02_003":"飯田線","N02_004":"東海旅客鉄道"}},{"type":"Feature","geometry":{"type":"LineString","coordinates":[[137.44205,34.86803],[137.44185,34.86795],[137.44131,34.86777],[137.44101,34.86769]]},"properties":{"N02_001":"11","N02_002":"2","N02_003":"飯田線","N02_004":"東海旅客鉄道"}},{"type":"Feature","geometry":{"type":"LineString","coordinates":[[137.57592,34.9325],[137.5761,34.93252],[137.57667,34.93263],[137.57711,34.93271],[137.57726,34.93274],[137.57737,34.93277]]},"properties":{"N02_001":"11","N02_002":"2","N02_003":"飯田線","N02_004":"東海旅客鉄道"}},{"type":"Feature","geometry":{"type":"LineString","coordinates":[[137.41485,34.84828],[137.41463,34.84798],[137.41433,34.84758]]},"properties":{"N02_001":"11","N02_002":"2","N02_003":"飯田線","N02_004":"東海旅客鉄道"}},{"type":"Feature","geometry":{"type":"LineString","coordinates":[[137.51494,34.91052],[137.51393,34.91019]]},"properties":{"N02_001":"11","N02_002":"2","N02_003":"飯田線","N02_004":"東海旅客鉄道"}},{"type":"Feature","geometry":{"type":"LineString","coordinates":[[137.47723,34.88886],[137.47719,34.88883],[137.47642,34.88832],[137.47597,34.88801],[137.47577,34.88783],[137.47557,34.88763],[137.47538,34.88743],[137.47499,34.88691],[137.4745,34.88619],[137.47409,34.88557],[137.47354,34.88472],[137.47331,34.88444],[137.47252,34.88356],[137.47189,34.88288],[137.47054,34.88139],[137.47028,34.88117],[137.46988,34.88085],[137.46942,34.88059],[137.46904,34.88042],[137.46879,34.88032],[137.4685,34.88021],[137.46832,34.88015],[137.46813,34.88012],[137.46784,34.88007],[137.46699,34.88003],[137.46622,34.88002],[137.46506,34.88001],[137.46465,34.87998],[137.46413,34.87989],[137.46376,34.8798],[137.46347,34.87968],[137.46312,34.87949],[137.46299,34.87939],[137.46236,34.87879],[137.46216,34.87859],[137.46185,34.87822],[137.46138,34.87762],[137.46123,34.87742],[137.46106,34.87729],[137.46084,34.87718],[137.46058,34.87707],[137.46027,34.87697],[137.45955,34.87681],[137.45908,34.87671],[137.45817,34.87654],[137.45742,34.87643],[137.456805,34.876351],[137.4568,34.87635],[137.45675,34.87635],[137.45634,34.87629],[137.45604,34.87625]]},"properties":{"N02_001":"11","N02_002":"2","N02_003":"飯田線","N02_004":"東海旅客鉄道"}},{"type":"Feature","geometry":{"type":"LineString","coordinates":[[137.54845,34.93018],[137.54957,34.93013]]},"properties":{"N02_001":"11","N02_002":"2","N02_003":"飯田線","N02_004":"東海旅客鉄道"}},{"type":"Feature","geometry":{"type":"LineString","coordinates":[[137.57737,34.93277],[137.57742,34.93278],[137.5777,34.93286],[137.57839,34.93305],[137.57926,34.93334],[137.58042,34.93374],[137.5807,34.93382],[137.581,34.9339],[137.58128,34.93394],[137.58156,34.93395],[137.58198,34.93396],[137.58242,34.93395],[137.58263,34.93392],[137.58286,34.93389],[137.58332,34.9338],[137.58394,34.93367],[137.58415,34.93365],[137.5843,34.93365],[137.5846,34.93369],[137.58535,34.93382],[137.58585,34.93397],[137.58611,34.93407],[137.58632,34.9342],[137.58657,34.93437],[137.58677,34.93458],[137.5869,34.93472],[137.58727,34.9351],[137.5875,34.93539],[137.58782,34.93587],[137.588,34.93616],[137.58833,34.93679],[137.58862,34.93737],[137.58882,34.9378],[137.58899,34.93813],[137.5892,34.93855],[137.58939,34.93882],[137.58957,34.93906],[137.58965,34.93915],[137.58978,34.93925],[137.59001,34.93939],[137.59041,34.93959],[137.59063,34.9397],[137.59111,34.93993],[137.59176,34.94026],[137.59226,34.94049],[137.59272,34.94074],[137.5931,34.94096],[137.59339,34.9412],[137.59352,34.94132],[137.59359,34.9414],[137.59377,34.94152],[137.59401,34.94166],[137.59454,34.94189],[137.59492,34.94209],[137.59525,34.94228],[137.59547,34.94244],[137.59589,34.94278],[137.59651,34.94324],[137.59707,34.94368],[137.59732,34.94386],[137.59775,34.94417],[137.59844,34.94471],[137.59859,34.94481],[137.59883,34.94499],[137.59906,34.94518],[137.59939,34.94545],[137.59952,34.94562],[137.59974,34.9459],[137.59992,34.94619],[137.60007,34.94645],[137.6002,34.94669],[137.60042,34.94705],[137.60076,34.94761],[137.60102,34.94805],[137.60136,34.94864],[137.60165,34.94916],[137.60192,34.94961],[137.60222,34.95018],[137.60248,34.95067],[137.60267,34.95113],[137.60284,34.95152]]},"properties":{"N02_001":"11","N02_002":"2","N02_003":"飯田線","N02_004":"東海旅客鉄道"}},{"type":"Feature","geometry":{"type":"LineString","coordinates":[[137.45433,34.87601],[137.45416,34.87597],[137.45397,34.87591],[137.45209,34.87507],[137.45015,34.8742],[137.44988,34.87408],[137.44853,34.87349],[137.44751,34.873],[137.44684,34.87264],[137.44652,34.87244],[137.44593,34.872],[137.44541,34.87132],[137.44501,34.87079],[137.44478,34.87048],[137.4444,34.86999],[137.44401,34.86946],[137.44358,34.86888],[137.44332,34.86867],[137.44307,34.86851],[137.44274,34.86834],[137.44231,34.86813],[137.44205,34.86803]]},"properties":{"N02_001":"11","N02_002":"2","N02_003":"飯田線","N02_004":"東海旅客鉄道"}},{"type":"Feature","geometry":{"type":"LineString","coordinates":[[137.50263,34.90599],[137.50155,34.90559],[137.50062,34.90526],[137.49936,34.90472],[137.49908,34.9046],[137.49869,34.9044],[137.497,34.90343],[137.49401,34.90168],[137.49379,34.90154]]},"properties":{"N02_001":"11","N02_002":"2","N02_003":"飯田線","N02_004":"東海旅客鉄道"}},{"type":"Feature","geometry":{"type":"LineString","coordinates":[[137.61321,34.97093],[137.61328,34.97111],[137.61375,34.97205],[137.61398,34.97253],[137.61413,34.97281],[137.61423,34.97304],[137.61435,34.97342],[137.61439,34.9736],[137.61443,34.97384],[137.61447,34.97409],[137.61447,34.97434],[137.61447,34.97465],[137.61447,34.97489],[137.61445,34.97506],[137.61436,34.97539],[137.61428,34.9757],[137.61419,34.97603],[137.61389,34.97701],[137.61367,34.97761],[137.61321,34.97885],[137.61308,34.97918],[137.61299,34.97944],[137.61279,34.97992],[137.61268,34.98016],[137.61251,34.98065],[137.61249,34.98091],[137.6125,34.98115],[137.61253,34.98133],[137.61256,34.9815],[137.61271,34.9819],[137.61271,34.98192],[137.61282,34.98223],[137.61296,34.98261],[137.61325,34.98337],[137.61357,34.98417],[137.61387,34.98494],[137.61403,34.98533],[137.61422,34.98582],[137.61438,34.98613],[137.61476,34.98678],[137.61506,34.98724],[137.61528,34.98751],[137.61555,34.98781],[137.61577,34.988],[137.61603,34.98817],[137.61634,34.98831],[137.61674,34.98847],[137.61705,34.98857],[137.61731,34.98861],[137.61767,34.98865],[137.61791,34.98865],[137.61824,34.98865],[137.61855,34.98865],[137.61898,34.98863],[137.61966,34.9886],[137.62013,34.98858]]},"properties":{"N02_001":"11","N02_002":"2","N02_003":"飯田線","N02_004":"東海旅客鉄道"}},{"type":"Feature","geometry":{"type":"LineString","coordinates":[[137.56436,34.9257],[137.56565,34.92618],[137.56582,34.92626]]},"properties":{"N02_001":"11","N02_002":"2","N02_003":"飯田線","N02_004":"東海旅客鉄道"}},{"type":"Feature","geometry":{"type":"LineString","coordinates":[[137.43093,34.86415],[137.4284,34.86245],[137.42778,34.86203],[137.42715,34.86155],[137.42667,34.86118],[137.42617,34.86079],[137.42525,34.86006],[137.42468,34.85956],[137.42408,34.85906],[137.42355,34.85857],[137.42274,34.85775],[137.4218,34.85673],[137.42143,34.85631],[137.421,34.85584],[137.42096,34.8558],[137.42048,34.85528],[137.41983,34.85455],[137.41897,34.85354],[137.41685,34.8509],[137.41582,34.84957],[137.41527,34.84886],[137.41485,34.84828]]},"properties":{"N02_001":"11","N02_002":"2","N02_003":"飯田線","N02_004":"東海旅客鉄道"}},{"type":"Feature","geometry":{"type":"LineString","coordinates":[[137.60316,34.95244],[137.60329,34.95279],[137.60375,34.95409],[137.60383,34.95426],[137.60392,34.9544],[137.60411,34.95457],[137.60426,34.95468],[137.6045,34.95482],[137.60475,34.95494],[137.60484,34.95498],[137.60513,34.95511],[137.60548,34.95523],[137.60587,34.95538],[137.60634,34.95555],[137.60681,34.95576],[137.60708,34.95592],[137.6074,34.95615],[137.60757,34.95632],[137.60782,34.95662],[137.60806,34.95698],[137.60818,34.95721],[137.60828,34.95739],[137.60835,34.95756],[137.60843,34.95779],[137.60845,34.95798],[137.60842,34.95822],[137.60839,34.95846],[137.6083,34.9588],[137.60813,34.95946],[137.60806,34.95985],[137.60804,34.9601],[137.60806,34.9603],[137.60808,34.96052],[137.60814,34.9607],[137.60823,34.96093],[137.60836,34.96116],[137.60849,34.96134],[137.60865,34.9615],[137.60875,34.96159],[137.60887,34.96171],[137.60924,34.96206],[137.60937,34.96219],[137.60945,34.96228],[137.60969,34.96252],[137.61006,34.96297],[137.61051,34.96356],[137.61093,34.96411],[137.6112,34.96449],[137.6114,34.96476],[137.61161,34.96497],[137.61216,34.96552],[137.61261,34.96596],[137.61296,34.96634],[137.61311,34.96655],[137.61322,34.96679],[137.61328,34.96701],[137.61329,34.96719],[137.61328,34.96731],[137.61326,34.96747],[137.61319,34.96776],[137.61282,34.96891],[137.61272,34.96926],[137.61271,34.96942],[137.61274,34.96962],[137.61278,34.96986],[137.61286,34.97009],[137.61288,34.97015]]},"properties":{"N02_001":"11","N02_002":"2","N02_003":"飯田線","N02_004":"東海旅客鉄道"}},{"type":"Feature","geometry":{"type":"LineString","coordinates":[[137.51393,34.91019],[137.51354,34.91005],[137.51268,34.90974],[137.5115,34.90929],[137.51032,34.90885],[137.50529,34.90699],[137.5045,34.90669],[137.50346,34.9063]]},"properties":{"N02_001":"11","N02_002":"2","N02_003":"飯田線","N02_004":"東海旅客鉄道"}},{"type":"Feature","geometry":{"type":"LineString","coordinates":[[137.49221,34.9006],[137.49206,34.90052],[137.49022,34.89941],[137.48922,34.8988],[137.48832,34.89825],[137.48746,34.89769],[137.48719,34.89749],[137.48689,34.89725],[137.48642,34.89687],[137.48562,34.89606],[137.4827,34.89327],[137.48165,34.89226],[137.48127,34.8919],[137.48102,34.89165],[137.48017,34.89093],[137.47962,34.89047],[137.47872,34.88984],[137.47855,34.88973]]},"properties":{"N02_001":"11","N02_002":"2","N02_003":"飯田線","N02_004":"東海旅客鉄道"}},{"type":"Feature","geometry":{"type":"LineString","coordinates":[[137.36216,34.79662],[137.36201,34.79631],[137.36191,34.79597],[137.36183,34.7957],[137.36179,34.7954],[137.36179,34.79506],[137.36183,34.7947],[137.36187,34.79452],[137.36191,34.79435],[137.36194,34.79423],[137.36199,34.79406],[137.36208,34.79381],[137.36219,34.79356],[137.36239,34.79317],[137.36253,34.79286]]},"properties":{"N02_001":"11","N02_002":"2","N02_003":"飯田線","N02_004":"東海旅客鉄道"}},{"type":"Feature","geometry":{"type":"LineString","coordinates":[[137.38141,34.76404],[137.38134,34.76448],[137.38123,34.76468],[137.38069,34.76553],[137.38065,34.7656],[137.37989,34.76679],[137.37922,34.76781],[137.3786,34.76877],[137.37843,34.76903],[137.37803,34.76965],[137.37682,34.77151],[137.37604,34.77271],[137.37523,34.77395],[137.37457,34.77496],[137.37444,34.77515]]},"properties":{"N02_001":"11","N02_002":"2","N02_003":"飯田線","N02_004":"東海旅客鉄道"}},{"type":"Feature","geometry":{"type":"LineString","coordinates":[[137.38175,34.7635],[137.38172,34.76354],[137.38141,34.76404]]},"properties":{"N02_001":"11","N02_002":"2","N02_003":"飯田線","N02_004":"東海旅客鉄道"}},{"type":"Feature","geometry":{"type":"LineString","coordinates":[[137.39779,34.82305],[137.3973,34.82263],[137.39709,34.82244],[137.39668,34.82208]]},"properties":{"N02_001":"11","N02_002":"2","N02_003":"飯田線","N02_004":"東海旅客鉄道"}},{"type":"Feature","geometry":{"type":"LineString","coordinates":[[137.38226,34.80888],[137.38117,34.80826]]},"properties":{"N02_001":"11","N02_002":"2","N02_003":"飯田線","N02_004":"東海旅客鉄道"}},{"type":"Feature","geometry":{"type":"LineString","coordinates":[[137.36673,34.78704],[137.36598,34.78811],[137.36538,34.78894],[137.36483,34.78968],[137.36453,34.79008],[137.36418,34.79056],[137.36361,34.79132],[137.36358,34.79136],[137.363578,34.791363],[137.36295,34.79226],[137.36253,34.79286]]},"properties":{"N02_001":"11","N02_002":"2","N02_003":"飯田線","N02_004":"東海旅客鉄道"}},{"type":"Feature","geometry":{"type":"LineString","coordinates":[[137.36261,34.79711],[137.36216,34.79662]]},"properties":{"N02_001":"11","N02_002":"2","N02_003":"飯田線","N02_004":"東海旅客鉄道"}},{"type":"Feature","geometry":{"type":"LineString","coordinates":[[137.37369,34.77632],[137.37301,34.77732],[137.37239,34.77826],[137.37201,34.77884],[137.3717,34.77931],[137.37111,34.78022],[137.37103,34.78034],[137.371,34.7804],[137.3709,34.78055],[137.37086,34.7806]]},"properties":{"N02_001":"11","N02_002":"2","N02_003":"飯田線","N02_004":"東海旅客鉄道"}},{"type":"Feature","geometry":{"type":"LineString","coordinates":[[137.39668,34.82208],[137.39664,34.82204],[137.39587,34.82131],[137.39562,34.82105],[137.3954,34.82076],[137.39516,34.82043],[137.39505,34.82023],[137.39481,34.81977],[137.39456,34.8193],[137.39438,34.81897],[137.39412,34.8186],[137.39392,34.81832],[137.39381,34.81821],[137.39365,34.81806],[137.3932,34.81773],[137.3913,34.8165],[137.39092,34.81624],[137.39054,34.81598],[137.39021,34.81576],[137.38955,34.8153],[137.38928,34.81506],[137.38851,34.8143],[137.38747,34.81326],[137.38686,34.81269],[137.38566,34.81152],[137.38463,34.81048],[137.38421,34.81016],[137.38389,34.80994],[137.38338,34.80958],[137.38305,34.80937],[137.38226,34.80888]]},"properties":{"N02_001":"11","N02_002":"2","N02_003":"飯田線","N02_004":"東海旅客鉄道"}},{"type":"Feature","geometry":{"type":"LineString","coordinates":[[137.36216,34.79662],[137.36189,34.7963],[137.36172,34.79608],[137.3615,34.79571],[137.36133,34.79527],[137.36122,34.79487],[137.361181,34.794608],[137.36114,34.79434],[137.3611,34.79396]]},"properties":{"N02_001":"11","N02_002":"2","N02_003":"飯田線","N02_004":"東海旅客鉄道"}},{"type":"Feature","geometry":{"type":"LineString","coordinates":[[137.3611,34.79396],[137.36112,34.79379],[137.36113,34.7936],[137.36114,34.79343],[137.3612,34.79311],[137.36135,34.79264],[137.36149,34.79237],[137.36181,34.79196],[137.36214,34.79165],[137.36279,34.79103],[137.36297,34.79085],[137.36308,34.79075],[137.36369,34.79019],[137.364,34.78989],[137.3641,34.78978],[137.36466,34.78922],[137.36532,34.78853],[137.36552,34.78833],[137.36568,34.78816],[137.36587,34.78796],[137.36631,34.78747],[137.36673,34.78704]]},"properties":{"N02_001":"11","N02_002":"2","N02_003":"飯田線","N02_004":"東海旅客鉄道"}},{"type":"Feature","geometry":{"type":"LineString","coordinates":[[137.36673,34.78704],[137.36682,34.78695],[137.36691,34.78682],[137.36721,34.78633],[137.36798,34.78514],[137.36849,34.78432],[137.36858,34.78418],[137.36872,34.78395],[137.369,34.78352],[137.36926,34.78313],[137.36934,34.78298],[137.3694,34.7829],[137.36975,34.78234],[137.36993,34.78206],[137.37005,34.78189],[137.37042,34.7813]]},"properties":{"N02_001":"11","N02_002":"2","N02_003":"飯田線","N02_004":"東海旅客鉄道"}},{"type":"Feature","geometry":{"type":"LineString","coordinates":[[137.37444,34.77515],[137.37369,34.77632]]},"properties":{"N02_001":"11","N02_002":"2","N02_003":"飯田線","N02_004":"東海旅客鉄道"}},{"type":"Feature","geometry":{"type":"LineString","coordinates":[[137.38117,34.80826],[137.38088,34.8081],[137.38083,34.80807],[137.38044,34.80785],[137.38013,34.80767],[137.37944,34.80729],[137.37882,34.80693],[137.37827,34.80663],[137.37776,34.80633],[137.37737,34.80614],[137.3764,34.80578],[137.37335,34.80461],[137.37285,34.80441],[137.37281,34.8044],[137.37201,34.80409],[137.37142,34.80385],[137.37103,34.8037],[137.37034,34.80345],[137.36977,34.80321],[137.36927,34.80299],[137.36878,34.80276],[137.36835,34.80251],[137.36769,34.80205],[137.36726,34.80172],[137.3668,34.80131],[137.36646,34.80098],[137.36608,34.80058],[137.36553,34.80003],[137.36526,34.79977],[137.36494,34.79943],[137.36467,34.79916],[137.36414,34.7986],[137.36364,34.79813]]},"properties":{"N02_001":"11","N02_002":"2","N02_003":"飯田線","N02_004":"東海旅客鉄道"}},{"type":"Feature","geometry":{"type":"LineString","coordinates":[[137.41433,34.84758],[137.41413,34.84733],[137.41321,34.8461],[137.41287,34.8456],[137.41262,34.84525],[137.41259,34.84519],[137.41233,34.84475],[137.41177,34.84378],[137.41102,34.84253],[137.4106,34.84178],[137.40999,34.84079],[137.40842,34.83814],[137.40754,34.83662],[137.40718,34.83605],[137.40686,34.83537],[137.40644,34.83448],[137.40573,34.83294],[137.4052,34.83177],[137.40477,34.83087],[137.40447,34.83029],[137.40401,34.82937],[137.40358,34.82859],[137.40332,34.82818],[137.403,34.82777],[137.40271,34.82742],[137.40245,34.82714],[137.40243,34.82711],[137.40181,34.82659],[137.40097,34.82583],[137.39978,34.82481],[137.39893,34.82405],[137.39794,34.82318],[137.39779,34.82305]]},"properties":{"N02_001":"11","N02_002":"2","N02_003":"飯田線","N02_004":"東海旅客鉄道"}},{"type":"Feature","geometry":{"type":"LineString","coordinates":[[137.37086,34.7806],[137.37068,34.7809],[137.37054,34.78113],[137.37042,34.7813]]},"properties":{"N02_001":"11","N02_002":"2","N02_003":"飯田線","N02_004":"東海旅客鉄道"}},{"type":"Feature","geometry":{"type":"LineString","coordinates":[[137.38333,34.76105],[137.38294,34.76166],[137.38175,34.7635]]},"properties":{"N02_001":"11","N02_002":"2","N02_003":"飯田線","N02_004":"東海旅客鉄道"}},{"type":"Feature","geometry":{"type":"LineString","coordinates":[[137.36261,34.79711],[137.3627,34.79721],[137.36311,34.79762],[137.36343,34.79794],[137.36364,34.79813]]},"properties":{"N02_001":"11","N02_002":"2","N02_003":"飯田線","N02_004":"東海旅客鉄道"}},{"type":"Feature","geometry":{"type":"LineString","coordinates":[[136.97065,34.99338],[136.97085,34.99265],[136.971,34.99194],[136.97119,34.99096],[136.97122,34.99049],[136.97127,34.99003],[136.97134,34.98906],[136.97144,34.9876],[136.97162,34.98548],[136.97173,34.98386],[136.97185,34.98202],[136.97186,34.98197]]},"properties":{"N02_001":"11","N02_002":"2","N02_003":"武豊線","N02_004":"東海旅客鉄道"}},{"type":"Feature","geometry":{"type":"LineString","coordinates":[[136.96801,34.99839],[136.96856,34.99747],[136.96921,34.9963],[136.96952,34.99574],[136.96984,34.99517],[136.97028,34.99433]]},"properties":{"N02_001":"11","N02_002":"2","N02_003":"武豊線","N02_004":"東海旅客鉄道"}},{"type":"Feature","geometry":{"type":"LineString","coordinates":[[136.9622,35.00801],[136.96295,35.00692],[136.96298,35.00688]]},"properties":{"N02_001":"11","N02_002":"2","N02_003":"武豊線","N02_004":"東海旅客鉄道"}},{"type":"Feature","geometry":{"type":"LineString","coordinates":[[136.9622,35.00801],[136.96141,35.00938]]},"properties":{"N02_001":"11","N02_002":"2","N02_003":"武豊線","N02_004":"東海旅客鉄道"}},{"type":"Feature","geometry":{"type":"LineString","coordinates":[[136.97028,34.99433],[136.97045,34.99393],[136.97065,34.99338]]},"properties":{"N02_001":"11","N02_002":"2","N02_003":"武豊線","N02_004":"東海旅客鉄道"}},{"type":"Feature","geometry":{"type":"LineString","coordinates":[[136.96298,35.00688],[136.9635,35.00614],[136.96371,35.00587],[136.96395,35.00558],[136.96415,35.00535]]},"properties":{"N02_001":"11","N02_002":"2","N02_003":"武豊線","N02_004":"東海旅客鉄道"}},{"type":"Feature","geometry":{"type":"LineString","coordinates":[[136.96415,35.00535],[136.96528,35.00422],[136.9657,35.00379],[136.96602,35.00344],[136.9662,35.00325],[136.966299,35.003098],[136.96652,35.00276],[136.96682,35.00226],[136.96699,35.00189],[136.96717,35.0014],[136.967198,35.001296],[136.9672,35.00129],[136.96732,35.00091],[136.96771,34.99942],[136.96801,34.99839]]},"properties":{"N02_001":"11","N02_002":"2","N02_003":"武豊線","N02_004":"東海旅客鉄道"}},{"type":"Feature","geometry":{"type":"LineString","coordinates":[[136.96298,35.00688],[136.96354,35.00582],[136.9636,35.00571],[136.96388,35.00526]]},"properties":{"N02_001":"11","N02_002":"2","N02_003":"武豊線","N02_004":"東海旅客鉄道"}},{"type":"Feature","geometry":{"type":"LineString","coordinates":[[136.96388,35.00526],[136.96473,35.00389],[136.96514,35.00325],[136.96587,35.00199],[136.96601,35.00176],[136.966028,35.001715],[136.96603,35.00171],[136.96617,35.00149],[136.96684,35.00032],[136.96801,34.99839]]},"properties":{"N02_001":"11","N02_002":"2","N02_003":"武豊線","N02_004":"東海旅客鉄道"}},{"type":"Feature","geometry":{"type":"LineString","coordinates":[[136.97186,34.98197],[136.97194,34.9808]]},"properties":{"N02_001":"11","N02_002":"2","N02_003":"武豊線","N02_004":"東海旅客鉄道"}},{"type":"Feature","geometry":{"type":"LineString","coordinates":[[136.9212,34.85379],[136.92097,34.85275]]},"properties":{"N02_001":"11","N02_002":"2","N02_003":"武豊線","N02_004":"東海旅客鉄道"}},{"type":"Feature","geometry":{"type":"LineString","coordinates":[[136.97293,34.96747],[136.97311,34.96515],[136.97328,34.96286],[136.9733,34.9626],[136.9733,34.96239],[136.97331,34.96228],[136.97333,34.96198],[136.97335,34.96174],[136.97344,34.96041],[136.97353,34.9595],[136.97356,34.95898],[136.9736,34.95825],[136.97364,34.95733],[136.9736,34.95679],[136.97353,34.95637],[136.97342,34.95589],[136.97326,34.95533],[136.97306,34.95483],[136.9727,34.95406],[136.97103,34.95032]]},"properties":{"N02_001":"11","N02_002":"2","N02_003":"武豊線","N02_004":"東海旅客鉄道"}},{"type":"Feature","geometry":{"type":"LineString","coordinates":[[136.9238,34.87473],[136.92351,34.87432],[136.92317,34.87384]]},"properties":{"N02_001":"11","N02_002":"2","N02_003":"武豊線","N02_004":"東海旅客鉄道"}},{"type":"Feature","geometry":{"type":"LineString","coordinates":[[136.97103,34.95032],[136.97037,34.94887]]},"properties":{"N02_001":"11","N02_002":"2","N02_003":"武豊線","N02_004":"東海旅客鉄道"}},{"type":"Feature","geometry":{"type":"LineString","coordinates":[[136.97288,34.96826],[136.97293,34.96747]]},"properties":{"N02_001":"11","N02_002":"2","N02_003":"武豊線","N02_004":"東海旅客鉄道"}},{"type":"Feature","geometry":{"type":"LineString","coordinates":[[136.96119,34.91944],[136.96102,34.91858]]},"properties":{"N02_001":"11","N02_002":"2","N02_003":"武豊線","N02_004":"東海旅客鉄道"}},{"type":"Feature","geometry":{"type":"LineString","coordinates":[[136.93032,34.89347],[136.9303,34.89339],[136.93029,34.89314],[136.93028,34.89296],[136.93031,34.89221],[136.93046,34.89112],[136.9307,34.89008],[136.9308,34.88965],[136.9312,34.88782],[136.9313,34.88716],[136.93137,34.88668],[136.93137,34.88639],[136.93132,34.88601],[136.93119,34.8856],[136.93104,34.88525],[136.93089,34.88497],[136.93072,34.88473],[136.93023,34.88404],[136.92987,34.88351],[136.92902,34.8823],[136.92833,34.88128],[136.92812,34.88101],[136.92771,34.8804],[136.92682,34.8791],[136.92594,34.87785],[136.92566,34.87743],[136.92552,34.87723],[136.925,34.87648],[136.9249,34.87633],[136.92476,34.87611],[136.9243,34.87545],[136.9238,34.87473]]},"properties":{"N02_001":"11","N02_002":"2","N02_003":"武豊線","N02_004":"東海旅客鉄道"}},{"type":"Feature","geometry":{"type":"LineString","coordinates":[[136.97194,34.9808],[136.97194,34.98074],[136.97212,34.97845],[136.97228,34.97666],[136.97241,34.97473],[136.9725,34.97355],[136.97265,34.97159],[136.97277,34.9698],[136.97288,34.96826]]},"properties":{"N02_001":"11","N02_002":"2","N02_003":"武豊線","N02_004":"東海旅客鉄道"}},{"type":"Feature","geometry":{"type":"LineString","coordinates":[[136.97037,34.94887],[136.96952,34.947],[136.96867,34.9452],[136.96721,34.94196],[136.96704,34.94158],[136.96627,34.93988],[136.96552,34.93824],[136.96515,34.93745],[136.965131,34.937402],[136.96513,34.9374],[136.96466,34.93634],[136.96446,34.93578],[136.96419,34.93477],[136.96403,34.93398],[136.96366,34.93214],[136.96299,34.92866],[136.96232,34.92507],[136.96218,34.92447],[136.962,34.92356],[136.96155,34.92123],[136.96141,34.92056],[136.96128,34.91993],[136.96125,34.91976],[136.96119,34.91944]]},"properties":{"N02_001":"11","N02_002":"2","N02_003":"武豊線","N02_004":"東海旅客鉄道"}},{"type":"Feature","geometry":{"type":"LineString","coordinates":[[136.92317,34.87384],[136.92265,34.87293],[136.92247,34.87259],[136.92228,34.87218],[136.9221,34.87166],[136.92192,34.87113],[136.92178,34.8705],[136.9217,34.87015],[136.9216,34.86938],[136.9216,34.86933],[136.9216,34.869327],[136.92156,34.86889],[136.92156,34.86815],[136.92158,34.86664],[136.92156,34.86608],[136.92159,34.86571],[136.92162,34.86413],[136.92168,34.86276],[136.92171,34.86198],[136.92174,34.86036],[136.92177,34.85919],[136.92178,34.85779],[136.92177,34.85694],[136.92176,34.85655],[136.92164,34.85599],[136.9213,34.85428],[136.9212,34.85379]]},"properties":{"N02_001":"11","N02_002":"2","N02_003":"武豊線","N02_004":"東海旅客鉄道"}},{"type":"Feature","geometry":{"type":"LineString","coordinates":[[136.94046,34.90317],[136.93772,34.90269],[136.93644,34.90248],[136.935,34.90222],[136.93472,34.90217],[136.93438,34.9021],[136.93413,34.90202],[136.93387,34.90194],[136.93351,34.90178],[136.93314,34.90152],[136.93267,34.90114],[136.93233,34.90081],[136.93206,34.90045],[136.93178,34.89992],[136.93163,34.89955],[136.93145,34.89895],[136.93124,34.89787],[136.93102,34.89673],[136.93091,34.89626],[136.93084,34.89587],[136.93076,34.89552],[136.93054,34.89475]]},"properties":{"N02_001":"11","N02_002":"2","N02_003":"武豊線","N02_004":"東海旅客鉄道"}},{"type":"Feature","geometry":{"type":"LineString","coordinates":[[136.93054,34.89475],[136.93032,34.89347]]},"properties":{"N02_001":"11","N02_002":"2","N02_003":"武豊線","N02_004":"東海旅客鉄道"}},{"type":"Feature","geometry":{"type":"LineString","coordinates":[[136.96102,34.91858],[136.96087,34.91787],[136.9607,34.91722],[136.96056,34.91679],[136.96048,34.91653],[136.96028,34.91608],[136.95971,34.91489],[136.95947,34.91448],[136.95837,34.91331],[136.95691,34.91174],[136.95601,34.91083],[136.95456,34.9093],[136.9543,34.90903],[136.95263,34.90729],[136.95174,34.90638],[136.95115,34.90593],[136.95068,34.90559],[136.95007,34.90523],[136.94983,34.90512],[136.94918,34.90483],[136.94863,34.90464],[136.94812,34.90449],[136.94599,34.90414],[136.94554,34.90405],[136.94338,34.90366],[136.94223,34.90348]]},"properties":{"N02_001":"11","N02_002":"2","N02_003":"武豊線","N02_004":"東海旅客鉄道"}},{"type":"Feature","geometry":{"type":"LineString","coordinates":[[136.94223,34.90348],[136.94196,34.90342],[136.94046,34.90317]]},"properties":{"N02_001":"11","N02_002":"2","N02_003":"武豊線","N02_004":"東海旅客鉄道"}},{"type":"Feature","geometry":{"type":"LineString","coordinates":[[137.29407,34.66777],[137.29332,34.6675]]},"properties":{"N02_001":"12","N02_002":"4","N02_003":"渥美線","N02_004":"豊橋鉄道"}},{"type":"Feature","geometry":{"type":"LineString","coordinates":[[137.37364,34.71121],[137.37482,34.71193],[137.37517,34.71213],[137.37529,34.7122],[137.37546,34.71232],[137.37558,34.71241],[137.376,34.7128],[137.37621,34.71303],[137.37624,34.71307],[137.37636,34.71323],[137.37643,34.71333],[137.37659,34.71354],[137.37671,34.71369],[137.37681,34.71384],[137.37685,34.7139],[137.37712,34.71426],[137.37732,34.71453],[137.37763,34.71493],[137.37798,34.71541],[137.37833,34.71588],[137.37879,34.71651],[137.37931,34.71722],[137.37973,34.71778],[137.37998,34.71813]]},"properties":{"N02_001":"12","N02_002":"4","N02_003":"渥美線","N02_004":"豊橋鉄道"}},{"type":"Feature","geometry":{"type":"LineString","coordinates":[[137.38375,34.76169],[137.383,34.76283]]},"properties":{"N02_001":"12","N02_002":"4","N02_003":"渥美線","N02_004":"豊橋鉄道"}},{"type":"Feature","geometry":{"type":"LineString","coordinates":[[137.37998,34.71813],[137.38007,34.71826],[137.38039,34.71866]]},"properties":{"N02_001":"12","N02_002":"4","N02_003":"渥美線","N02_004":"豊橋鉄道"}},{"type":"Feature","geometry":{"type":"LineString","coordinates":[[137.38147,34.72681],[137.38197,34.7274]]},"properties":{"N02_001":"12","N02_002":"4","N02_003":"渥美線","N02_004":"豊橋鉄道"}},{"type":"Feature","geometry":{"type":"LineString","coordinates":[[137.35841,34.69589],[137.3593,34.69602]]},"properties":{"N02_001":"12","N02_002":"4","N02_003":"渥美線","N02_004":"豊橋鉄道"}},{"type":"Feature","geometry":{"type":"LineString","coordinates":[[137.38589,34.7359],[137.3859,34.73603],[137.3859,34.73614],[137.38589,34.73624],[137.38587,34.73633],[137.38577,34.7367],[137.3857,34.73689],[137.38568,34.73699],[137.38567,34.73708],[137.38576,34.73872],[137.38582,34.73976],[137.38588,34.74073],[137.38592,34.74139]]},"properties":{"N02_001":"12","N02_002":"4","N02_003":"渥美線","N02_004":"豊橋鉄道"}},{"type":"Feature","geometry":{"type":"LineString","coordinates":[[137.38595,34.74201],[137.38595,34.74208],[137.38602,34.74308],[137.38606,34.74376],[137.38609,34.74412],[137.38612,34.74451],[137.38618,34.74464],[137.38723,34.74569],[137.38727,34.74577],[137.38739,34.74626],[137.38743,34.74645],[137.38744,34.74656],[137.38745,34.74673],[137.3875,34.74747],[137.38751,34.74762],[137.38776,34.74841],[137.38786,34.74857]]},"properties":{"N02_001":"12","N02_002":"4","N02_003":"渥美線","N02_004":"豊橋鉄道"}},{"type":"Feature","geometry":{"type":"LineString","coordinates":[[137.26947,34.66692],[137.26858,34.66695]]},"properties":{"N02_001":"12","N02_002":"4","N02_003":"渥美線","N02_004":"豊橋鉄道"}},{"type":"Feature","geometry":{"type":"LineString","coordinates":[[137.38829,34.74921],[137.38889,34.75018],[137.389005,34.75035],[137.38918,34.75061],[137.38928,34.7508],[137.38935,34.75101],[137.38954,34.75161],[137.389562,34.751738],[137.38958,34.75184],[137.38959,34.75197],[137.3896,34.75213],[137.38962,34.75246],[137.3896,34.75301],[137.38956,34.75329],[137.38952,34.7534],[137.38943,34.75356],[137.38905,34.75416],[137.38889,34.75441],[137.38878,34.75459]]},"properties":{"N02_001":"12","N02_002":"4","N02_003":"渥美線","N02_004":"豊橋鉄道"}},{"type":"Feature","geometry":{"type":"LineString","coordinates":[[137.38592,34.74139],[137.38595,34.74201]]},"properties":{"N02_001":"12","N02_002":"4","N02_003":"渥美線","N02_004":"豊橋鉄道"}},{"type":"Feature","geometry":{"type":"LineString","coordinates":[[137.33446,34.69209],[137.33545,34.69235]]},"properties":{"N02_001":"12","N02_002":"4","N02_003":"渥美線","N02_004":"豊橋鉄道"}},{"type":"Feature","geometry":{"type":"LineString","coordinates":[[137.3884,34.75517],[137.38788,34.75557],[137.38743,34.75591],[137.387,34.75622],[137.38679,34.75638],[137.38668,34.75649],[137.38651,34.7567],[137.38633,34.75696],[137.38533,34.75852],[137.38499,34.75903],[137.38486,34.75926],[137.38482,34.75939],[137.38474,34.7597],[137.38462,34.76011],[137.38452,34.7604],[137.3844,34.76062],[137.3842,34.76095],[137.38375,34.76169]]},"properties":{"N02_001":"12","N02_002":"4","N02_003":"渥美線","N02_004":"豊橋鉄道"}},{"type":"Feature","geometry":{"type":"LineString","coordinates":[[137.38578,34.73524],[137.38589,34.7359]]},"properties":{"N02_001":"12","N02_002":"4","N02_003":"渥美線","N02_004":"豊橋鉄道"}},{"type":"Feature","geometry":{"type":"LineString","coordinates":[[137.27701,34.66788],[137.27594,34.66755],[137.27499,34.66726],[137.27399,34.66694],[137.27347,34.66678],[137.27325,34.66673],[137.27314,34.66671],[137.27294,34.66673],[137.27249,34.66675],[137.27191,34.66678],[137.27142,34.66681],[137.27047,34.66686],[137.26947,34.66692]]},"properties":{"N02_001":"12","N02_002":"4","N02_003":"渥美線","N02_004":"豊橋鉄道"}},{"type":"Feature","geometry":{"type":"LineString","coordinates":[[137.38786,34.74857],[137.38829,34.74921]]},"properties":{"N02_001":"12","N02_002":"4","N02_003":"渥美線","N02_004":"豊橋鉄道"}},{"type":"Feature","geometry":{"type":"LineString","coordinates":[[137.3679,34.70644],[137.36843,34.70719],[137.36877,34.70765],[137.36937,34.70845],[137.36975,34.70886],[137.37011,34.70915],[137.37039,34.70936],[137.37108,34.70979],[137.37158,34.71007],[137.37201,34.7103],[137.37234,34.71047],[137.37285,34.71074]]},"properties":{"N02_001":"12","N02_002":"4","N02_003":"渥美線","N02_004":"豊橋鉄道"}},{"type":"Feature","geometry":{"type":"LineString","coordinates":[[137.29332,34.6675],[137.2931,34.66744],[137.29264,34.66732],[137.29224,34.66725],[137.29181,34.66723],[137.29163,34.66722],[137.29144,34.66722],[137.29121,34.66726],[137.29093,34.66734],[137.29064,34.66745],[137.29047,34.66752],[137.28974,34.66782],[137.28933,34.66796],[137.28897,34.66806],[137.2885,34.66813],[137.28836,34.66815],[137.28826,34.66817],[137.28776,34.66819],[137.28737,34.66818],[137.28714,34.66816],[137.28612,34.66811],[137.28564,34.66808],[137.28525,34.66807],[137.28492,34.6681],[137.28469,34.66814],[137.28449,34.66821],[137.28426,34.66829],[137.28367,34.66849],[137.28291,34.66878],[137.28239,34.66896],[137.28205,34.66904],[137.28184,34.66907],[137.28151,34.66909],[137.28121,34.66908],[137.28105,34.66907],[137.2808,34.66904],[137.28056,34.66899],[137.2803,34.66891],[137.27971,34.66873],[137.27861,34.66837],[137.27773,34.6681]]},"properties":{"N02_001":"12","N02_002":"4","N02_003":"渥美線","N02_004":"豊橋鉄道"}},{"type":"Feature","geometry":{"type":"LineString","coordinates":[[137.30953,34.67391],[137.30876,34.67367]]},"properties":{"N02_001":"12","N02_002":"4","N02_003":"渥美線","N02_004":"豊橋鉄道"}},{"type":"Feature","geometry":{"type":"LineString","coordinates":[[137.32089,34.68069],[137.32099,34.68103],[137.32111,34.68133],[137.32117,34.68149],[137.32136,34.68193],[137.32143,34.68205],[137.32168,34.6824],[137.32175,34.68248],[137.32195,34.68266],[137.32198,34.68269],[137.32218,34.68291],[137.32279,34.68355],[137.32355,34.68436],[137.32454,34.68541],[137.32527,34.68619],[137.32617,34.68716],[137.32684,34.68785],[137.32708,34.68813],[137.32713,34.68817],[137.32746,34.68853],[137.32756,34.68863],[137.32789,34.68899],[137.32791,34.689],[137.32868,34.68982],[137.329,34.69017],[137.32905,34.69022],[137.32944,34.69054],[137.32978,34.69078],[137.33021,34.69097],[137.33046,34.69108],[137.33051,34.69109],[137.33087,34.69121],[137.3309,34.69121],[137.33118,34.69129],[137.33139,34.69133],[137.33184,34.69143],[137.33213,34.69151],[137.33327,34.69178],[137.33446,34.69209]]},"properties":{"N02_001":"12","N02_002":"4","N02_003":"渥美線","N02_004":"豊橋鉄道"}},{"type":"Feature","geometry":{"type":"LineString","coordinates":[[137.27773,34.6681],[137.27701,34.66788]]},"properties":{"N02_001":"12","N02_002":"4","N02_003":"渥美線","N02_004":"豊橋鉄道"}},{"type":"Feature","geometry":{"type":"LineString","coordinates":[[137.38878,34.75459],[137.3884,34.75517]]},"properties":{"N02_001":"12","N02_002":"4","N02_003":"渥美線","N02_004":"豊橋鉄道"}},{"type":"Feature","geometry":{"type":"LineString","coordinates":[[137.38197,34.7274],[137.38199,34.72742],[137.38214,34.7276],[137.38254,34.72816],[137.38298,34.72878],[137.38374,34.72992],[137.38395,34.7302],[137.38435,34.73086],[137.38484,34.73174],[137.38498,34.732],[137.38528,34.73259],[137.38541,34.73299],[137.38546,34.7331],[137.38551,34.73338],[137.3856,34.73396],[137.38569,34.73465],[137.38575,34.73502],[137.38578,34.73524]]},"properties":{"N02_001":"12","N02_002":"4","N02_003":"渥美線","N02_004":"豊橋鉄道"}},{"type":"Feature","geometry":{"type":"LineString","coordinates":[[137.37285,34.71074],[137.37364,34.71121]]},"properties":{"N02_001":"12","N02_002":"4","N02_003":"渥美線","N02_004":"豊橋鉄道"}},{"type":"Feature","geometry":{"type":"LineString","coordinates":[[137.3593,34.69602],[137.36016,34.69613],[137.36084,34.69626],[137.36099,34.69631],[137.36111,34.69635],[137.36136,34.69646],[137.36157,34.69659],[137.3618,34.69675],[137.36207,34.69696],[137.36221,34.6971],[137.36232,34.69721],[137.36244,34.69739],[137.36266,34.69772],[137.36334,34.69876],[137.36361,34.69919],[137.36458,34.70069],[137.36548,34.70207],[137.3657,34.70244],[137.36581,34.70262],[137.36621,34.70364],[137.36662,34.70454],[137.3671,34.70537],[137.36745,34.70583]]},"properties":{"N02_001":"12","N02_002":"4","N02_003":"渥美線","N02_004":"豊橋鉄道"}},{"type":"Feature","geometry":{"type":"LineString","coordinates":[[137.32062,34.67993],[137.3204,34.67935],[137.32034,34.67913],[137.32019,34.67877],[137.32013,34.67866],[137.32011,34.67862],[137.31995,34.67838],[137.31975,34.67816],[137.31956,34.678],[137.31948,34.67794],[137.31933,34.67783],[137.3192,34.67774],[137.31898,34.6776],[137.31884,34.67753],[137.31856,34.67736],[137.31833,34.67725],[137.31777,34.67695],[137.31772,34.67692],[137.31764,34.67687],[137.31752,34.67682],[137.31716,34.67664],[137.31701,34.67658],[137.31688,34.6765],[137.31682,34.67646],[137.31679,34.67646],[137.31663,34.67636],[137.31654,34.67633],[137.31627,34.67619],[137.31554,34.67581],[137.31463,34.67544],[137.31418,34.67529],[137.31302,34.67491],[137.31218,34.67468],[137.31215,34.67467],[137.31083,34.67429],[137.31068,34.67424],[137.310678,34.674239],[137.30953,34.67391]]},"properties":{"N02_001":"12","N02_002":"4","N02_003":"渥美線","N02_004":"豊橋鉄道"}},{"type":"Feature","geometry":{"type":"LineString","coordinates":[[137.38039,34.71866],[137.38042,34.71869],[137.38066,34.71904],[137.38084,34.71942],[137.38088,34.71957],[137.3809,34.71967],[137.38091,34.71984],[137.38088,34.72007],[137.38052,34.7213],[137.38039,34.72173],[137.38032,34.722],[137.38019,34.72241],[137.38016,34.72257],[137.38014,34.72274],[137.38014,34.72291],[137.3802,34.7235],[137.38025,34.7238],[137.38035,34.72417],[137.38064,34.72505],[137.38085,34.72562],[137.38109,34.72618],[137.38124,34.72648],[137.38134,34.72664],[137.38142,34.72675],[137.38147,34.72681]]},"properties":{"N02_001":"12","N02_002":"4","N02_003":"渥美線","N02_004":"豊橋鉄道"}},{"type":"Feature","geometry":{"type":"LineString","coordinates":[[137.36745,34.70583],[137.3679,34.70644]]},"properties":{"N02_001":"12","N02_002":"4","N02_003":"渥美線","N02_004":"豊橋鉄道"}},{"type":"Feature","geometry":{"type":"LineString","coordinates":[[137.32062,34.67993],[137.32089,34.68069]]},"properties":{"N02_001":"12","N02_002":"4","N02_003":"渥美線","N02_004":"豊橋鉄道"}},{"type":"Feature","geometry":{"type":"LineString","coordinates":[[137.29407,34.66777],[137.29475,34.66803],[137.2951,34.66816],[137.29539,34.66826],[137.29608,34.66852],[137.29672,34.66875],[137.29752,34.66905],[137.29833,34.66934],[137.29878,34.66958],[137.2991,34.66977],[137.29936,34.66997],[137.29949,34.67006],[137.29958,34.6701],[137.29979,34.67023],[137.29998,34.67032],[137.30026,34.67049],[137.30067,34.67071],[137.3011,34.67091],[137.30155,34.6711],[137.30323,34.67166],[137.30375,34.67186],[137.30428,34.67208],[137.30512,34.67246],[137.30558,34.67265],[137.30582,34.67273],[137.30674,34.67303],[137.30746,34.67326],[137.30876,34.67367]]},"properties":{"N02_001":"12","N02_002":"4","N02_003":"渥美線","N02_004":"豊橋鉄道"}},{"type":"Feature","geometry":{"type":"LineString","coordinates":[[137.33545,34.69235],[137.33637,34.6926],[137.33668,34.69267],[137.33773,34.69292],[137.33818,34.69303],[137.33883,34.69314],[137.33927,34.69317],[137.33979,34.69317],[137.34108,34.69313],[137.34174,34.69313],[137.34185,34.69314],[137.34221,34.69316],[137.34246,34.69319],[137.34328,34.69333],[137.34344,34.69337],[137.34356,34.69339],[137.34395,34.69346],[137.34424,34.69351],[137.34468,34.6936],[137.34573,34.6938],[137.34711,34.69406],[137.34754,34.69414],[137.34912,34.69444],[137.35121,34.69483],[137.35274,34.69506],[137.35408,34.69526],[137.3556,34.69548],[137.35703,34.69569],[137.35841,34.69589]]},"properties":{"N02_001":"12","N02_002":"4","N02_003":"渥美線","N02_004":"豊橋鉄道"}},{"type":"Feature","geometry":{"type":"LineString","coordinates":[[137.41702,34.76503],[137.41681,34.76505],[137.4155,34.76516],[137.41428,34.76526],[137.41396,34.76529]]},"properties":{"N02_001":"21","N02_002":"4","N02_003":"東田本線","N02_004":"豊橋鉄道"}},{"type":"Feature","geometry":{"type":"LineString","coordinates":[[137.4224,34.75826],[137.42239,34.75876]]},"properties":{"N02_001":"21","N02_002":"4","N02_003":"東田本線","N02_004":"豊橋鉄道"}},{"type":"Feature","geometry":{"type":"LineString","coordinates":[[137.42159,34.76424],[137.42055,34.76448],[137.4198,34.76465],[137.41874,34.76488],[137.41864,34.76491],[137.41852,34.76492],[137.41784,34.76497],[137.41753,34.76499]]},"properties":{"N02_001":"21","N02_002":"4","N02_003":"東田本線","N02_004":"豊橋鉄道"}},{"type":"Feature","geometry":{"type":"LineString","coordinates":[[137.40474,34.76575],[137.40424,34.76576]]},"properties":{"N02_001":"21","N02_002":"4","N02_003":"東田本線","N02_004":"豊橋鉄道"}},{"type":"Feature","geometry":{"type":"LineString","coordinates":[[137.40812,34.76574],[137.40727,34.76575],[137.4064,34.76575],[137.40554,34.76574],[137.40474,34.76575]]},"properties":{"N02_001":"21","N02_002":"4","N02_003":"東田本線","N02_004":"豊橋鉄道"}},{"type":"Feature","geometry":{"type":"LineString","coordinates":[[137.42939,34.76341],[137.42885,34.76339]]},"properties":{"N02_001":"21","N02_002":"4","N02_003":"東田本線","N02_004":"豊橋鉄道"}},{"type":"Feature","geometry":{"type":"LineString","coordinates":[[137.41753,34.76499],[137.41702,34.76503]]},"properties":{"N02_001":"21","N02_002":"4","N02_003":"東田本線","N02_004":"豊橋鉄道"}},{"type":"Feature","geometry":{"type":"LineString","coordinates":[[137.42208,34.76413],[137.42219,34.76408],[137.4222,34.76404],[137.4222,34.76387],[137.42224,34.76271],[137.4223,34.76123],[137.42237,34.75964],[137.42239,34.75876]]},"properties":{"N02_001":"21","N02_002":"4","N02_003":"東田本線","N02_004":"豊橋鉄道"}},{"type":"Feature","geometry":{"type":"LineString","coordinates":[[137.42885,34.76339],[137.42765,34.76336],[137.42636,34.76332],[137.42606,34.76331],[137.42573,34.76334],[137.42544,34.76338],[137.4248,34.76352],[137.42208,34.76413]]},"properties":{"N02_001":"21","N02_002":"4","N02_003":"東田本線","N02_004":"豊橋鉄道"}},{"type":"Feature","geometry":{"type":"LineString","coordinates":[[137.40871,34.76572],[137.40812,34.76574]]},"properties":{"N02_001":"21","N02_002":"4","N02_003":"東田本線","N02_004":"豊橋鉄道"}},{"type":"Feature","geometry":{"type":"LineString","coordinates":[[137.41396,34.76529],[137.41346,34.76533]]},"properties":{"N02_001":"21","N02_002":"4","N02_003":"東田本線","N02_004":"豊橋鉄道"}},{"type":"Feature","geometry":{"type":"LineString","coordinates":[[137.41346,34.76533],[137.41231,34.76543],[137.41109,34.76553],[137.4101,34.76562],[137.40933,34.76569],[137.40885,34.76572],[137.40871,34.76572]]},"properties":{"N02_001":"21","N02_002":"4","N02_003":"東田本線","N02_004":"豊橋鉄道"}},{"type":"Feature","geometry":{"type":"LineString","coordinates":[[137.42208,34.76413],[137.42159,34.76424]]},"properties":{"N02_001":"21","N02_002":"4","N02_003":"東田本線","N02_004":"豊橋鉄道"}},{"type":"Feature","geometry":{"type":"LineString","coordinates":[[137.39335,34.76721],[137.39278,34.76732]]},"properties":{"N02_001":"21","N02_002":"4","N02_003":"東田本線","N02_004":"豊橋鉄道"}},{"type":"Feature","geometry":{"type":"LineString","coordinates":[[137.39558,34.76679],[137.39438,34.76702],[137.39353,34.76718],[137.39335,34.76721]]},"properties":{"N02_001":"21","N02_002":"4","N02_003":"東田本線","N02_004":"豊橋鉄道"}},{"type":"Feature","geometry":{"type":"LineString","coordinates":[[137.39031,34.76471],[137.39026,34.76425]]},"properties":{"N02_001":"21","N02_002":"4","N02_003":"東田本線","N02_004":"豊橋鉄道"}},{"type":"Feature","geometry":{"type":"LineString","coordinates":[[137.39614,34.76668],[137.39558,34.76679]]},"properties":{"N02_001":"21","N02_002":"4","N02_003":"東田本線","N02_004":"豊橋鉄道"}},{"type":"Feature","geometry":{"type":"LineString","coordinates":[[137.39026,34.76425],[137.39024,34.764],[137.3902,34.7634],[137.39019,34.76308],[137.38987,34.76289],[137.38974,34.76289],[137.38972,34.76289]]},"properties":{"N02_001":"21","N02_002":"4","N02_003":"東田本線","N02_004":"豊橋鉄道"}},{"type":"Feature","geometry":{"type":"LineString","coordinates":[[137.40043,34.76587],[137.40036,34.76587],[137.39991,34.76595],[137.39875,34.76618],[137.39752,34.76641],[137.39654,34.7666],[137.39614,34.76668]]},"properties":{"N02_001":"21","N02_002":"4","N02_003":"東田本線","N02_004":"豊橋鉄道"}},{"type":"Feature","geometry":{"type":"LineString","coordinates":[[137.39278,34.76732],[137.39231,34.76742],[137.39126,34.76762],[137.39088,34.76769],[137.39077,34.7677],[137.39069,34.76769],[137.39063,34.76768],[137.39057,34.76764],[137.39052,34.76757],[137.39049,34.76748],[137.39046,34.76708],[137.39042,34.7664],[137.39038,34.76571],[137.39033,34.76496],[137.39031,34.76471]]},"properties":{"N02_001":"21","N02_002":"4","N02_003":"東田本線","N02_004":"豊橋鉄道"}},{"type":"Feature","geometry":{"type":"LineString","coordinates":[[137.38591,34.7631],[137.38546,34.76313],[137.38378,34.76322],[137.3835,34.76323],[137.3834,34.76326],[137.38333,34.76332],[137.38324,34.76344]]},"properties":{"N02_001":"21","N02_002":"4","N02_003":"東田本線","N02_004":"豊橋鉄道"}},{"type":"Feature","geometry":{"type":"LineString","coordinates":[[137.38972,34.76289],[137.38924,34.76292]]},"properties":{"N02_001":"21","N02_002":"4","N02_003":"東田本線","N02_004":"豊橋鉄道"}},{"type":"Feature","geometry":{"type":"LineString","coordinates":[[137.40424,34.76576],[137.40293,34.76581],[137.40167,34.76584],[137.40102,34.76586]]},"properties":{"N02_001":"21","N02_002":"4","N02_003":"東田本線","N02_004":"豊橋鉄道"}},{"type":"Feature","geometry":{"type":"LineString","coordinates":[[137.38591,34.7631],[137.38621,34.76309]]},"properties":{"N02_001":"21","N02_002":"4","N02_003":"東田本線","N02_004":"豊橋鉄道"}},{"type":"Feature","geometry":{"type":"LineString","coordinates":[[137.38324,34.76344],[137.38301,34.76382]]},"properties":{"N02_001":"21","N02_002":"4","N02_003":"東田本線","N02_004":"豊橋鉄道"}},{"type":"Feature","geometry":{"type":"LineString","coordinates":[[137.38924,34.76292],[137.38789,34.76299],[137.38621,34.76309]]},"properties":{"N02_001":"21","N02_002":"4","N02_003":"東田本線","N02_004":"豊橋鉄道"}},{"type":"Feature","geometry":{"type":"LineString","coordinates":[[137.40102,34.76586],[137.40043,34.76587]]},"properties":{"N02_001":"21","N02_002":"4","N02_003":"東田本線","N02_004":"豊橋鉄道"}},{"type":"Feature","geometry":{"type":"LineString","coordinates":[[136.97814,35.21574],[136.97886,35.21612]]},"properties":{"N02_001":"24","N02_002":"5","N02_003":"ガイドウェイバス志段味線","N02_004":"名古屋ガイドウェイバス"}},{"type":"Feature","geometry":{"type":"LineString","coordinates":[[136.98261,35.21838],[136.9831,35.21895]]},"properties":{"N02_001":"24","N02_002":"5","N02_003":"ガイドウェイバス志段味線","N02_004":"名古屋ガイドウェイバス"}},{"type":"Feature","geometry":{"type":"LineString","coordinates":[[136.96229,35.21053],[136.9625,35.21077],[136.96304,35.21135],[136.96327,35.21161],[136.96351,35.21191],[136.96368,35.21218],[136.96389,35.2125],[136.96406,35.21281],[136.96418,35.21297],[136.96427,35.21308],[136.96436,35.21314],[136.96443,35.21318],[136.96482,35.21329],[136.96579,35.21351],[136.9667,35.21372],[136.96742,35.21388],[136.96834,35.21408]]},"properties":{"N02_001":"24","N02_002":"5","N02_003":"ガイドウェイバス志段味線","N02_004":"名古屋ガイドウェイバス"}},{"type":"Feature","geometry":{"type":"LineString","coordinates":[[136.96834,35.21408],[136.96913,35.21425]]},"properties":{"N02_001":"24","N02_002":"5","N02_003":"ガイドウェイバス志段味線","N02_004":"名古屋ガイドウェイバス"}},{"type":"Feature","geometry":{"type":"LineString","coordinates":[[136.97886,35.21612],[136.97954,35.21648],[136.98098,35.21725],[136.98168,35.21762],[136.98207,35.21783],[136.9822,35.21792],[136.9823,35.21804],[136.98248,35.21824],[136.98261,35.21838]]},"properties":{"N02_001":"24","N02_002":"5","N02_003":"ガイドウェイバス志段味線","N02_004":"名古屋ガイドウェイバス"}},{"type":"Feature","geometry":{"type":"LineString","coordinates":[[136.96179,35.21],[136.96229,35.21053]]},"properties":{"N02_001":"24","N02_002":"5","N02_003":"ガイドウェイバス志段味線","N02_004":"名古屋ガイドウェイバス"}},{"type":"Feature","geometry":{"type":"LineString","coordinates":[[136.96913,35.21425],[136.96941,35.21432],[136.9706,35.21457],[136.97107,35.21465],[136.97127,35.21468],[136.97364,35.21494],[136.97516,35.21512],[136.97605,35.21523],[136.97657,35.21528],[136.97685,35.21533],[136.97723,35.21541],[136.97751,35.2155],[136.97761,35.21553],[136.97814,35.21574]]},"properties":{"N02_001":"24","N02_002":"5","N02_003":"ガイドウェイバス志段味線","N02_004":"名古屋ガイドウェイバス"}},{"type":"Feature","geometry":{"type":"LineString","coordinates":[[136.95381,35.18886],[136.9546,35.1887]]},"properties":{"N02_001":"24","N02_002":"5","N02_003":"ガイドウェイバス志段味線","N02_004":"名古屋ガイドウェイバス"}},{"type":"Feature","geometry":{"type":"LineString","coordinates":[[136.93749,35.19186],[136.93749,35.19193],[136.93752,35.19203],[136.93758,35.19211],[136.93768,35.19215],[136.9378,35.19218],[136.93797,35.1922],[136.93815,35.19217],[136.93869,35.19206],[136.93984,35.19182],[136.9419,35.19138],[136.943753,35.19098],[136.94454,35.19081],[136.946005,35.190497],[136.94702,35.19028]]},"properties":{"N02_001":"24","N02_002":"5","N02_003":"ガイドウェイバス志段味線","N02_004":"名古屋ガイドウェイバス"}},{"type":"Feature","geometry":{"type":"LineString","coordinates":[[136.93751,35.19119],[136.93749,35.19186]]},"properties":{"N02_001":"24","N02_002":"5","N02_003":"ガイドウェイバス志段味線","N02_004":"名古屋ガイドウェイバス"}},{"type":"Feature","geometry":{"type":"LineString","coordinates":[[136.95698,35.20279],[136.9579,35.20403],[136.95858,35.2049],[136.95891,35.20533],[136.95927,35.20584],[136.95936,35.20597],[136.95943,35.2061],[136.9595,35.20626],[136.95958,35.20649],[136.95982,35.20717],[136.95996,35.20761],[136.96012,35.20801],[136.96018,35.20813],[136.96026,35.20826],[136.96033,35.20837],[136.96049,35.20856],[136.96116,35.20929],[136.96179,35.21]]},"properties":{"N02_001":"24","N02_002":"5","N02_003":"ガイドウェイバス志段味線","N02_004":"名古屋ガイドウェイバス"}},{"type":"Feature","geometry":{"type":"LineString","coordinates":[[136.95652,35.2022],[136.95698,35.20279]]},"properties":{"N02_001":"24","N02_002":"5","N02_003":"ガイドウェイバス志段味線","N02_004":"名古屋ガイドウェイバス"}},{"type":"Feature","geometry":{"type":"LineString","coordinates":[[136.9546,35.1887],[136.954673,35.188697],[136.95485,35.18869],[136.95501,35.18874],[136.95515,35.18882],[136.95525,35.18891],[136.95533,35.18903],[136.95539,35.18914],[136.95545,35.18931],[136.95561,35.18982],[136.95581,35.19047],[136.95598,35.19087],[136.95609,35.19112],[136.9562,35.19132],[136.95631,35.19148],[136.9564,35.19164],[136.95648,35.19177],[136.95653,35.19191],[136.95658,35.19206],[136.95665,35.19237],[136.95667,35.19249],[136.95682,35.19318],[136.95686,35.19341],[136.95686,35.19363],[136.95684,35.19381],[136.95683,35.19407],[136.95683,35.19437],[136.95683,35.19482],[136.95678,35.19554],[136.95672,35.19604],[136.956718,35.196058],[136.95661,35.19703]]},"properties":{"N02_001":"24","N02_002":"5","N02_003":"ガイドウェイバス志段味線","N02_004":"名古屋ガイドウェイバス"}},{"type":"Feature","geometry":{"type":"LineString","coordinates":[[136.94782,35.19013],[136.948825,35.189912],[136.95049,35.18955],[136.95214,35.189224],[136.95226,35.1892],[136.952359,35.189178],[136.95381,35.18886]]},"properties":{"N02_001":"24","N02_002":"5","N02_003":"ガイドウェイバス志段味線","N02_004":"名古屋ガイドウェイバス"}},{"type":"Feature","geometry":{"type":"LineString","coordinates":[[136.95661,35.19703],[136.95657,35.19729],[136.95648,35.19773]]},"properties":{"N02_001":"24","N02_002":"5","N02_003":"ガイドウェイバス志段味線","N02_004":"名古屋ガイドウェイバス"}},{"type":"Feature","geometry":{"type":"LineString","coordinates":[[136.95648,35.19773],[136.95636,35.19815],[136.95601,35.19946],[136.95582,35.20008],[136.95577,35.20037],[136.95577,35.20059],[136.95579,35.2008],[136.95581,35.20093],[136.95585,35.20108],[136.95592,35.20125],[136.956,35.20143],[136.9561,35.20159],[136.95634,35.20196],[136.95652,35.2022]]},"properties":{"N02_001":"24","N02_002":"5","N02_003":"ガイドウェイバス志段味線","N02_004":"名古屋ガイドウェイバス"}},{"type":"Feature","geometry":{"type":"LineString","coordinates":[[136.94702,35.19028],[136.947333,35.190221],[136.94782,35.19013]]},"properties":{"N02_001":"24","N02_002":"5","N02_003":"ガイドウェイバス志段味線","N02_004":"名古屋ガイドウェイバス"}},{"type":"Feature","geometry":{"type":"LineString","coordinates":[[136.99643,35.16836],[136.99555,35.16824]]},"properties":{"N02_001":"12","N02_002":"3","N02_003":"1号線東山線","N02_004":"名古屋市"}},{"type":"Feature","geometry":{"type":"LineString","coordinates":[[137.01319,35.17528],[137.0124,35.17522],[137.01114,35.1751],[137.0106,35.17504],[137.01017,35.17499],[137.00981,35.17492],[137.00922,35.17479],[137.00879,35.17466],[137.00846,35.17457],[137.00815,35.17445],[137.00792,35.17435],[137.00765,35.17421],[137.00744,35.1741],[137.00721,35.17394],[137.00697,35.17375]]},"properties":{"N02_001":"12","N02_002":"3","N02_003":"1号線東山線","N02_004":"名古屋市"}},{"type":"Feature","geometry":{"type":"LineString","coordinates":[[136.97294,35.16055],[136.97234,35.16071]]},"properties":{"N02_001":"12","N02_002":"3","N02_003":"1号線東山線","N02_004":"名古屋市"}},{"type":"Feature","geometry":{"type":"LineString","coordinates":[[137.02162,35.18285],[137.02127,35.18226]]},"properties":{"N02_001":"12","N02_002":"3","N02_003":"1号線東山線","N02_004":"名古屋市"}},{"type":"Feature","geometry":{"type":"LineString","coordinates":[[136.97234,35.16071],[136.97188,35.16086],[136.9713,35.16107],[136.97076,35.16128],[136.97021,35.16146],[136.96964,35.16167],[136.96723,35.16257],[136.96524,35.16331],[136.96406,35.16375]]},"properties":{"N02_001":"12","N02_002":"3","N02_003":"1号線東山線","N02_004":"名古屋市"}},{"type":"Feature","geometry":{"type":"LineString","coordinates":[[136.99555,35.16824],[136.99528,35.1682],[136.99465,35.16805],[136.99422,35.16794],[136.99384,35.16782],[136.9931,35.16758],[136.99283,35.16747],[136.9926,35.16737],[136.99216,35.16713],[136.99178,35.16696],[136.99169,35.1669],[136.991689,35.166899],[136.99153,35.1668],[136.99082,35.16633],[136.9899,35.16566],[136.98951,35.16532],[136.98877,35.1647],[136.98838,35.16439],[136.9878,35.16393],[136.98749,35.16373],[136.98622,35.16295]]},"properties":{"N02_001":"12","N02_002":"3","N02_003":"1号線東山線","N02_004":"名古屋市"}},{"type":"Feature","geometry":{"type":"LineString","coordinates":[[137.00621,35.17321],[137.00515,35.17244],[137.00435,35.17191],[137.00116,35.1699],[137.00093,35.16978],[137.00078,35.16969],[136.9996,35.1692],[136.99867,35.16889],[136.99812,35.16872],[136.99754,35.16856],[136.99704,35.16847],[136.99643,35.16836]]},"properties":{"N02_001":"12","N02_002":"3","N02_003":"1号線東山線","N02_004":"名古屋市"}},{"type":"Feature","geometry":{"type":"LineString","coordinates":[[137.00697,35.17375],[137.00621,35.17321]]},"properties":{"N02_001":"12","N02_002":"3","N02_003":"1号線東山線","N02_004":"名古屋市"}},{"type":"Feature","geometry":{"type":"LineString","coordinates":[[136.96406,35.16375],[136.963566,35.163926],[136.96336,35.164]]},"properties":{"N02_001":"12","N02_002":"3","N02_003":"1号線東山線","N02_004":"名古屋市"}},{"type":"Feature","geometry":{"type":"LineString","coordinates":[[136.98622,35.16295],[136.98556,35.16259]]},"properties":{"N02_001":"12","N02_002":"3","N02_003":"1号線東山線","N02_004":"名古屋市"}},{"type":"Feature","geometry":{"type":"LineString","coordinates":[[137.01399,35.17537],[137.01319,35.17528]]},"properties":{"N02_001":"12","N02_002":"3","N02_003":"1号線東山線","N02_004":"名古屋市"}},{"type":"Feature","geometry":{"type":"LineString","coordinates":[[136.98556,35.16259],[136.98513,35.16239],[136.98401,35.16197],[136.98378,35.1619],[136.98306,35.16165],[136.98252,35.16147],[136.98197,35.16131],[136.98143,35.16119],[136.97977,35.16086],[136.97861,35.16068],[136.97667,35.16059],[136.97579,35.16056],[136.97526,35.16056],[136.97455,35.16051],[136.97356,35.16051],[136.97294,35.16055]]},"properties":{"N02_001":"12","N02_002":"3","N02_003":"1号線東山線","N02_004":"名古屋市"}},{"type":"Feature","geometry":{"type":"LineString","coordinates":[[137.02127,35.18226],[137.0211,35.182],[137.02096,35.18166],[137.0208,35.18097],[137.02074,35.18035],[137.02073,35.18027],[137.02075,35.17933],[137.02077,35.17847],[137.02072,35.17801],[137.02062,35.1776],[137.02045,35.17717],[137.02023,35.17687],[137.02,35.17663],[137.01966,35.17637],[137.01938,35.17622],[137.01895,35.17604],[137.0185,35.17591],[137.01801,35.17581],[137.01729,35.1757],[137.01399,35.17537]]},"properties":{"N02_001":"12","N02_002":"3","N02_003":"1号線東山線","N02_004":"名古屋市"}},{"type":"Feature","geometry":{"type":"LineString","coordinates":[[136.85436,35.15721],[136.85443,35.15827],[136.85446,35.15912]]},"properties":{"N02_001":"12","N02_002":"3","N02_003":"1号線東山線","N02_004":"名古屋市"}},{"type":"Feature","geometry":{"type":"LineString","coordinates":[[136.8626,35.17295],[136.8648,35.17488],[136.86694,35.17673]]},"properties":{"N02_001":"12","N02_002":"3","N02_003":"1号線東山線","N02_004":"名古屋市"}},{"type":"Feature","geometry":{"type":"LineString","coordinates":[[136.90821,35.16994],[136.90855,35.16995],[136.909,35.16996]]},"properties":{"N02_001":"12","N02_002":"3","N02_003":"1号線東山線","N02_004":"名古屋市"}},{"type":"Feature","geometry":{"type":"LineString","coordinates":[[136.93036,35.17062],[136.930758,35.170568],[136.93097,35.17054],[136.93254,35.17034],[136.93652,35.1699],[136.93678,35.16988],[136.93713,35.16985],[136.93726,35.16985],[136.93768,35.16982]]},"properties":{"N02_001":"12","N02_002":"3","N02_003":"1号線東山線","N02_004":"名古屋市"}},{"type":"Feature","geometry":{"type":"LineString","coordinates":[[136.89699,35.1692],[136.89685,35.16919],[136.89616,35.16914],[136.89553,35.16915],[136.89497,35.1692],[136.89436,35.16927],[136.89342,35.16938],[136.89276,35.16948],[136.89236,35.1695],[136.892355,35.1695],[136.89222,35.1695],[136.89172,35.16949],[136.8913,35.16946],[136.89072,35.1694],[136.88999,35.16932],[136.88967,35.16929],[136.88907,35.16916],[136.88701,35.16876],[136.88627,35.16863],[136.88546,35.1685],[136.88527,35.1685],[136.88511,35.16853],[136.88498,35.16861],[136.88486,35.16873],[136.88448,35.16989],[136.88413,35.17081],[136.88393,35.17119],[136.88388,35.1713]]},"properties":{"N02_001":"12","N02_002":"3","N02_003":"1号線東山線","N02_004":"名古屋市"}},{"type":"Feature","geometry":{"type":"LineString","coordinates":[[136.93847,35.16975],[136.93768,35.16982]]},"properties":{"N02_001":"12","N02_002":"3","N02_003":"1号線東山線","N02_004":"名古屋市"}},{"type":"Feature","geometry":{"type":"LineString","coordinates":[[136.87779,35.17755],[136.87713,35.17755]]},"properties":{"N02_001":"12","N02_002":"3","N02_003":"1号線東山線","N02_004":"名古屋市"}},{"type":"Feature","geometry":{"type":"LineString","coordinates":[[136.85346,35.14968],[136.85355,35.15059],[136.85365,35.15139],[136.85373,35.15201],[136.85381,35.15269],[136.85389,35.1533],[136.85398,35.15406],[136.85406,35.15473],[136.85414,35.15551],[136.85428,35.1566],[136.85436,35.15721]]},"properties":{"N02_001":"12","N02_002":"3","N02_003":"1号線東山線","N02_004":"名古屋市"}},{"type":"Feature","geometry":{"type":"LineString","coordinates":[[136.909,35.16996],[136.90927,35.16997],[136.909274,35.16997],[136.91018,35.16998],[136.911866,35.170097],[136.912422,35.170135],[136.9197,35.17064]]},"properties":{"N02_001":"12","N02_002":"3","N02_003":"1号線東山線","N02_004":"名古屋市"}},{"type":"Feature","geometry":{"type":"LineString","coordinates":[[136.89782,35.16923],[136.89852,35.16927],[136.89946,35.16934],[136.90034,35.16939],[136.90124,35.16944],[136.90219,35.16951],[136.90324,35.16957],[136.90488,35.16969],[136.9059,35.16975],[136.90652,35.16978],[136.90777,35.16989],[136.90821,35.16994]]},"properties":{"N02_001":"12","N02_002":"3","N02_003":"1号線東山線","N02_004":"名古屋市"}},{"type":"Feature","geometry":{"type":"LineString","coordinates":[[136.94646,35.16773],[136.94559,35.16792]]},"properties":{"N02_001":"12","N02_002":"3","N02_003":"1号線東山線","N02_004":"名古屋市"}},{"type":"Feature","geometry":{"type":"LineString","coordinates":[[136.86755,35.17725],[136.8678,35.17745],[136.86797,35.1775],[136.87205,35.17754],[136.87713,35.17755]]},"properties":{"N02_001":"12","N02_002":"3","N02_003":"1号線東山線","N02_004":"名古屋市"}},{"type":"Feature","geometry":{"type":"LineString","coordinates":[[136.85493,35.16807],[136.85494,35.16818],[136.85513,35.16835],[136.85541,35.16852],[136.8566,35.16913],[136.85745,35.16954],[136.85803,35.16983],[136.85806,35.16989],[136.85939,35.17058],[136.86054,35.17122],[136.86199,35.17245]]},"properties":{"N02_001":"12","N02_002":"3","N02_003":"1号線東山線","N02_004":"名古屋市"}},{"type":"Feature","geometry":{"type":"LineString","coordinates":[[136.88388,35.1713],[136.88352,35.17191]]},"properties":{"N02_001":"12","N02_002":"3","N02_003":"1号線東山線","N02_004":"名古屋市"}},{"type":"Feature","geometry":{"type":"LineString","coordinates":[[136.85308,35.14724],[136.85315,35.14749],[136.85336,35.148937],[136.85336,35.14894],[136.853379,35.149083],[136.853412,35.149327],[136.85346,35.14968]]},"properties":{"N02_001":"12","N02_002":"3","N02_003":"1号線東山線","N02_004":"名古屋市"}},{"type":"Feature","geometry":{"type":"LineString","coordinates":[[136.96336,35.164],[136.9613,35.16472],[136.96075,35.16491],[136.96032,35.16505],[136.95976,35.16525],[136.95932,35.1654],[136.95878,35.16559],[136.95825,35.16578],[136.95764,35.16598],[136.95714,35.16616],[136.95662,35.16629],[136.95603,35.16643],[136.95552,35.16656],[136.95498,35.16666],[136.95454,35.1667],[136.95433,35.16669],[136.95393,35.16667],[136.95354,35.16663],[136.95292,35.1666]]},"properties":{"N02_001":"12","N02_002":"3","N02_003":"1号線東山線","N02_004":"名古屋市"}},{"type":"Feature","geometry":{"type":"LineString","coordinates":[[136.92958,35.1707],[136.93036,35.17062]]},"properties":{"N02_001":"12","N02_002":"3","N02_003":"1号線東山線","N02_004":"名古屋市"}},{"type":"Feature","geometry":{"type":"LineString","coordinates":[[136.92051,35.1707],[136.92447,35.17095],[136.92504,35.17093],[136.92829,35.17071],[136.92958,35.1707]]},"properties":{"N02_001":"12","N02_002":"3","N02_003":"1号線東山線","N02_004":"名古屋市"}},{"type":"Feature","geometry":{"type":"LineString","coordinates":[[136.85492,35.16739],[136.85493,35.16807]]},"properties":{"N02_001":"12","N02_002":"3","N02_003":"1号線東山線","N02_004":"名古屋市"}},{"type":"Feature","geometry":{"type":"LineString","coordinates":[[136.86199,35.17245],[136.8626,35.17295]]},"properties":{"N02_001":"12","N02_002":"3","N02_003":"1号線東山線","N02_004":"名古屋市"}},{"type":"Feature","geometry":{"type":"LineString","coordinates":[[136.88352,35.17191],[136.88265,35.17356],[136.882302,35.174097],[136.8823,35.1741],[136.88209,35.17442],[136.88129,35.1756],[136.88061,35.17636],[136.87951,35.17752],[136.87911,35.17753],[136.878415,35.177538],[136.878232,35.17754],[136.87823,35.17754],[136.878063,35.177544],[136.87779,35.17755]]},"properties":{"N02_001":"12","N02_002":"3","N02_003":"1号線東山線","N02_004":"名古屋市"}},{"type":"Feature","geometry":{"type":"LineString","coordinates":[[136.95292,35.1666],[136.95209,35.16649]]},"properties":{"N02_001":"12","N02_002":"3","N02_003":"1号線東山線","N02_004":"名古屋市"}},{"type":"Feature","geometry":{"type":"LineString","coordinates":[[136.85446,35.15912],[136.85449,35.15966],[136.85455,35.16076],[136.85458,35.16132],[136.85461,35.1622],[136.85463,35.16264],[136.85466,35.16309],[136.8547,35.16372],[136.85469,35.16409],[136.85463,35.16457],[136.85461,35.16492],[136.85461,35.16533],[136.85466,35.16586],[136.85472,35.16632],[136.85492,35.16739]]},"properties":{"N02_001":"12","N02_002":"3","N02_003":"1号線東山線","N02_004":"名古屋市"}},{"type":"Feature","geometry":{"type":"LineString","coordinates":[[136.89782,35.16923],[136.89733,35.16921],[136.89699,35.1692]]},"properties":{"N02_001":"12","N02_002":"3","N02_003":"1号線東山線","N02_004":"名古屋市"}},{"type":"Feature","geometry":{"type":"LineString","coordinates":[[136.85341,35.14026],[136.8534,35.14067],[136.8533,35.14217],[136.85322,35.14322],[136.85317,35.14403],[136.85312,35.14501],[136.85306,35.14594],[136.85303,35.14653],[136.85304,35.1469],[136.85308,35.14724]]},"properties":{"N02_001":"12","N02_002":"3","N02_003":"1号線東山線","N02_004":"名古屋市"}},{"type":"Feature","geometry":{"type":"LineString","coordinates":[[136.94559,35.16792],[136.94528,35.16799],[136.94452,35.1682],[136.94349,35.16846],[136.94224,35.1688],[136.94113,35.16908],[136.94029,35.16931],[136.9396,35.1695],[136.93916,35.16961],[136.93884,35.1697],[136.93847,35.16975]]},"properties":{"N02_001":"12","N02_002":"3","N02_003":"1号線東山線","N02_004":"名古屋市"}},{"type":"Feature","geometry":{"type":"LineString","coordinates":[[136.85362,35.13791],[136.85351,35.13913],[136.85341,35.14026]]},"properties":{"N02_001":"12","N02_002":"3","N02_003":"1号線東山線","N02_004":"名古屋市"}},{"type":"Feature","geometry":{"type":"LineString","coordinates":[[136.86694,35.17673],[136.86755,35.17725]]},"properties":{"N02_001":"12","N02_002":"3","N02_003":"1号線東山線","N02_004":"名古屋市"}},{"type":"Feature","geometry":{"type":"LineString","coordinates":[[136.9197,35.17064],[136.92051,35.1707]]},"properties":{"N02_001":"12","N02_002":"3","N02_003":"1号線東山線","N02_004":"名古屋市"}},{"type":"Feature","geometry":{"type":"LineString","coordinates":[[136.95209,35.16649],[136.95173,35.16649],[136.95153,35.16654],[136.95127,35.1666],[136.95031,35.16683],[136.94931,35.16707],[136.94864,35.16722],[136.94646,35.16773]]},"properties":{"N02_001":"12","N02_002":"3","N02_003":"1号線東山線","N02_004":"名古屋市"}},{"type":"Feature","geometry":{"type":"LineString","coordinates":[[136.89954,35.14057],[136.89986,35.14101],[136.90044,35.14182],[136.900998,35.142607],[136.901,35.14261],[136.90107,35.142708],[136.901213,35.142907],[136.901375,35.143133],[136.90143,35.14321],[136.90169,35.14356]]},"properties":{"N02_001":"12","N02_002":"3","N02_003":"2号線名港線","N02_004":"名古屋市"}},{"type":"Feature","geometry":{"type":"LineString","coordinates":[[136.90169,35.14356],[136.90218,35.14419]]},"properties":{"N02_001":"12","N02_002":"3","N02_003":"2号線名港線","N02_004":"名古屋市"}},{"type":"Feature","geometry":{"type":"LineString","coordinates":[[136.88856,35.12445],[136.88884,35.12496],[136.88974,35.12662],[136.89062,35.12825],[136.89143,35.12976],[136.8924,35.13153],[136.8929,35.13247]]},"properties":{"N02_001":"12","N02_002":"3","N02_003":"2号線名港線","N02_004":"名古屋市"}},{"type":"Feature","geometry":{"type":"LineString","coordinates":[[136.89328,35.13306],[136.8934,35.13327],[136.89367,35.13382],[136.89386,35.13412],[136.8941,35.13432],[136.8945,35.13451],[136.89507,35.13473],[136.89545,35.13498],[136.8957,35.13526],[136.89607,35.13578],[136.89665,35.13655],[136.897197,35.137306],[136.8972,35.13731],[136.89793,35.13832],[136.897932,35.138323],[136.89807,35.13852],[136.89879,35.13951],[136.89908,35.13996],[136.89954,35.14057]]},"properties":{"N02_001":"12","N02_002":"3","N02_003":"2号線名港線","N02_004":"名古屋市"}},{"type":"Feature","geometry":{"type":"LineString","coordinates":[[136.88494,35.10678],[136.88498,35.10694],[136.8852,35.10858],[136.88547,35.11026],[136.88554,35.11057],[136.88576,35.11199],[136.88597,35.11314]]},"properties":{"N02_001":"12","N02_002":"3","N02_003":"2号線名港線","N02_004":"名古屋市"}},{"type":"Feature","geometry":{"type":"LineString","coordinates":[[136.88198,35.09355],[136.8824,35.09577],[136.88267,35.09721],[136.88275,35.09756],[136.88314,35.09962]]},"properties":{"N02_001":"12","N02_002":"3","N02_003":"2号線名港線","N02_004":"名古屋市"}},{"type":"Feature","geometry":{"type":"LineString","coordinates":[[136.8929,35.13247],[136.89328,35.13306]]},"properties":{"N02_001":"12","N02_002":"3","N02_003":"2号線名港線","N02_004":"名古屋市"}},{"type":"Feature","geometry":{"type":"LineString","coordinates":[[136.88822,35.12376],[136.88856,35.12445]]},"properties":{"N02_001":"12","N02_002":"3","N02_003":"2号線名港線","N02_004":"名古屋市"}},{"type":"Feature","geometry":{"type":"LineString","coordinates":[[136.88326,35.10027],[136.88355,35.10152],[136.88417,35.10462],[136.88431,35.10531],[136.88444,35.10576],[136.88457,35.10607],[136.88465,35.10623]]},"properties":{"N02_001":"12","N02_002":"3","N02_003":"2号線名港線","N02_004":"名古屋市"}},{"type":"Feature","geometry":{"type":"LineString","coordinates":[[136.88185,35.09286],[136.88198,35.09355]]},"properties":{"N02_001":"12","N02_002":"3","N02_003":"2号線名港線","N02_004":"名古屋市"}},{"type":"Feature","geometry":{"type":"LineString","coordinates":[[136.88314,35.09962],[136.88326,35.10027]]},"properties":{"N02_001":"12","N02_002":"3","N02_003":"2号線名港線","N02_004":"名古屋市"}},{"type":"Feature","geometry":{"type":"LineString","coordinates":[[136.88465,35.10623],[136.88494,35.10678]]},"properties":{"N02_001":"12","N02_002":"3","N02_003":"2号線名港線","N02_004":"名古屋市"}},{"type":"Feature","geometry":{"type":"LineString","coordinates":[[136.88612,35.11381],[136.88636,35.11507],[136.88646,35.11552],[136.88665,35.11657],[136.88671,35.1169],[136.88687,35.11773],[136.88697,35.11815],[136.88703,35.11845],[136.88703,35.118452],[136.88729,35.11962],[136.88752,35.12076],[136.88774,35.12168],[136.88807,35.12323],[136.888204,35.123703],[136.88822,35.12376]]},"properties":{"N02_001":"12","N02_002":"3","N02_003":"2号線名港線","N02_004":"名古屋市"}},{"type":"Feature","geometry":{"type":"LineString","coordinates":[[136.88597,35.11314],[136.88612,35.11381]]},"properties":{"N02_001":"12","N02_002":"3","N02_003":"2号線名港線","N02_004":"名古屋市"}},{"type":"Feature","geometry":{"type":"LineString","coordinates":[[136.90169,35.14356],[136.90218,35.14419]]},"properties":{"N02_001":"12","N02_002":"3","N02_003":"2号線名城線","N02_004":"名古屋市"}},{"type":"Feature","geometry":{"type":"LineString","coordinates":[[136.90471,35.15027],[136.90557,35.15175],[136.90583,35.15232],[136.9059,35.15251],[136.90614,35.15395],[136.90657,35.15654],[136.90673,35.15724]]},"properties":{"N02_001":"12","N02_002":"3","N02_003":"2号線名城線","N02_004":"名古屋市"}},{"type":"Feature","geometry":{"type":"LineString","coordinates":[[136.90562,35.18112],[136.90567,35.18058],[136.90583,35.17989],[136.90619,35.1791],[136.90668,35.17872],[136.90726,35.17823],[136.90757,35.17781],[136.90773,35.17734],[136.90782,35.17694],[136.90807,35.17449]]},"properties":{"N02_001":"12","N02_002":"3","N02_003":"2号線名城線","N02_004":"名古屋市"}},{"type":"Feature","geometry":{"type":"LineString","coordinates":[[136.9086,35.16982],[136.90856,35.1699],[136.90855,35.16995],[136.9082,35.17328]]},"properties":{"N02_001":"12","N02_002":"3","N02_003":"2号線名城線","N02_004":"名古屋市"}},{"type":"Feature","geometry":{"type":"LineString","coordinates":[[136.90476,35.18992],[136.90481,35.19034],[136.90473,35.19111]]},"properties":{"N02_001":"12","N02_002":"3","N02_003":"2号線名城線","N02_004":"名古屋市"}},{"type":"Feature","geometry":{"type":"LineString","coordinates":[[136.91069,35.19715],[136.90962,35.19717]]},"properties":{"N02_001":"12","N02_002":"3","N02_003":"2号線名城線","N02_004":"名古屋市"}},{"type":"Feature","geometry":{"type":"LineString","coordinates":[[136.90807,35.17449],[136.90816,35.17374],[136.9082,35.17328]]},"properties":{"N02_001":"12","N02_002":"3","N02_003":"2号線名城線","N02_004":"名古屋市"}},{"type":"Feature","geometry":{"type":"LineString","coordinates":[[136.90553,35.18182],[136.90562,35.18112]]},"properties":{"N02_001":"12","N02_002":"3","N02_003":"2号線名城線","N02_004":"名古屋市"}},{"type":"Feature","geometry":{"type":"LineString","coordinates":[[136.9302,35.19574],[136.929769,35.195916],[136.92949,35.19603]]},"properties":{"N02_001":"12","N02_002":"3","N02_003":"2号線名城線","N02_004":"名古屋市"}},{"type":"Feature","geometry":{"type":"LineString","coordinates":[[136.90476,35.18992],[136.90465,35.18908],[136.90463,35.18819],[136.90471,35.1873],[136.9049,35.18568],[136.904931,35.185426],[136.90503,35.18461],[136.90553,35.18182]]},"properties":{"N02_001":"12","N02_002":"3","N02_003":"2号線名城線","N02_004":"名古屋市"}},{"type":"Feature","geometry":{"type":"LineString","coordinates":[[136.90866,35.16919],[136.9086,35.16982]]},"properties":{"N02_001":"12","N02_002":"3","N02_003":"2号線名城線","N02_004":"名古屋市"}},{"type":"Feature","geometry":{"type":"LineString","coordinates":[[136.93582,35.19291],[136.93317,35.19436],[136.9302,35.19574]]},"properties":{"N02_001":"12","N02_002":"3","N02_003":"2号線名城線","N02_004":"名古屋市"}},{"type":"Feature","geometry":{"type":"LineString","coordinates":[[136.92949,35.19603],[136.92559,35.19618],[136.92156,35.19627]]},"properties":{"N02_001":"12","N02_002":"3","N02_003":"2号線名城線","N02_004":"名古屋市"}},{"type":"Feature","geometry":{"type":"LineString","coordinates":[[136.93653,35.1926],[136.93582,35.19291]]},"properties":{"N02_001":"12","N02_002":"3","N02_003":"2号線名城線","N02_004":"名古屋市"}},{"type":"Feature","geometry":{"type":"LineString","coordinates":[[136.92156,35.19627],[136.92087,35.19628]]},"properties":{"N02_001":"12","N02_002":"3","N02_003":"2号線名城線","N02_004":"名古屋市"}},{"type":"Feature","geometry":{"type":"LineString","coordinates":[[136.90218,35.14419],[136.90242,35.1446],[136.90268,35.14508],[136.90298,35.14567],[136.90312,35.14601],[136.90333,35.14651],[136.90342,35.14682],[136.90367,35.14737],[136.90396,35.14814],[136.90422,35.14877],[136.90432,35.14903],[136.90444,35.1496]]},"properties":{"N02_001":"12","N02_002":"3","N02_003":"2号線名城線","N02_004":"名古屋市"}},{"type":"Feature","geometry":{"type":"LineString","coordinates":[[136.90687,35.158],[136.907,35.15889],[136.90704,35.15916],[136.90716,35.15981],[136.90723,35.16019],[136.90728,35.1604],[136.90737,35.16063],[136.90748,35.16082],[136.90775,35.16126],[136.90794,35.16161],[136.9082,35.16206],[136.90841,35.16241],[136.90863,35.16299]]},"properties":{"N02_001":"12","N02_002":"3","N02_003":"2号線名城線","N02_004":"名古屋市"}},{"type":"Feature","geometry":{"type":"LineString","coordinates":[[136.90863,35.16299],[136.90882,35.16362]]},"properties":{"N02_001":"12","N02_002":"3","N02_003":"2号線名城線","N02_004":"名古屋市"}},{"type":"Feature","geometry":{"type":"LineString","coordinates":[[136.90882,35.16362],[136.90892,35.16399],[136.90893,35.16422],[136.90892,35.16461],[136.90888,35.16513],[136.90875,35.16771],[136.90866,35.16919]]},"properties":{"N02_001":"12","N02_002":"3","N02_003":"2号線名城線","N02_004":"名古屋市"}},{"type":"Feature","geometry":{"type":"LineString","coordinates":[[136.90673,35.15724],[136.90674,35.15731],[136.90687,35.158]]},"properties":{"N02_001":"12","N02_002":"3","N02_003":"2号線名城線","N02_004":"名古屋市"}},{"type":"Feature","geometry":{"type":"LineString","coordinates":[[136.90444,35.1496],[136.90471,35.15027]]},"properties":{"N02_001":"12","N02_002":"3","N02_003":"2号線名城線","N02_004":"名古屋市"}},{"type":"Feature","geometry":{"type":"LineString","coordinates":[[136.92087,35.19628],[136.91794,35.19643],[136.91675,35.19652],[136.91625,35.1966],[136.91524,35.19719],[136.91473,35.19722],[136.91069,35.19715]]},"properties":{"N02_001":"12","N02_002":"3","N02_003":"2号線名城線","N02_004":"名古屋市"}},{"type":"Feature","geometry":{"type":"LineString","coordinates":[[136.90962,35.19717],[136.90756,35.19724],[136.90707,35.19704],[136.90659,35.19678],[136.90577,35.19627],[136.90511,35.19552],[136.90493,35.19517],[136.90479,35.19473],[136.90478,35.19467],[136.90465,35.19381],[136.90458,35.1924],[136.90473,35.19111]]},"properties":{"N02_001":"12","N02_002":"3","N02_003":"2号線名城線","N02_004":"名古屋市"}},{"type":"Feature","geometry":{"type":"LineString","coordinates":[[137.0076,35.12258],[137.00867,35.12223],[137.00997,35.12179],[137.009976,35.121788],[137.01013,35.12174],[137.01062,35.12159],[137.01107,35.12134],[137.01169,35.12106],[137.01225,35.12088],[137.01274,35.12079],[137.01363,35.12075],[137.0142,35.12073],[137.01474,35.12076],[137.01589,35.12084],[137.01647,35.12088],[137.01781,35.12099]]},"properties":{"N02_001":"12","N02_002":"3","N02_003":"3号線鶴舞線","N02_004":"名古屋市"}},{"type":"Feature","geometry":{"type":"LineString","coordinates":[[136.9975,35.1259],[136.99806,35.12572],[137.00057,35.12488],[137.00246,35.12425],[137.0047,35.12352],[137.00683,35.12282]]},"properties":{"N02_001":"12","N02_002":"3","N02_003":"3号線鶴舞線","N02_004":"名古屋市"}},{"type":"Feature","geometry":{"type":"LineString","coordinates":[[137.00683,35.12282],[137.0076,35.12258]]},"properties":{"N02_001":"12","N02_002":"3","N02_003":"3号線鶴舞線","N02_004":"名古屋市"}},{"type":"Feature","geometry":{"type":"LineString","coordinates":[[136.98893,35.12841],[136.98818,35.12859]]},"properties":{"N02_001":"12","N02_002":"3","N02_003":"3号線鶴舞線","N02_004":"名古屋市"}},{"type":"Feature","geometry":{"type":"LineString","coordinates":[[136.97908,35.13241],[136.97818,35.13245]]},"properties":{"N02_001":"12","N02_002":"3","N02_003":"3号線鶴舞線","N02_004":"名古屋市"}},{"type":"Feature","geometry":{"type":"LineString","coordinates":[[136.97818,35.13245],[136.97796,35.13248],[136.97762,35.1325],[136.97737,35.13256],[136.97719,35.1326],[136.97703,35.13267],[136.97692,35.13274],[136.97655,35.13299],[136.97621,35.13314],[136.97573,35.13325],[136.97524,35.13335],[136.97453,35.13352],[136.97407,35.13363],[136.97345,35.13377],[136.97318,35.13382],[136.97281,35.13385],[136.97168,35.13397],[136.97095,35.13406],[136.97024,35.13417],[136.96963,35.13431],[136.969,35.13449],[136.96855,35.13463],[136.96792,35.13485],[136.96707,35.13519],[136.96676,35.13536],[136.9662,35.13562],[136.966085,35.135673],[136.96607,35.13568],[136.96575,35.13582],[136.96504,35.13621],[136.96452,35.13651],[136.964175,35.136725],[136.96407,35.13679]]},"properties":{"N02_001":"12","N02_002":"3","N02_003":"3号線鶴舞線","N02_004":"名古屋市"}},{"type":"Feature","geometry":{"type":"LineString","coordinates":[[136.99672,35.12616],[136.99704,35.12605],[136.9975,35.1259]]},"properties":{"N02_001":"12","N02_002":"3","N02_003":"3号線鶴舞線","N02_004":"名古屋市"}},{"type":"Feature","geometry":{"type":"LineString","coordinates":[[136.98818,35.12859],[136.98801,35.12862],[136.98768,35.12866],[136.98742,35.12873],[136.98686,35.12889],[136.98636,35.12906],[136.98575,35.12926],[136.98527,35.12948],[136.98482,35.12973],[136.98451,35.12994],[136.98424,35.13015],[136.98391,35.1304],[136.98342,35.13078],[136.98297,35.13108],[136.98255,35.13138],[136.98197,35.13167],[136.9813,35.13196],[136.98066,35.13216],[136.9802,35.13225],[136.97958,35.13235],[136.97908,35.13241]]},"properties":{"N02_001":"12","N02_002":"3","N02_003":"3号線鶴舞線","N02_004":"名古屋市"}},{"type":"Feature","geometry":{"type":"LineString","coordinates":[[136.96407,35.13679],[136.9635,35.13724]]},"properties":{"N02_001":"12","N02_002":"3","N02_003":"3号線鶴舞線","N02_004":"名古屋市"}},{"type":"Feature","geometry":{"type":"LineString","coordinates":[[136.99672,35.12616],[136.99633,35.1263],[136.99579,35.12647],[136.99521,35.12667],[136.99466,35.12685],[136.99412,35.12701],[136.99331,35.1273],[136.99236,35.12757],[136.99108,35.12792],[136.99039,35.12808],[136.98976,35.12823],[136.98925,35.12835],[136.98893,35.12841]]},"properties":{"N02_001":"12","N02_002":"3","N02_003":"3号線鶴舞線","N02_004":"名古屋市"}},{"type":"Feature","geometry":{"type":"LineString","coordinates":[[137.01781,35.12099],[137.0186,35.12108]]},"properties":{"N02_001":"12","N02_002":"3","N02_003":"3号線鶴舞線","N02_004":"名古屋市"}},{"type":"Feature","geometry":{"type":"LineString","coordinates":[[136.89013,35.1828],[136.89007,35.18222],[136.89009,35.18171],[136.89031,35.18124],[136.89064,35.18083],[136.89113,35.18047],[136.8919,35.18013],[136.89353,35.17979],[136.894017,35.179691],[136.89402,35.17969],[136.89514,35.17944],[136.8958,35.17913],[136.89625,35.17864],[136.89666,35.1755]]},"properties":{"N02_001":"12","N02_002":"3","N02_003":"3号線鶴舞線","N02_004":"名古屋市"}},{"type":"Feature","geometry":{"type":"LineString","coordinates":[[136.89681,35.17435],[136.89695,35.17289],[136.89723,35.16989],[136.89732,35.16928]]},"properties":{"N02_001":"12","N02_002":"3","N02_003":"3号線鶴舞線","N02_004":"名古屋市"}},{"type":"Feature","geometry":{"type":"LineString","coordinates":[[136.90687,35.15729],[136.90674,35.15731],[136.90597,35.15742]]},"properties":{"N02_001":"12","N02_002":"3","N02_003":"3号線鶴舞線","N02_004":"名古屋市"}},{"type":"Feature","geometry":{"type":"LineString","coordinates":[[136.92554,35.14957],[136.92492,35.14963]]},"properties":{"N02_001":"12","N02_002":"3","N02_003":"3号線鶴舞線","N02_004":"名古屋市"}},{"type":"Feature","geometry":{"type":"LineString","coordinates":[[136.89737,35.16862],[136.89733,35.16921],[136.89732,35.16928]]},"properties":{"N02_001":"12","N02_002":"3","N02_003":"3号線鶴舞線","N02_004":"名古屋市"}},{"type":"Feature","geometry":{"type":"LineString","coordinates":[[136.95484,35.14363],[136.95424,35.14411]]},"properties":{"N02_001":"12","N02_002":"3","N02_003":"3号線鶴舞線","N02_004":"名古屋市"}},{"type":"Feature","geometry":{"type":"LineString","coordinates":[[136.88629,35.2155],[136.88694,35.21455]]},"properties":{"N02_001":"12","N02_002":"3","N02_003":"3号線鶴舞線","N02_004":"名古屋市"}},{"type":"Feature","geometry":{"type":"LineString","coordinates":[[136.92492,35.14963],[136.92448,35.14966],[136.92383,35.14969],[136.92315,35.14978],[136.92262,35.14987],[136.92225,35.14998],[136.922,35.15011],[136.92169,35.1504],[136.92134,35.1508],[136.92107,35.15116],[136.92096,35.15136],[136.92086,35.15177],[136.92074,35.15203],[136.92061,35.15232],[136.92045,35.15267],[136.92005,35.1535],[136.91966,35.15426],[136.91935,35.15477],[136.91904,35.15515],[136.91875,35.15542],[136.9186,35.15551],[136.91836,35.15558],[136.91809,35.15566],[136.9177,35.15575],[136.91769,35.15575],[136.917686,35.155751],[136.91717,35.15586],[136.917134,35.155866],[136.9157,35.15609]]},"properties":{"N02_001":"12","N02_002":"3","N02_003":"3号線鶴舞線","N02_004":"名古屋市"}},{"type":"Feature","geometry":{"type":"LineString","coordinates":[[136.95424,35.14411],[136.95378,35.14448],[136.95326,35.14492],[136.9531,35.14511],[136.95294,35.14531],[136.95284,35.14559],[136.95273,35.14602],[136.95256,35.14657],[136.9524,35.14708],[136.9523,35.14737],[136.95218,35.14752],[136.9518,35.14783],[136.95132,35.14807],[136.95078,35.14827],[136.95033,35.1484],[136.94986,35.14846],[136.94915,35.14858],[136.94868,35.14865]]},"properties":{"N02_001":"12","N02_002":"3","N02_003":"3号線鶴舞線","N02_004":"名古屋市"}},{"type":"Feature","geometry":{"type":"LineString","coordinates":[[136.89028,35.18383],[136.89013,35.1828]]},"properties":{"N02_001":"12","N02_002":"3","N02_003":"3号線鶴舞線","N02_004":"名古屋市"}},{"type":"Feature","geometry":{"type":"LineString","coordinates":[[136.9157,35.15609],[136.9148,35.15622]]},"properties":{"N02_001":"12","N02_002":"3","N02_003":"3号線鶴舞線","N02_004":"名古屋市"}},{"type":"Feature","geometry":{"type":"LineString","coordinates":[[136.9635,35.13724],[136.96303,35.13759],[136.96287,35.1377],[136.96212,35.13835],[136.96159,35.13879],[136.9612,35.13906],[136.95984,35.13981],[136.95939,35.14007],[136.95899,35.14033],[136.95825,35.14093],[136.9574,35.14156],[136.95698,35.14191],[136.95661,35.1422],[136.95581,35.14281],[136.95484,35.14363]]},"properties":{"N02_001":"12","N02_002":"3","N02_003":"3号線鶴舞線","N02_004":"名古屋市"}},{"type":"Feature","geometry":{"type":"LineString","coordinates":[[136.9148,35.15622],[136.91429,35.15627],[136.91365,35.15634],[136.91255,35.15646],[136.9116,35.15657],[136.91128,35.15662],[136.9107,35.15668],[136.90991,35.1568],[136.90963,35.15682],[136.90842,35.15709],[136.90687,35.15729]]},"properties":{"N02_001":"12","N02_002":"3","N02_003":"3号線鶴舞線","N02_004":"名古屋市"}},{"type":"Feature","geometry":{"type":"LineString","coordinates":[[136.89803,35.16181],[136.89782,35.16403],[136.89764,35.16579],[136.89756,35.16695],[136.89745,35.16792],[136.89737,35.16862]]},"properties":{"N02_001":"12","N02_002":"3","N02_003":"3号線鶴舞線","N02_004":"名古屋市"}},{"type":"Feature","geometry":{"type":"LineString","coordinates":[[136.89666,35.1755],[136.89681,35.17435]]},"properties":{"N02_001":"12","N02_002":"3","N02_003":"3号線鶴舞線","N02_004":"名古屋市"}},{"type":"Feature","geometry":{"type":"LineString","coordinates":[[136.89075,35.19269],[136.89083,35.1915]]},"properties":{"N02_001":"12","N02_002":"3","N02_003":"3号線鶴舞線","N02_004":"名古屋市"}},{"type":"Feature","geometry":{"type":"LineString","coordinates":[[136.87804,35.22147],[136.87822,35.22123],[136.87851,35.22094],[136.87895,35.22048],[136.879075,35.220373],[136.87971,35.21983],[136.88063,35.21911],[136.88157,35.21855],[136.88536,35.21648],[136.88579,35.2162],[136.88629,35.2155]]},"properties":{"N02_001":"12","N02_002":"3","N02_003":"3号線鶴舞線","N02_004":"名古屋市"}},{"type":"Feature","geometry":{"type":"LineString","coordinates":[[136.87718,35.223],[136.87729,35.2228],[136.87804,35.22147]]},"properties":{"N02_001":"12","N02_002":"3","N02_003":"3号線鶴舞線","N02_004":"名古屋市"}},{"type":"Feature","geometry":{"type":"LineString","coordinates":[[136.94868,35.14865],[136.94784,35.14878]]},"properties":{"N02_001":"12","N02_002":"3","N02_003":"3号線鶴舞線","N02_004":"名古屋市"}},{"type":"Feature","geometry":{"type":"LineString","coordinates":[[136.89812,35.16101],[136.89803,35.16181]]},"properties":{"N02_001":"12","N02_002":"3","N02_003":"3号線鶴舞線","N02_004":"名古屋市"}},{"type":"Feature","geometry":{"type":"LineString","coordinates":[[136.9335,35.14946],[136.93249,35.14947],[136.932,35.14948],[136.93093,35.14949],[136.93024,35.14948],[136.92865,35.1495],[136.92821,35.14951],[136.92675,35.14952],[136.92554,35.14957]]},"properties":{"N02_001":"12","N02_002":"3","N02_003":"3号線鶴舞線","N02_004":"名古屋市"}},{"type":"Feature","geometry":{"type":"LineString","coordinates":[[136.89083,35.1915],[136.89097,35.18958],[136.89093,35.1886],[136.89028,35.18383]]},"properties":{"N02_001":"12","N02_002":"3","N02_003":"3号線鶴舞線","N02_004":"名古屋市"}},{"type":"Feature","geometry":{"type":"LineString","coordinates":[[136.87718,35.223],[136.87685,35.2236]]},"properties":{"N02_001":"12","N02_002":"3","N02_003":"3号線鶴舞線","N02_004":"名古屋市"}},{"type":"Feature","geometry":{"type":"LineString","coordinates":[[136.88694,35.21455],[136.88812,35.21259],[136.88847,35.21201],[136.88917,35.21122],[136.89118,35.20913],[136.89132,35.20883],[136.89105,35.20441]]},"properties":{"N02_001":"12","N02_002":"3","N02_003":"3号線鶴舞線","N02_004":"名古屋市"}},{"type":"Feature","geometry":{"type":"LineString","coordinates":[[136.93454,35.14948],[136.93361,35.14946],[136.9335,35.14946]]},"properties":{"N02_001":"12","N02_002":"3","N02_003":"3号線鶴舞線","N02_004":"名古屋市"}},{"type":"Feature","geometry":{"type":"LineString","coordinates":[[136.89096,35.20322],[136.89094,35.20249],[136.89089,35.2017],[136.89054,35.19695],[136.89075,35.19269]]},"properties":{"N02_001":"12","N02_002":"3","N02_003":"3号線鶴舞線","N02_004":"名古屋市"}},{"type":"Feature","geometry":{"type":"LineString","coordinates":[[136.89105,35.20441],[136.89096,35.20322]]},"properties":{"N02_001":"12","N02_002":"3","N02_003":"3号線鶴舞線","N02_004":"名古屋市"}},{"type":"Feature","geometry":{"type":"LineString","coordinates":[[136.90597,35.15742],[136.90545,35.15748],[136.90403,35.15757],[136.90168,35.15775],[136.90126,35.1578],[136.90039,35.15788],[136.9,35.15793],[136.8998,35.15795],[136.89959,35.15798],[136.8994,35.15803],[136.89915,35.15808],[136.89895,35.15814],[136.89881,35.15819],[136.89872,35.15825],[136.8986,35.15836],[136.89843,35.15851],[136.89836,35.15862],[136.8983,35.15886],[136.89828,35.15914],[136.89822,35.15982],[136.89812,35.16101]]},"properties":{"N02_001":"12","N02_002":"3","N02_003":"3号線鶴舞線","N02_004":"名古屋市"}},{"type":"Feature","geometry":{"type":"LineString","coordinates":[[136.94784,35.14878],[136.94769,35.14879],[136.94602,35.14901],[136.94559,35.14907],[136.9451,35.14913],[136.9441,35.14927],[136.94299,35.14942],[136.94281,35.14944],[136.94208,35.14946],[136.94044,35.14947],[136.93849,35.14946],[136.93702,35.14948],[136.93578,35.14947],[136.93454,35.14948]]},"properties":{"N02_001":"12","N02_002":"3","N02_003":"3号線鶴舞線","N02_004":"名古屋市"}},{"type":"Feature","geometry":{"type":"LineString","coordinates":[[136.96656,35.15551],[136.96659,35.15506],[136.9666,35.15451],[136.9666,35.15446],[136.96657,35.15393],[136.96654,35.1536]]},"properties":{"N02_001":"12","N02_002":"3","N02_003":"4号線名城線","N02_004":"名古屋市"}},{"type":"Feature","geometry":{"type":"LineString","coordinates":[[136.96709,35.17622],[136.96652,35.17456]]},"properties":{"N02_001":"12","N02_002":"3","N02_003":"4号線名城線","N02_004":"名古屋市"}},{"type":"Feature","geometry":{"type":"LineString","coordinates":[[136.9656,35.13769],[136.96511,35.13747],[136.96465,35.13717],[136.964175,35.136725],[136.96402,35.13658],[136.96372,35.13628]]},"properties":{"N02_001":"12","N02_002":"3","N02_003":"4号線名城線","N02_004":"名古屋市"}},{"type":"Feature","geometry":{"type":"LineString","coordinates":[[136.96523,35.14394],[136.96575,35.14272],[136.96619,35.14157],[136.96636,35.14125],[136.96704,35.14014],[136.9672,35.1398],[136.96725,35.13945],[136.96721,35.13907],[136.96709,35.13872],[136.96693,35.1385],[136.96676,35.13833],[136.96647,35.13812],[136.96616,35.13794],[136.9656,35.13769]]},"properties":{"N02_001":"12","N02_002":"3","N02_003":"4号線名城線","N02_004":"名古屋市"}},{"type":"Feature","geometry":{"type":"LineString","coordinates":[[136.96264,35.18405],[136.9655,35.18085],[136.96654,35.1796],[136.96686,35.17917],[136.96716,35.17857],[136.96727,35.17827],[136.96733,35.17799],[136.96735,35.17772],[136.96733,35.1774],[136.96728,35.17707],[136.96722,35.17664],[136.96709,35.17622]]},"properties":{"N02_001":"12","N02_002":"3","N02_003":"4号線名城線","N02_004":"名古屋市"}},{"type":"Feature","geometry":{"type":"LineString","coordinates":[[136.96395,35.16217],[136.96407,35.1617],[136.96419,35.16137],[136.96441,35.16084],[136.9651,35.15937],[136.96577,35.158],[136.96605,35.15745],[136.96624,35.15699],[136.9664,35.15638],[136.96655,35.15565],[136.96656,35.15551]]},"properties":{"N02_001":"12","N02_002":"3","N02_003":"4号線名城線","N02_004":"名古屋市"}},{"type":"Feature","geometry":{"type":"LineString","coordinates":[[136.96363,35.16359],[136.96395,35.16217]]},"properties":{"N02_001":"12","N02_002":"3","N02_003":"4号線名城線","N02_004":"名古屋市"}},{"type":"Feature","geometry":{"type":"LineString","coordinates":[[136.96453,35.14534],[136.96472,35.14499],[136.96509,35.14428],[136.96523,35.14394]]},"properties":{"N02_001":"12","N02_002":"3","N02_003":"4号線名城線","N02_004":"名古屋市"}},{"type":"Feature","geometry":{"type":"LineString","coordinates":[[136.96654,35.1536],[136.96652,35.15345],[136.966433,35.152993],[136.96638,35.15271],[136.96585,35.15031],[136.96559,35.14942],[136.96524,35.14822],[136.96468,35.14672],[136.96438,35.146],[136.96436,35.14581],[136.96439,35.14561],[136.96453,35.14534]]},"properties":{"N02_001":"12","N02_002":"3","N02_003":"4号線名城線","N02_004":"名古屋市"}},{"type":"Feature","geometry":{"type":"LineString","coordinates":[[136.96652,35.17456],[136.96627,35.17384],[136.96514,35.17052],[136.96388,35.16683],[136.96367,35.1661],[136.96356,35.16545],[136.9635,35.16482],[136.96356,35.16396],[136.963566,35.163926],[136.96363,35.16359]]},"properties":{"N02_001":"12","N02_002":"3","N02_003":"4号線名城線","N02_004":"名古屋市"}},{"type":"Feature","geometry":{"type":"LineString","coordinates":[[136.96161,35.18527],[136.96264,35.18405]]},"properties":{"N02_001":"12","N02_002":"3","N02_003":"4号線名城線","N02_004":"名古屋市"}},{"type":"Feature","geometry":{"type":"LineString","coordinates":[[136.95504,35.18862],[136.954673,35.188697],[136.95423,35.18879]]},"properties":{"N02_001":"12","N02_002":"3","N02_003":"4号線名城線","N02_004":"名古屋市"}},{"type":"Feature","geometry":{"type":"LineString","coordinates":[[136.93653,35.1926],[136.93582,35.19291]]},"properties":{"N02_001":"12","N02_002":"3","N02_003":"4号線名城線","N02_004":"名古屋市"}},{"type":"Feature","geometry":{"type":"LineString","coordinates":[[136.90671,35.12796],[136.90668,35.12806],[136.90653,35.12835],[136.90634,35.12861],[136.90572,35.12948],[136.9046,35.13102],[136.90441,35.13129],[136.90331,35.13277],[136.90202,35.13454]]},"properties":{"N02_001":"12","N02_002":"3","N02_003":"4号線名城線","N02_004":"名古屋市"}},{"type":"Feature","geometry":{"type":"LineString","coordinates":[[136.93004,35.11716],[136.92912,35.11708]]},"properties":{"N02_001":"12","N02_002":"3","N02_003":"4号線名城線","N02_004":"名古屋市"}},{"type":"Feature","geometry":{"type":"LineString","coordinates":[[136.9218,35.11648],[136.92112,35.11643]]},"properties":{"N02_001":"12","N02_002":"3","N02_003":"4号線名城線","N02_004":"名古屋市"}},{"type":"Feature","geometry":{"type":"LineString","coordinates":[[136.95423,35.18879],[136.952359,35.189178],[136.95214,35.189224],[136.948825,35.189912],[136.947333,35.190221],[136.946005,35.190497],[136.9444,35.19083]]},"properties":{"N02_001":"12","N02_002":"3","N02_003":"4号線名城線","N02_004":"名古屋市"}},{"type":"Feature","geometry":{"type":"LineString","coordinates":[[136.94925,35.12387],[136.94824,35.12254],[136.94798,35.12225],[136.9479,35.12218]]},"properties":{"N02_001":"12","N02_002":"3","N02_003":"4号線名城線","N02_004":"名古屋市"}},{"type":"Feature","geometry":{"type":"LineString","coordinates":[[136.93766,35.11774],[136.93678,35.11772]]},"properties":{"N02_001":"12","N02_002":"3","N02_003":"4号線名城線","N02_004":"名古屋市"}},{"type":"Feature","geometry":{"type":"LineString","coordinates":[[136.89954,35.14057],[136.89986,35.14101],[136.90044,35.14182],[136.900998,35.142607],[136.901,35.14261],[136.90107,35.142708],[136.901213,35.142907],[136.901375,35.143133],[136.90143,35.14321],[136.90169,35.14356]]},"properties":{"N02_001":"12","N02_002":"3","N02_003":"4号線名城線","N02_004":"名古屋市"}},{"type":"Feature","geometry":{"type":"LineString","coordinates":[[136.90159,35.13519],[136.90149,35.13533],[136.90025,35.13707],[136.90014,35.13727],[136.89993,35.13786],[136.89979,35.13837],[136.89959,35.13901],[136.89948,35.13938],[136.8994,35.13985],[136.89946,35.14037],[136.89954,35.14057]]},"properties":{"N02_001":"12","N02_002":"3","N02_003":"4号線名城線","N02_004":"名古屋市"}},{"type":"Feature","geometry":{"type":"LineString","coordinates":[[136.93678,35.11772],[136.93658,35.1177],[136.9361,35.11766],[136.93557,35.11762],[136.93415,35.11749],[136.93353,35.11745],[136.93197,35.11733],[136.93081,35.11722],[136.93004,35.11716]]},"properties":{"N02_001":"12","N02_002":"3","N02_003":"4号線名城線","N02_004":"名古屋市"}},{"type":"Feature","geometry":{"type":"LineString","coordinates":[[136.95406,35.12985],[136.95394,35.12954],[136.95384,35.12924],[136.95374,35.12906],[136.95358,35.12887],[136.95244,35.12775],[136.95137,35.1267],[136.95122,35.12653],[136.95052,35.12561],[136.9494,35.12407],[136.94925,35.12387]]},"properties":{"N02_001":"12","N02_002":"3","N02_003":"4号線名城線","N02_004":"名古屋市"}},{"type":"Feature","geometry":{"type":"LineString","coordinates":[[136.92912,35.11708],[136.928423,35.117023],[136.9274,35.11694],[136.92623,35.11684],[136.925,35.11675],[136.92393,35.11665],[136.92349,35.11663],[136.9218,35.11648]]},"properties":{"N02_001":"12","N02_002":"3","N02_003":"4号線名城線","N02_004":"名古屋市"}},{"type":"Feature","geometry":{"type":"LineString","coordinates":[[136.96372,35.13628],[136.963677,35.136235],[136.96345,35.136],[136.96314,35.13569],[136.96281,35.13548],[136.96259,35.13538],[136.96231,35.1353],[136.96153,35.13518],[136.96062,35.13511],[136.960486,35.135109],[136.95936,35.1351],[136.95909,35.13509],[136.95885,35.13506],[136.9585,35.13497],[136.95817,35.13484],[136.9577,35.13461],[136.95724,35.13425],[136.95694,35.13393],[136.95663,35.13346],[136.95505,35.13131]]},"properties":{"N02_001":"12","N02_002":"3","N02_003":"4号線名城線","N02_004":"名古屋市"}},{"type":"Feature","geometry":{"type":"LineString","coordinates":[[136.94358,35.19102],[136.94202,35.19137],[136.93777,35.19227],[136.937253,35.19241],[136.937175,35.192431],[136.93666,35.19257],[136.936657,35.192571],[136.93653,35.1926]]},"properties":{"N02_001":"12","N02_002":"3","N02_003":"4号線名城線","N02_004":"名古屋市"}},{"type":"Feature","geometry":{"type":"LineString","coordinates":[[136.95504,35.18862],[136.95837,35.18787],[136.95904,35.18763],[136.95955,35.18736],[136.95987,35.18711],[136.96068,35.18629],[136.960807,35.18615],[136.96161,35.18527]]},"properties":{"N02_001":"12","N02_002":"3","N02_003":"4号線名城線","N02_004":"名古屋市"}},{"type":"Feature","geometry":{"type":"LineString","coordinates":[[136.9444,35.19083],[136.943753,35.19098],[136.94358,35.19102]]},"properties":{"N02_001":"12","N02_002":"3","N02_003":"4号線名城線","N02_004":"名古屋市"}},{"type":"Feature","geometry":{"type":"LineString","coordinates":[[136.91007,35.12102],[136.90918,35.12139],[136.90808,35.12186],[136.90783,35.12196],[136.90766,35.12209],[136.90759,35.1222],[136.90756,35.1225],[136.90754,35.12295],[136.90754,35.12359],[136.90745,35.12456],[136.90738,35.12519],[136.90728,35.12574],[136.90719,35.12625],[136.90712,35.12668],[136.90693,35.12734]]},"properties":{"N02_001":"12","N02_002":"3","N02_003":"4号線名城線","N02_004":"名古屋市"}},{"type":"Feature","geometry":{"type":"LineString","coordinates":[[136.90202,35.13454],[136.90159,35.13519]]},"properties":{"N02_001":"12","N02_002":"3","N02_003":"4号線名城線","N02_004":"名古屋市"}},{"type":"Feature","geometry":{"type":"LineString","coordinates":[[136.90693,35.12734],[136.90671,35.12796]]},"properties":{"N02_001":"12","N02_002":"3","N02_003":"4号線名城線","N02_004":"名古屋市"}},{"type":"Feature","geometry":{"type":"LineString","coordinates":[[136.9479,35.12218],[136.94758,35.12189],[136.94709,35.12151],[136.94638,35.12104],[136.94528,35.12038],[136.94443,35.11995],[136.94352,35.11951],[136.94202,35.11883],[136.94029,35.11821],[136.93953,35.11799],[136.93927,35.11792],[136.93907,35.11787],[136.93881,35.11782],[136.93854,35.11778],[136.93825,35.11776],[136.93792,35.11775],[136.93766,35.11774]]},"properties":{"N02_001":"12","N02_002":"3","N02_003":"4号線名城線","N02_004":"名古屋市"}},{"type":"Feature","geometry":{"type":"LineString","coordinates":[[136.95505,35.13131],[136.95432,35.13034],[136.95406,35.12985]]},"properties":{"N02_001":"12","N02_002":"3","N02_003":"4号線名城線","N02_004":"名古屋市"}},{"type":"Feature","geometry":{"type":"LineString","coordinates":[[136.90169,35.14356],[136.90218,35.14419]]},"properties":{"N02_001":"12","N02_002":"3","N02_003":"4号線名城線","N02_004":"名古屋市"}},{"type":"Feature","geometry":{"type":"LineString","coordinates":[[136.91081,35.12073],[136.91007,35.12102]]},"properties":{"N02_001":"12","N02_002":"3","N02_003":"4号線名城線","N02_004":"名古屋市"}},{"type":"Feature","geometry":{"type":"LineString","coordinates":[[136.92112,35.11643],[136.92046,35.11639],[136.91853,35.11629],[136.91808,35.11626],[136.91763,35.11629],[136.91685,35.11641],[136.91609,35.11657],[136.915706,35.116712],[136.91547,35.1168],[136.91512,35.117],[136.91495,35.11713],[136.91444,35.1174],[136.91422,35.1175],[136.91402,35.11768],[136.91385,35.11786],[136.91383,35.11789],[136.913827,35.117893],[136.91374,35.118],[136.91357,35.1182],[136.9134,35.11839],[136.91295,35.1189],[136.912395,35.119557],[136.91197,35.12006],[136.9118,35.12022],[136.91165,35.12034],[136.91148,35.12044],[136.91081,35.12073]]},"properties":{"N02_001":"12","N02_002":"3","N02_003":"4号線名城線","N02_004":"名古屋市"}},{"type":"Feature","geometry":{"type":"LineString","coordinates":[[136.95536,35.10236],[136.95443,35.10285]]},"properties":{"N02_001":"12","N02_002":"3","N02_003":"6号線桜通線","N02_004":"名古屋市"}},{"type":"Feature","geometry":{"type":"LineString","coordinates":[[136.91544,35.17417],[136.91243,35.17402],[136.9089,35.17379],[136.908899,35.17379],[136.90851,35.17377],[136.90838,35.17376]]},"properties":{"N02_001":"12","N02_002":"3","N02_003":"6号線桜通線","N02_004":"名古屋市"}},{"type":"Feature","geometry":{"type":"LineString","coordinates":[[136.9336,35.14936],[136.93361,35.14946],[136.93376,35.15034]]},"properties":{"N02_001":"12","N02_002":"3","N02_003":"6号線桜通線","N02_004":"名古屋市"}},{"type":"Feature","geometry":{"type":"LineString","coordinates":[[136.93376,35.15034],[136.93422,35.153],[136.93479,35.15623],[136.935058,35.157806],[136.93506,35.15782],[136.93515,35.15834]]},"properties":{"N02_001":"12","N02_002":"3","N02_003":"6号線桜通線","N02_004":"名古屋市"}},{"type":"Feature","geometry":{"type":"LineString","coordinates":[[136.93645,35.11843],[136.93631,35.11937]]},"properties":{"N02_001":"12","N02_002":"3","N02_003":"6号線桜通線","N02_004":"名古屋市"}},{"type":"Feature","geometry":{"type":"LineString","coordinates":[[136.94475,35.10546],[136.94365,35.10567]]},"properties":{"N02_001":"12","N02_002":"3","N02_003":"6号線桜通線","N02_004":"名古屋市"}},{"type":"Feature","geometry":{"type":"LineString","coordinates":[[136.94365,35.10567],[136.94299,35.10577],[136.94231,35.10587],[136.94181,35.10595],[136.94111,35.10609],[136.94047,35.10621],[136.93999,35.10631],[136.93931,35.10646],[136.93839,35.10668],[136.93785,35.10682],[136.93756,35.1069],[136.93735,35.10696],[136.9372,35.10703],[136.93706,35.10711],[136.93696,35.10725],[136.93674,35.10764],[136.93668,35.10779],[136.9366,35.10802],[136.93663,35.10828],[136.93675,35.10883]]},"properties":{"N02_001":"12","N02_002":"3","N02_003":"6号線桜通線","N02_004":"名古屋市"}},{"type":"Feature","geometry":{"type":"LineString","coordinates":[[136.93016,35.1733],[136.92882,35.17351]]},"properties":{"N02_001":"12","N02_002":"3","N02_003":"6号線桜通線","N02_004":"名古屋市"}},{"type":"Feature","geometry":{"type":"LineString","coordinates":[[136.88841,35.17197],[136.8845,35.17132],[136.88393,35.17119],[136.88357,35.17111],[136.88294,35.17097]]},"properties":{"N02_001":"12","N02_002":"3","N02_003":"6号線桜通線","N02_004":"名古屋市"}},{"type":"Feature","geometry":{"type":"LineString","coordinates":[[136.90696,35.17363],[136.89991,35.17314],[136.89943,35.1731]]},"properties":{"N02_001":"12","N02_002":"3","N02_003":"6号線桜通線","N02_004":"名古屋市"}},{"type":"Feature","geometry":{"type":"LineString","coordinates":[[136.88164,35.17061],[136.881589,35.170595],[136.8812,35.17048],[136.881058,35.17042],[136.88075,35.17029],[136.88045,35.17017],[136.88003,35.16989],[136.87904,35.16925],[136.87817,35.16868],[136.87772,35.16838],[136.8773,35.16811],[136.87678,35.16786],[136.87625,35.16766],[136.87584,35.16758],[136.87509,35.1676],[136.87396,35.16762]]},"properties":{"N02_001":"12","N02_002":"3","N02_003":"6号線桜通線","N02_004":"名古屋市"}},{"type":"Feature","geometry":{"type":"LineString","coordinates":[[136.89784,35.17298],[136.89695,35.17289],[136.8947,35.17265],[136.892853,35.17247],[136.89285,35.17247],[136.88954,35.17214]]},"properties":{"N02_001":"12","N02_002":"3","N02_003":"6号線桜通線","N02_004":"名古屋市"}},{"type":"Feature","geometry":{"type":"LineString","coordinates":[[136.93447,35.13158],[136.93431,35.13248]]},"properties":{"N02_001":"12","N02_002":"3","N02_003":"6号線桜通線","N02_004":"名古屋市"}},{"type":"Feature","geometry":{"type":"LineString","coordinates":[[136.93335,35.13947],[136.9333,35.14025],[136.9333,35.140251],[136.93329,35.14039]]},"properties":{"N02_001":"12","N02_002":"3","N02_003":"6号線桜通線","N02_004":"名古屋市"}},{"type":"Feature","geometry":{"type":"LineString","coordinates":[[136.93431,35.13248],[136.9343,35.13273],[136.9339,35.13539],[136.93351,35.13801],[136.93335,35.13947]]},"properties":{"N02_001":"12","N02_002":"3","N02_003":"6号線桜通線","N02_004":"名古屋市"}},{"type":"Feature","geometry":{"type":"LineString","coordinates":[[136.93515,35.15834],[136.93529,35.15927]]},"properties":{"N02_001":"12","N02_002":"3","N02_003":"6号線桜通線","N02_004":"名古屋市"}},{"type":"Feature","geometry":{"type":"LineString","coordinates":[[136.93551,35.12462],[136.93536,35.12557]]},"properties":{"N02_001":"12","N02_002":"3","N02_003":"6号線桜通線","N02_004":"名古屋市"}},{"type":"Feature","geometry":{"type":"LineString","coordinates":[[136.93693,35.1098],[136.93725,35.11152],[136.93739,35.11244],[136.93735,35.1128],[136.93728,35.11325],[136.93721,35.11366],[136.93711,35.11424],[136.9369,35.11558],[136.93677,35.11642],[136.93673,35.116658],[136.93673,35.11666],[136.93658,35.1177],[136.93645,35.11843]]},"properties":{"N02_001":"12","N02_002":"3","N02_003":"6号線桜通線","N02_004":"名古屋市"}},{"type":"Feature","geometry":{"type":"LineString","coordinates":[[136.93529,35.15927],[136.93534,35.15958],[136.93593,35.16293],[136.93601,35.16336],[136.93671,35.16734],[136.93692,35.1685]]},"properties":{"N02_001":"12","N02_002":"3","N02_003":"6号線桜通線","N02_004":"名古屋市"}},{"type":"Feature","geometry":{"type":"LineString","coordinates":[[136.92882,35.17351],[136.92796,35.17362],[136.92678,35.17379],[136.92505,35.17402],[136.92388,35.17409],[136.92217,35.17416],[136.92045,35.17417],[136.91693,35.17416]]},"properties":{"N02_001":"12","N02_002":"3","N02_003":"6号線桜通線","N02_004":"名古屋市"}},{"type":"Feature","geometry":{"type":"LineString","coordinates":[[136.88294,35.17097],[136.882444,35.170833],[136.882008,35.170712],[136.88164,35.17061]]},"properties":{"N02_001":"12","N02_002":"3","N02_003":"6号線桜通線","N02_004":"名古屋市"}},{"type":"Feature","geometry":{"type":"LineString","coordinates":[[136.90838,35.17376],[136.90816,35.17374],[136.90696,35.17363]]},"properties":{"N02_001":"12","N02_002":"3","N02_003":"6号線桜通線","N02_004":"名古屋市"}},{"type":"Feature","geometry":{"type":"LineString","coordinates":[[136.93692,35.1685],[136.93709,35.16945]]},"properties":{"N02_001":"12","N02_002":"3","N02_003":"6号線桜通線","N02_004":"名古屋市"}},{"type":"Feature","geometry":{"type":"LineString","coordinates":[[136.93709,35.16945],[136.93713,35.16985],[136.93714,35.1699],[136.93721,35.17059],[136.93696,35.17096],[136.93606,35.17145],[136.93408,35.17225],[136.932932,35.172679],[136.93293,35.17268],[136.932809,35.172724],[136.93249,35.17284],[136.93193,35.17298],[136.93016,35.1733]]},"properties":{"N02_001":"12","N02_002":"3","N02_003":"6号線桜通線","N02_004":"名古屋市"}},{"type":"Feature","geometry":{"type":"LineString","coordinates":[[136.93631,35.11937],[136.9362,35.12017],[136.93577,35.12304],[136.93551,35.12462]]},"properties":{"N02_001":"12","N02_002":"3","N02_003":"6号線桜通線","N02_004":"名古屋市"}},{"type":"Feature","geometry":{"type":"LineString","coordinates":[[136.91693,35.17416],[136.91544,35.17417]]},"properties":{"N02_001":"12","N02_002":"3","N02_003":"6号線桜通線","N02_004":"名古屋市"}},{"type":"Feature","geometry":{"type":"LineString","coordinates":[[136.93675,35.10883],[136.93693,35.1098]]},"properties":{"N02_001":"12","N02_002":"3","N02_003":"6号線桜通線","N02_004":"名古屋市"}},{"type":"Feature","geometry":{"type":"LineString","coordinates":[[136.89943,35.1731],[136.89784,35.17298]]},"properties":{"N02_001":"12","N02_002":"3","N02_003":"6号線桜通線","N02_004":"名古屋市"}},{"type":"Feature","geometry":{"type":"LineString","coordinates":[[136.87396,35.16762],[136.87281,35.16764]]},"properties":{"N02_001":"12","N02_002":"3","N02_003":"6号線桜通線","N02_004":"名古屋市"}},{"type":"Feature","geometry":{"type":"LineString","coordinates":[[136.93329,35.14039],[136.93337,35.14297],[136.93343,35.14557],[136.93345,35.14601],[136.9335,35.14749],[136.93356,35.14829],[136.9336,35.14936]]},"properties":{"N02_001":"12","N02_002":"3","N02_003":"6号線桜通線","N02_004":"名古屋市"}},{"type":"Feature","geometry":{"type":"LineString","coordinates":[[136.95443,35.10285],[136.95398,35.10308],[136.95354,35.10329],[136.95306,35.10353],[136.9527,35.10366],[136.95241,35.10378],[136.95214,35.10385],[136.95151,35.10398],[136.95089,35.10409],[136.95021,35.10419],[136.94935,35.10437],[136.94914,35.1044],[136.94902,35.10442],[136.94838,35.10457],[136.94798,35.10466],[136.94746,35.1048],[136.94695,35.10492],[136.9458,35.10521],[136.94475,35.10546]]},"properties":{"N02_001":"12","N02_002":"3","N02_003":"6号線桜通線","N02_004":"名古屋市"}},{"type":"Feature","geometry":{"type":"LineString","coordinates":[[136.93536,35.12557],[136.93513,35.12729],[136.93468,35.13015],[136.93447,35.13158]]},"properties":{"N02_001":"12","N02_002":"3","N02_003":"6号線桜通線","N02_004":"名古屋市"}},{"type":"Feature","geometry":{"type":"LineString","coordinates":[[136.88954,35.17214],[136.88841,35.17197]]},"properties":{"N02_001":"12","N02_002":"3","N02_003":"6号線桜通線","N02_004":"名古屋市"}},{"type":"Feature","geometry":{"type":"LineString","coordinates":[[136.92968,35.2045],[136.92968,35.20271]]},"properties":{"N02_001":"12","N02_002":"3","N02_003":"上飯田線","N02_004":"名古屋市"}},{"type":"Feature","geometry":{"type":"LineString","coordinates":[[136.92973,35.19723],[136.929769,35.195916],[136.92979,35.19521]]},"properties":{"N02_001":"12","N02_002":"3","N02_003":"上飯田線","N02_004":"名古屋市"}},{"type":"Feature","geometry":{"type":"LineString","coordinates":[[136.92968,35.20271],[136.92973,35.19723]]},"properties":{"N02_001":"12","N02_002":"3","N02_003":"上飯田線","N02_004":"名古屋市"}},{"type":"Feature","geometry":{"type":"LineString","coordinates":[[136.907,34.98868],[136.90671,34.98986]]},"properties":{"N02_001":"12","N02_002":"4","N02_003":"河和線","N02_004":"名古屋鉄道"}},{"type":"Feature","geometry":{"type":"LineString","coordinates":[[136.89365,35.01],[136.89382,35.0093]]},"properties":{"N02_001":"12","N02_002":"4","N02_003":"河和線","N02_004":"名古屋鉄道"}},{"type":"Feature","geometry":{"type":"LineString","coordinates":[[136.89382,35.0093],[136.89384,35.00921],[136.89396,35.00875],[136.89435,35.0071],[136.89454,35.00629],[136.8946,35.00609],[136.8947,35.00586],[136.89474,35.00576],[136.89477,35.00571],[136.89487,35.00547],[136.895,35.00518],[136.89512,35.00496],[136.89525,35.00476],[136.8954,35.00456],[136.8955,35.00445],[136.89575,35.00419],[136.89606,35.00392],[136.89635,35.00368],[136.89657,35.00354],[136.89683,35.00338],[136.89708,35.00325],[136.89788,35.00278],[136.89816,35.00261],[136.90072,35.00112],[136.90153,35.00064],[136.90242,35.00011],[136.90297,34.99974],[136.90367,34.99917],[136.90388,34.99899],[136.90401,34.99886],[136.90411,34.99875],[136.90423,34.99861],[136.90436,34.99844],[136.90445,34.9983],[136.90453,34.99818],[136.90479,34.99775],[136.90493,34.99747],[136.90509,34.99702],[136.90526,34.99632],[136.90541,34.9956],[136.90552,34.99521],[136.90618,34.99217],[136.90671,34.98986]]},"properties":{"N02_001":"12","N02_002":"4","N02_003":"河和線","N02_004":"名古屋鉄道"}},{"type":"Feature","geometry":{"type":"LineString","coordinates":[[136.89215,35.01955],[136.89204,35.01901],[136.89196,35.01861],[136.89191,35.01821],[136.89192,35.01798],[136.89195,35.01742],[136.89207,35.0169],[136.8925,35.01503],[136.89287,35.0133],[136.89318,35.01186],[136.89355,35.01037],[136.89364,35.01006],[136.89365,35.01]]},"properties":{"N02_001":"12","N02_002":"4","N02_003":"河和線","N02_004":"名古屋鉄道"}},{"type":"Feature","geometry":{"type":"LineString","coordinates":[[136.89238,35.01998],[136.89215,35.01955]]},"properties":{"N02_001":"12","N02_002":"4","N02_003":"河和線","N02_004":"名古屋鉄道"}},{"type":"Feature","geometry":{"type":"LineString","coordinates":[[136.89276,35.02063],[136.89238,35.01998]]},"properties":{"N02_001":"12","N02_002":"4","N02_003":"河和線","N02_004":"名古屋鉄道"}},{"type":"Feature","geometry":{"type":"LineString","coordinates":[[136.91682,34.82883],[136.91671,34.82982]]},"properties":{"N02_001":"12","N02_002":"4","N02_003":"河和線","N02_004":"名古屋鉄道"}},{"type":"Feature","geometry":{"type":"LineString","coordinates":[[136.91704,34.82709],[136.91694,34.82795],[136.91682,34.82883]]},"properties":{"N02_001":"12","N02_002":"4","N02_003":"河和線","N02_004":"名古屋鉄道"}},{"type":"Feature","geometry":{"type":"LineString","coordinates":[[136.92335,34.91779],[136.92313,34.91863],[136.92278,34.91993],[136.92271,34.92015],[136.92245,34.92124],[136.92231,34.92174],[136.92198,34.92281],[136.92175,34.92344],[136.92057,34.92628],[136.92031,34.9269],[136.91999,34.92765],[136.91953,34.92873],[136.91875,34.9306]]},"properties":{"N02_001":"12","N02_002":"4","N02_003":"河和線","N02_004":"名古屋鉄道"}},{"type":"Feature","geometry":{"type":"LineString","coordinates":[[136.91862,34.79775],[136.9185,34.79794],[136.91835,34.79821],[136.91823,34.79845],[136.91794,34.79916],[136.91779,34.79961],[136.91772,34.79999],[136.91768,34.80036],[136.91759,34.80122],[136.91751,34.80183],[136.91738,34.8024],[136.91698,34.80368],[136.91689,34.80395],[136.91681,34.8042],[136.91674,34.80443],[136.91647,34.80525],[136.91618,34.80613],[136.91609,34.80648],[136.91605,34.80664],[136.916,34.80695],[136.91596,34.80727],[136.91592,34.8077],[136.91592,34.80834],[136.91597,34.80889],[136.91603,34.80926],[136.91623,34.81006],[136.91638,34.81074],[136.91651,34.81131],[136.916859,34.812696],[136.91686,34.8127],[136.91686,34.81272],[136.91717,34.81403],[136.91745,34.81525],[136.91753,34.81566],[136.91765,34.81653],[136.91775,34.8171],[136.91782,34.81759],[136.91784,34.81786],[136.91785,34.81811],[136.91787,34.81857],[136.91789,34.81888],[136.9179,34.81932],[136.9179,34.81969],[136.91789,34.82013],[136.91786,34.82041],[136.91777,34.8211],[136.9177,34.82173],[136.91757,34.82268],[136.91751,34.82321],[136.91742,34.82399],[136.9173,34.82504],[136.91719,34.82597],[136.91704,34.82709]]},"properties":{"N02_001":"12","N02_002":"4","N02_003":"河和線","N02_004":"名古屋鉄道"}},{"type":"Feature","geometry":{"type":"LineString","coordinates":[[136.91678,34.94049],[136.91665,34.94145]]},"properties":{"N02_001":"12","N02_002":"4","N02_003":"河和線","N02_004":"名古屋鉄道"}},{"type":"Feature","geometry":{"type":"LineString","coordinates":[[136.92207,34.88658],[136.92162,34.88581]]},"properties":{"N02_001":"12","N02_002":"4","N02_003":"河和線","N02_004":"名古屋鉄道"}},{"type":"Feature","geometry":{"type":"LineString","coordinates":[[136.91567,34.96174],[136.91567,34.962468],[136.91567,34.96247],[136.91567,34.96267]]},"properties":{"N02_001":"12","N02_002":"4","N02_003":"河和線","N02_004":"名古屋鉄道"}},{"type":"Feature","geometry":{"type":"LineString","coordinates":[[136.92582,34.8935],[136.9258,34.89337],[136.92576,34.89319],[136.9257,34.893],[136.92563,34.89278],[136.92552,34.8925],[136.92527,34.89194],[136.92508,34.89158],[136.92489,34.89119],[136.92476,34.89099],[136.92452,34.89056],[136.92441,34.89036],[136.92427,34.89015],[136.92399,34.88969],[136.92362,34.88911],[136.92316,34.88838],[136.92274,34.8877],[136.92207,34.88658]]},"properties":{"N02_001":"12","N02_002":"4","N02_003":"河和線","N02_004":"名古屋鉄道"}},{"type":"Feature","geometry":{"type":"LineString","coordinates":[[136.92354,34.91708],[136.9236,34.91683],[136.92402,34.91531],[136.92416,34.91477],[136.92423,34.91449],[136.92436,34.91396],[136.924439,34.913642],[136.92444,34.91364],[136.92448,34.91353],[136.92453,34.91331],[136.92462,34.913],[136.92472,34.91261],[136.92504,34.91138],[136.92526,34.91045],[136.92539,34.90981],[136.92544,34.90945]]},"properties":{"N02_001":"12","N02_002":"4","N02_003":"河和線","N02_004":"名古屋鉄道"}},{"type":"Feature","geometry":{"type":"LineString","coordinates":[[136.91753,34.8792],[136.91747,34.87909],[136.91732,34.87877],[136.91717,34.87847],[136.91698,34.87815]]},"properties":{"N02_001":"12","N02_002":"4","N02_003":"河和線","N02_004":"名古屋鉄道"}},{"type":"Feature","geometry":{"type":"LineString","coordinates":[[136.91698,34.87815],[136.91679,34.87772],[136.9167,34.87752],[136.91635,34.87666],[136.91623,34.87622],[136.91614,34.87567],[136.91609,34.87527],[136.91609,34.87458],[136.91611,34.87397],[136.91614,34.87305],[136.91614,34.87089],[136.91618,34.86875],[136.91618,34.868564],[136.91618,34.86856],[136.91619,34.86724],[136.91622,34.86627],[136.91622,34.8661],[136.91623,34.86588],[136.91625,34.86484],[136.91631,34.86322],[136.91634,34.86185],[136.91637,34.86083],[136.91641,34.85939],[136.91644,34.85872]]},"properties":{"N02_001":"12","N02_002":"4","N02_003":"河和線","N02_004":"名古屋鉄道"}},{"type":"Feature","geometry":{"type":"LineString","coordinates":[[136.91875,34.9306],[136.91816,34.93201]]},"properties":{"N02_001":"12","N02_002":"4","N02_003":"河和線","N02_004":"名古屋鉄道"}},{"type":"Feature","geometry":{"type":"LineString","coordinates":[[136.92575,34.90154],[136.92579,34.90008],[136.92583,34.89852],[136.92586,34.89694],[136.9259,34.8952],[136.92592,34.89447]]},"properties":{"N02_001":"12","N02_002":"4","N02_003":"河和線","N02_004":"名古屋鉄道"}},{"type":"Feature","geometry":{"type":"LineString","coordinates":[[136.92592,34.89447],[136.9259,34.89422],[136.92589,34.89397],[136.92587,34.8938],[136.92582,34.8935]]},"properties":{"N02_001":"12","N02_002":"4","N02_003":"河和線","N02_004":"名古屋鉄道"}},{"type":"Feature","geometry":{"type":"LineString","coordinates":[[136.91647,34.85794],[136.91649,34.85709],[136.91655,34.85585],[136.91657,34.85463],[136.91657,34.85318],[136.91657,34.85175],[136.91656,34.85096]]},"properties":{"N02_001":"12","N02_002":"4","N02_003":"河和線","N02_004":"名古屋鉄道"}},{"type":"Feature","geometry":{"type":"LineString","coordinates":[[136.92335,34.91779],[136.92354,34.91708]]},"properties":{"N02_001":"12","N02_002":"4","N02_003":"河和線","N02_004":"名古屋鉄道"}},{"type":"Feature","geometry":{"type":"LineString","coordinates":[[136.91671,34.82982],[136.91663,34.83051],[136.91658,34.83127],[136.9165,34.83226],[136.91646,34.83259],[136.91646,34.83264],[136.91644,34.83277],[136.9164,34.83319],[136.91633,34.83407],[136.91631,34.8352],[136.91629,34.8366],[136.91631,34.83767],[136.91634,34.83886],[136.91637,34.84094],[136.91637,34.8424],[136.91641,34.84456],[136.91641,34.84481],[136.91642,34.84514],[136.91644,34.84603],[136.91646,34.84695],[136.91647,34.84721],[136.9165,34.84866],[136.91653,34.84976],[136.91653,34.85027]]},"properties":{"N02_001":"12","N02_002":"4","N02_003":"河和線","N02_004":"名古屋鉄道"}},{"type":"Feature","geometry":{"type":"LineString","coordinates":[[136.92573,34.90266],[136.92575,34.90154]]},"properties":{"N02_001":"12","N02_002":"4","N02_003":"河和線","N02_004":"名古屋鉄道"}},{"type":"Feature","geometry":{"type":"LineString","coordinates":[[136.92544,34.90945],[136.92548,34.90906],[136.9255,34.90875]]},"properties":{"N02_001":"12","N02_002":"4","N02_003":"河和線","N02_004":"名古屋鉄道"}},{"type":"Feature","geometry":{"type":"LineString","coordinates":[[136.91169,34.77833],[136.91137,34.77851],[136.91068,34.77889],[136.91014,34.7792],[136.90965,34.77949],[136.90918,34.77976],[136.90883,34.77998],[136.90862,34.78015],[136.90833,34.78041],[136.90819,34.78059],[136.90799,34.78088],[136.90784,34.78113],[136.90772,34.78142],[136.90744,34.78201],[136.90723,34.78255],[136.90714,34.78293],[136.90706,34.78325],[136.90708,34.78372],[136.90708,34.78387],[136.90708,34.7841],[136.90712,34.78429],[136.90732,34.78486],[136.9074,34.785],[136.90747,34.7851],[136.90779,34.7855],[136.90818,34.78596],[136.90857,34.78639],[136.90928,34.78715],[136.90972,34.78763],[136.91047,34.78845],[136.91096,34.78895],[136.91126,34.78926],[136.9116,34.7896],[136.91196,34.78991],[136.91226,34.79009],[136.91242,34.79019],[136.91264,34.7903],[136.91287,34.79039],[136.9131,34.79047],[136.91371,34.79064],[136.91379,34.79066],[136.91415,34.79078],[136.91512,34.79104],[136.91609,34.79137],[136.91705,34.79169],[136.91764,34.79193],[136.91814,34.79217],[136.91844,34.79239],[136.91888,34.79272],[136.91923,34.79308],[136.91941,34.79333],[136.91953,34.79354],[136.91963,34.79381],[136.91981,34.7943],[136.91991,34.79475],[136.91994,34.79496],[136.91996,34.79533],[136.91993,34.79561],[136.91989,34.79587],[136.91974,34.79617],[136.91963,34.79638],[136.91948,34.7966],[136.91934,34.79675]]},"properties":{"N02_001":"12","N02_002":"4","N02_003":"河和線","N02_004":"名古屋鉄道"}},{"type":"Feature","geometry":{"type":"LineString","coordinates":[[136.9255,34.90875],[136.92551,34.9082],[136.92556,34.90697],[136.92561,34.90565],[136.92565,34.90469],[136.92571,34.90308],[136.92573,34.90266]]},"properties":{"N02_001":"12","N02_002":"4","N02_003":"河和線","N02_004":"名古屋鉄道"}},{"type":"Feature","geometry":{"type":"LineString","coordinates":[[136.91665,34.94145],[136.91627,34.94408],[136.91572,34.94801],[136.91566,34.94841],[136.91553,34.94932],[136.91552,34.94944],[136.9155,34.94957],[136.91549,34.94968],[136.91545,34.95003],[136.91543,34.95017],[136.91536,34.95072],[136.91527,34.95154],[136.91527,34.95246],[136.91528,34.9527],[136.91537,34.9547]]},"properties":{"N02_001":"12","N02_002":"4","N02_003":"河和線","N02_004":"名古屋鉄道"}},{"type":"Feature","geometry":{"type":"LineString","coordinates":[[136.91537,34.9547],[136.91539,34.95546]]},"properties":{"N02_001":"12","N02_002":"4","N02_003":"河和線","N02_004":"名古屋鉄道"}},{"type":"Feature","geometry":{"type":"LineString","coordinates":[[136.91284,34.77772],[136.91169,34.77833]]},"properties":{"N02_001":"12","N02_002":"4","N02_003":"河和線","N02_004":"名古屋鉄道"}},{"type":"Feature","geometry":{"type":"LineString","coordinates":[[136.91644,34.85872],[136.91647,34.85794]]},"properties":{"N02_001":"12","N02_002":"4","N02_003":"河和線","N02_004":"名古屋鉄道"}},{"type":"Feature","geometry":{"type":"LineString","coordinates":[[136.91539,34.95546],[136.91549,34.95757],[136.91565,34.96105],[136.91565,34.96132],[136.91567,34.96174]]},"properties":{"N02_001":"12","N02_002":"4","N02_003":"河和線","N02_004":"名古屋鉄道"}},{"type":"Feature","geometry":{"type":"LineString","coordinates":[[136.91816,34.93201],[136.91796,34.93257],[136.91787,34.93289],[136.91779,34.93318],[136.91775,34.93342],[136.91769,34.93368],[136.91753,34.93494],[136.91715,34.93777],[136.91678,34.94049]]},"properties":{"N02_001":"12","N02_002":"4","N02_003":"河和線","N02_004":"名古屋鉄道"}},{"type":"Feature","geometry":{"type":"LineString","coordinates":[[136.92162,34.88581],[136.92083,34.88454],[136.91991,34.8831],[136.91905,34.88168],[136.91873,34.88115],[136.91826,34.88041],[136.91806,34.88009],[136.9179,34.87982],[136.91753,34.8792]]},"properties":{"N02_001":"12","N02_002":"4","N02_003":"河和線","N02_004":"名古屋鉄道"}},{"type":"Feature","geometry":{"type":"LineString","coordinates":[[136.91934,34.79675],[136.91862,34.79775]]},"properties":{"N02_001":"12","N02_002":"4","N02_003":"河和線","N02_004":"名古屋鉄道"}},{"type":"Feature","geometry":{"type":"LineString","coordinates":[[136.91231,34.9742],[136.91107,34.97598],[136.91023,34.97723],[136.90977,34.978],[136.90948,34.97857],[136.90924,34.97924],[136.90904,34.97982],[136.90898,34.97999],[136.90872,34.98085],[136.90814,34.98356],[136.907,34.98868]]},"properties":{"N02_001":"12","N02_002":"4","N02_003":"河和線","N02_004":"名古屋鉄道"}},{"type":"Feature","geometry":{"type":"LineString","coordinates":[[136.91293,34.97335],[136.91231,34.9742]]},"properties":{"N02_001":"12","N02_002":"4","N02_003":"河和線","N02_004":"名古屋鉄道"}},{"type":"Feature","geometry":{"type":"LineString","coordinates":[[136.91567,34.96267],[136.91576,34.96452],[136.91581,34.96595],[136.91583,34.96699],[136.91576,34.968],[136.91563,34.96861],[136.91554,34.96885],[136.915538,34.968855],[136.91533,34.96946],[136.91507,34.97002],[136.91473,34.97068],[136.91429,34.97144],[136.91426,34.97149],[136.914256,34.971496],[136.91378,34.97223],[136.91346,34.97269],[136.91293,34.97335]]},"properties":{"N02_001":"12","N02_002":"4","N02_003":"河和線","N02_004":"名古屋鉄道"}},{"type":"Feature","geometry":{"type":"LineString","coordinates":[[136.91656,34.85096],[136.91653,34.85027]]},"properties":{"N02_001":"12","N02_002":"4","N02_003":"河和線","N02_004":"名古屋鉄道"}},{"type":"Feature","geometry":{"type":"LineString","coordinates":[[137.179,34.79026],[137.17842,34.78968]]},"properties":{"N02_001":"12","N02_002":"4","N02_003":"蒲郡線","N02_004":"名古屋鉄道"}},{"type":"Feature","geometry":{"type":"LineString","coordinates":[[137.18997,34.81363],[137.18967,34.81328],[137.18945,34.81303]]},"properties":{"N02_001":"12","N02_002":"4","N02_003":"蒲郡線","N02_004":"名古屋鉄道"}},{"type":"Feature","geometry":{"type":"LineString","coordinates":[[137.18462,34.79871],[137.18465,34.7981]]},"properties":{"N02_001":"12","N02_002":"4","N02_003":"蒲郡線","N02_004":"名古屋鉄道"}},{"type":"Feature","geometry":{"type":"LineString","coordinates":[[137.16223,34.78849],[137.16157,34.78834],[137.16097,34.78821],[137.16074,34.78816],[137.16062,34.78813],[137.16048,34.7881],[137.16034,34.78806],[137.16016,34.78798],[137.16001,34.78788],[137.1599,34.78782],[137.15984,34.78777],[137.15977,34.78772],[137.1596,34.78756],[137.15944,34.78741],[137.15932,34.7873],[137.15926,34.78723],[137.15912,34.78708],[137.15881,34.78676],[137.15857,34.78649],[137.1583,34.7862],[137.15814,34.78602],[137.1579,34.78577],[137.15773,34.78562],[137.15758,34.78551],[137.15749,34.78546],[137.15733,34.78537],[137.15714,34.78528],[137.15696,34.7852],[137.15681,34.78514],[137.15663,34.78509],[137.15649,34.78506],[137.15642,34.78505],[137.15631,34.78503],[137.15622,34.78502],[137.15612,34.78502],[137.15596,34.785],[137.15558,34.78498],[137.15524,34.78497],[137.15485,34.78494],[137.15431,34.78491],[137.15423,34.78491],[137.15395,34.78488],[137.15372,34.78487],[137.15349,34.78487],[137.15338,34.78488],[137.15321,34.78489],[137.15306,34.7849],[137.15288,34.78492],[137.1527,34.78495],[137.15252,34.78499],[137.15235,34.78503],[137.15221,34.78507],[137.15206,34.78513],[137.15193,34.78519],[137.15179,34.78527],[137.1517,34.78532],[137.15158,34.78539],[137.15146,34.78548],[137.15137,34.78555],[137.15128,34.78562],[137.15117,34.78572],[137.15098,34.78591],[137.15092,34.78599],[137.15063,34.78639],[137.15037,34.78675],[137.15014,34.78706],[137.15005,34.78719],[137.14994,34.78735],[137.14975,34.78761],[137.14952,34.78793],[137.14941,34.7881],[137.1493,34.78826],[137.14921,34.78841],[137.14911,34.78853],[137.149,34.78865],[137.14889,34.78877],[137.14879,34.78886],[137.14862,34.78898],[137.14847,34.78909],[137.14838,34.78915],[137.1483,34.78919],[137.1482,34.78924],[137.1481,34.78929],[137.14801,34.78934],[137.14791,34.78938],[137.14781,34.78942],[137.14767,34.78945],[137.14754,34.78948],[137.14743,34.78949],[137.14731,34.78951],[137.14711,34.78953],[137.1469,34.78955],[137.14678,34.78955],[137.14636,34.78955]]},"properties":{"N02_001":"12","N02_002":"4","N02_003":"蒲郡線","N02_004":"名古屋鉄道"}},{"type":"Feature","geometry":{"type":"LineString","coordinates":[[137.2261,34.82265],[137.22566,34.82277],[137.22527,34.82288]]},"properties":{"N02_001":"12","N02_002":"4","N02_003":"蒲郡線","N02_004":"名古屋鉄道"}},{"type":"Feature","geometry":{"type":"LineString","coordinates":[[137.14636,34.78955],[137.1455,34.78955]]},"properties":{"N02_001":"12","N02_002":"4","N02_003":"蒲郡線","N02_004":"名古屋鉄道"}},{"type":"Feature","geometry":{"type":"LineString","coordinates":[[137.18945,34.81303],[137.18931,34.81286],[137.18908,34.81257],[137.18871,34.81211],[137.18831,34.81158],[137.18788,34.81104],[137.18753,34.81059],[137.18729,34.81029],[137.18699,34.8099],[137.18676,34.8096],[137.18651,34.80927],[137.18635,34.80907],[137.18621,34.80889],[137.18596,34.80856],[137.18564,34.80818],[137.18545,34.80793],[137.18522,34.80764],[137.18499,34.80734],[137.18476,34.80706],[137.18469,34.80697],[137.18453,34.80677],[137.18431,34.80649],[137.18415,34.80627],[137.184,34.80604],[137.18385,34.80573],[137.18381,34.8056],[137.18379,34.80553],[137.18374,34.80516],[137.18369,34.80478],[137.18365,34.80448],[137.18364,34.80432],[137.18361,34.804],[137.18358,34.80351],[137.18355,34.80286],[137.1835,34.80235],[137.18349,34.80217],[137.18349,34.80206],[137.18355,34.80176],[137.18363,34.80145],[137.18373,34.80114],[137.18376,34.80102],[137.18387,34.80079],[137.18403,34.80044],[137.18414,34.80024],[137.18425,34.80002],[137.18438,34.79979],[137.18442,34.79968],[137.18445,34.79961],[137.18449,34.79951],[137.18451,34.79939],[137.18453,34.79927],[137.18458,34.7989],[137.18462,34.79871]]},"properties":{"N02_001":"12","N02_002":"4","N02_003":"蒲郡線","N02_004":"名古屋鉄道"}},{"type":"Feature","geometry":{"type":"LineString","coordinates":[[137.20183,34.82529],[137.20151,34.82514],[137.2008,34.82482],[137.20041,34.82463],[137.1999,34.82441],[137.19949,34.82425],[137.1993,34.82417],[137.19895,34.82401],[137.19864,34.82387],[137.19845,34.82378],[137.19823,34.82365],[137.19806,34.82354],[137.19795,34.82346],[137.19781,34.82333],[137.19769,34.82321],[137.19758,34.82309],[137.19727,34.82268],[137.19703,34.82239],[137.19675,34.82203],[137.19643,34.82166],[137.19617,34.82133],[137.19605,34.82118],[137.19585,34.82094],[137.19562,34.82065],[137.19543,34.82041],[137.19522,34.82014],[137.19477,34.8196],[137.19444,34.81918],[137.19405,34.81871],[137.19369,34.81827],[137.19339,34.81789],[137.19308,34.8175],[137.19278,34.81713],[137.19254,34.81683],[137.19231,34.81656],[137.19198,34.81614],[137.19165,34.81572],[137.19129,34.81528],[137.19087,34.81477],[137.19059,34.81442],[137.1903,34.81405],[137.19012,34.81382],[137.18997,34.81363]]},"properties":{"N02_001":"12","N02_002":"4","N02_003":"蒲郡線","N02_004":"名古屋鉄道"}},{"type":"Feature","geometry":{"type":"LineString","coordinates":[[137.10547,34.79325],[137.10464,34.79338]]},"properties":{"N02_001":"12","N02_002":"4","N02_003":"蒲郡線","N02_004":"名古屋鉄道"}},{"type":"Feature","geometry":{"type":"LineString","coordinates":[[137.20241,34.82556],[137.20183,34.82529]]},"properties":{"N02_001":"12","N02_002":"4","N02_003":"蒲郡線","N02_004":"名古屋鉄道"}},{"type":"Feature","geometry":{"type":"LineString","coordinates":[[137.12176,34.79243],[137.12094,34.79252]]},"properties":{"N02_001":"12","N02_002":"4","N02_003":"蒲郡線","N02_004":"名古屋鉄道"}},{"type":"Feature","geometry":{"type":"LineString","coordinates":[[137.22527,34.82288],[137.22496,34.82298],[137.22469,34.82307],[137.22457,34.8231],[137.22426,34.82318],[137.2241,34.82322],[137.22393,34.82326],[137.22353,34.82335],[137.22313,34.82345],[137.22278,34.82353],[137.22238,34.82361],[137.22199,34.8237],[137.22164,34.82377],[137.22143,34.82381],[137.22119,34.82386],[137.22102,34.8239],[137.22087,34.82393],[137.22066,34.82398],[137.22042,34.82403],[137.22004,34.8241],[137.21958,34.82421],[137.21917,34.82429],[137.21868,34.82439],[137.21818,34.82451],[137.21774,34.8246],[137.21732,34.82469],[137.21714,34.82474],[137.21692,34.82479],[137.21659,34.82486],[137.21629,34.82493],[137.21594,34.82501],[137.21566,34.82507],[137.21526,34.82516],[137.21495,34.82523],[137.21475,34.82527],[137.21454,34.82531],[137.21434,34.82535],[137.21409,34.82541],[137.21387,34.82545],[137.21372,34.82548],[137.21366,34.8255],[137.2134,34.82556],[137.21316,34.82561],[137.21285,34.82567],[137.21243,34.82577],[137.21196,34.82587],[137.21153,34.82595],[137.21108,34.82605],[137.21061,34.82614],[137.21019,34.82623],[137.20979,34.82631],[137.20925,34.82642],[137.20887,34.8265],[137.20848,34.82658],[137.20813,34.82665],[137.20781,34.82671],[137.20743,34.82678],[137.20729,34.8268],[137.20714,34.82681],[137.207,34.82682],[137.20682,34.82682],[137.20663,34.82681],[137.2064,34.82679],[137.20628,34.82678],[137.20615,34.82677],[137.20606,34.82675],[137.20594,34.82674],[137.20578,34.82671],[137.20562,34.82669],[137.2055,34.82666],[137.20538,34.82664],[137.20528,34.82663],[137.20519,34.8266],[137.20508,34.82658],[137.205,34.82656],[137.20483,34.82651],[137.20466,34.82646],[137.20449,34.82641],[137.20437,34.82637],[137.20412,34.82628],[137.20385,34.82618],[137.20341,34.826],[137.20311,34.82587],[137.20289,34.82578],[137.20277,34.82572],[137.20241,34.82556]]},"properties":{"N02_001":"12","N02_002":"4","N02_003":"蒲郡線","N02_004":"名古屋鉄道"}},{"type":"Feature","geometry":{"type":"LineString","coordinates":[[137.12094,34.79252],[137.12061,34.79255],[137.11977,34.79267],[137.11938,34.79271],[137.11918,34.79271],[137.119,34.7927],[137.11878,34.79269],[137.11681,34.79251],[137.11414,34.79228],[137.11305,34.79219],[137.11239,34.79217],[137.11214,34.79219],[137.11139,34.79232],[137.10981,34.79256],[137.10738,34.79295],[137.10547,34.79325]]},"properties":{"N02_001":"12","N02_002":"4","N02_003":"蒲郡線","N02_004":"名古屋鉄道"}},{"type":"Feature","geometry":{"type":"LineString","coordinates":[[137.18465,34.7981],[137.18464,34.79798],[137.18462,34.79787],[137.18459,34.79776],[137.18455,34.79748],[137.18451,34.79729],[137.18447,34.7971],[137.1844,34.79684],[137.18433,34.7966],[137.18425,34.7964],[137.18419,34.79627],[137.18411,34.79613],[137.18406,34.79603],[137.18401,34.79596],[137.18394,34.79587],[137.18369,34.79551],[137.18325,34.79489],[137.18293,34.79447],[137.1826,34.79401],[137.18231,34.7936],[137.18224,34.79352],[137.18196,34.79321],[137.18149,34.79274],[137.181,34.79226],[137.18074,34.792],[137.18054,34.7918],[137.18024,34.7915],[137.17981,34.79107],[137.1794,34.79066],[137.179,34.79026]]},"properties":{"N02_001":"12","N02_002":"4","N02_003":"蒲郡線","N02_004":"名古屋鉄道"}},{"type":"Feature","geometry":{"type":"LineString","coordinates":[[137.17842,34.78968],[137.17808,34.78934],[137.17795,34.78921],[137.17738,34.78864],[137.17697,34.78822],[137.17675,34.78801],[137.17652,34.78782],[137.17637,34.78771],[137.17622,34.78762],[137.17594,34.78749],[137.17568,34.78737],[137.17553,34.7873],[137.17537,34.78724],[137.17521,34.78719],[137.17503,34.78715],[137.17491,34.78712],[137.17478,34.7871],[137.17462,34.78709],[137.17381,34.78709],[137.17348,34.78712],[137.17335,34.78713],[137.17324,34.78716],[137.1729,34.78723],[137.17268,34.78729],[137.17258,34.78732],[137.17241,34.78737],[137.17201,34.7875],[137.17177,34.78757],[137.17159,34.78764],[137.17144,34.78772],[137.17112,34.78786],[137.17078,34.78798],[137.17054,34.78806],[137.1703,34.78813],[137.17015,34.78815],[137.16999,34.78818],[137.16987,34.7882],[137.16975,34.78821],[137.16963,34.78822],[137.16954,34.78822],[137.16896,34.7882],[137.16837,34.78818],[137.168366,34.78818],[137.16797,34.78817],[137.16746,34.78816],[137.16726,34.78817],[137.16707,34.78819],[137.16701,34.78821],[137.16696,34.78822],[137.16686,34.78825],[137.16676,34.78829],[137.16623,34.78849],[137.16551,34.78878],[137.16533,34.78885],[137.16519,34.78889],[137.16507,34.78891],[137.16497,34.78892],[137.16481,34.78893],[137.16466,34.78894],[137.16454,34.78893],[137.16438,34.78892],[137.16422,34.78891],[137.16409,34.78887],[137.16389,34.78883],[137.16364,34.78878],[137.16344,34.78874],[137.16325,34.78871]]},"properties":{"N02_001":"12","N02_002":"4","N02_003":"蒲郡線","N02_004":"名古屋鉄道"}},{"type":"Feature","geometry":{"type":"LineString","coordinates":[[137.1455,34.78955],[137.14492,34.78955],[137.14448,34.78957],[137.14434,34.78958],[137.14418,34.78961],[137.14405,34.78963],[137.14395,34.78965],[137.14387,34.78967],[137.14382,34.78969],[137.14363,34.78976],[137.1433,34.78987],[137.14312,34.78993],[137.14301,34.78996],[137.14294,34.78998],[137.14291,34.78999],[137.14283,34.79],[137.1425,34.79001],[137.14154,34.79],[137.14071,34.79],[137.14001,34.79],[137.13924,34.78999],[137.13852,34.79001],[137.13778,34.79002],[137.13732,34.79002],[137.13679,34.79003],[137.13665,34.79003],[137.13648,34.79004],[137.13635,34.79005],[137.13618,34.79008],[137.13609,34.79009],[137.13589,34.79011],[137.13564,34.79018],[137.13541,34.79024],[137.13514,34.79031],[137.13437,34.79052],[137.13401,34.7906],[137.13346,34.79075],[137.13295,34.79089],[137.13271,34.79095],[137.13222,34.79106],[137.13112,34.79124],[137.13053,34.79132],[137.12846,34.79164],[137.12802,34.7917],[137.12691,34.79183],[137.1259,34.79194],[137.12527,34.79202],[137.1243,34.79213],[137.12417,34.79215],[137.12343,34.79223],[137.12218,34.7924],[137.12204,34.7924],[137.12176,34.79243]]},"properties":{"N02_001":"12","N02_002":"4","N02_003":"蒲郡線","N02_004":"名古屋鉄道"}},{"type":"Feature","geometry":{"type":"LineString","coordinates":[[137.16325,34.78871],[137.16223,34.78849]]},"properties":{"N02_001":"12","N02_002":"4","N02_003":"蒲郡線","N02_004":"名古屋鉄道"}},{"type":"Feature","geometry":{"type":"LineString","coordinates":[[137.07148,34.79408],[137.07136,34.79416],[137.07125,34.79425],[137.07113,34.79437],[137.07101,34.79455]]},"properties":{"N02_001":"12","N02_002":"4","N02_003":"蒲郡線","N02_004":"名古屋鉄道"}},{"type":"Feature","geometry":{"type":"LineString","coordinates":[[137.10464,34.79338],[137.10379,34.79353],[137.10354,34.79356],[137.10143,34.79389],[137.10012,34.79411],[137.09989,34.79412],[137.09948,34.79412],[137.09909,34.7941],[137.099,34.79409],[137.09878,34.79406],[137.09821,34.79383],[137.09798,34.79375],[137.0971,34.79339],[137.09523,34.79263],[137.09377,34.79203],[137.09343,34.79189],[137.0927,34.79161],[137.0923,34.79145],[137.09178,34.79136],[137.09143,34.79134],[137.09113,34.79138],[137.09072,34.79144],[137.08971,34.7916],[137.08794,34.79189],[137.08599,34.79221],[137.08396,34.79253],[137.08303,34.7927],[137.08277,34.79273],[137.08219,34.79283],[137.08055,34.79309],[137.07904,34.79334],[137.07772,34.79355],[137.07676,34.79372],[137.07626,34.79379],[137.0759,34.79382],[137.07567,34.79382],[137.07536,34.7938],[137.07459,34.79379],[137.07429,34.79378],[137.07407,34.79377],[137.07243,34.79377],[137.07196,34.79389],[137.07168,34.79398],[137.07148,34.79408]]},"properties":{"N02_001":"12","N02_002":"4","N02_003":"蒲郡線","N02_004":"名古屋鉄道"}},{"type":"Feature","geometry":{"type":"LineString","coordinates":[[136.83544,34.89075],[136.83478,34.89159]]},"properties":{"N02_001":"12","N02_002":"4","N02_003":"空港線","N02_004":"名古屋鉄道"}},{"type":"Feature","geometry":{"type":"MultiLineString","coordinates":[[[136.81567,34.86126],[136.81551,34.86204],[136.81509,34.8642],[136.81502,34.8652],[136.81506,34.86606],[136.81521,34.86683],[136.81543,34.86748],[136.8157,34.86804],[136.81604,34.86859],[136.81679,34.86944],[136.817204,34.870235]],[[136.825554,34.877733],[136.82737,34.87909]]]},"properties":{"N02_001":"12","N02_002":"4","N02_003":"空港線","N02_004":"名古屋鉄道"}},{"type":"Feature","geometry":{"type":"LineString","coordinates":[[136.82883,34.88014],[136.82737,34.87909]]},"properties":{"N02_001":"12","N02_002":"4","N02_003":"空港線","N02_004":"名古屋鉄道"}},{"type":"Feature","geometry":{"type":"LineString","coordinates":[[136.82883,34.88014],[136.82926,34.88039],[136.82962,34.88056],[136.83019,34.88081],[136.83088,34.88106],[136.83336,34.88193],[136.83424,34.8823],[136.83489,34.88267],[136.83523,34.8829],[136.83553,34.88316],[136.83584,34.88347],[136.83612,34.88378],[136.83631,34.88415],[136.83647,34.88453],[136.83654,34.88488],[136.83658,34.88521],[136.83658,34.88569],[136.83654,34.88616],[136.83617,34.88883],[136.8361,34.8892],[136.83604,34.88949],[136.83595,34.88975],[136.83585,34.89002],[136.83544,34.89075]]},"properties":{"N02_001":"12","N02_002":"4","N02_003":"空港線","N02_004":"名古屋鉄道"}},{"type":"Feature","geometry":{"type":"LineString","coordinates":[[136.81567,34.86126],[136.81628,34.85853]]},"properties":{"N02_001":"12","N02_002":"4","N02_003":"空港線","N02_004":"名古屋鉄道"}},{"type":"Feature","geometry":{"type":"LineString","coordinates":[[136.94491,35.3781],[136.94472,35.37751]]},"properties":{"N02_001":"12","N02_002":"4","N02_003":"犬山線","N02_004":"名古屋鉄道"}},{"type":"Feature","geometry":{"type":"LineString","coordinates":[[136.94534,35.37928],[136.94491,35.3781]]},"properties":{"N02_001":"12","N02_002":"4","N02_003":"犬山線","N02_004":"名古屋鉄道"}},{"type":"Feature","geometry":{"type":"LineString","coordinates":[[136.94573,35.38052],[136.94534,35.37928]]},"properties":{"N02_001":"12","N02_002":"4","N02_003":"犬山線","N02_004":"名古屋鉄道"}},{"type":"Feature","geometry":{"type":"LineString","coordinates":[[136.9163,35.35993],[136.91588,35.35937]]},"properties":{"N02_001":"12","N02_002":"4","N02_003":"犬山線","N02_004":"名古屋鉄道"}},{"type":"Feature","geometry":{"type":"LineString","coordinates":[[136.945801,35.393059],[136.94639,35.39215],[136.94659,35.39183],[136.94682,35.39134],[136.94692,35.39102],[136.94694,35.39092]]},"properties":{"N02_001":"12","N02_002":"4","N02_003":"犬山線","N02_004":"名古屋鉄道"}},{"type":"Feature","geometry":{"type":"LineString","coordinates":[[136.87177,35.33417],[136.87204,35.33471],[136.87236,35.33521]]},"properties":{"N02_001":"12","N02_002":"4","N02_003":"犬山線","N02_004":"名古屋鉄道"}},{"type":"Feature","geometry":{"type":"LineString","coordinates":[[136.92565,35.36663],[136.92438,35.3659],[136.9229,35.36505],[136.91953,35.36313],[136.9188,35.36269],[136.91835,35.36237],[136.91784,35.36192],[136.91705,35.36094],[136.9163,35.35993]]},"properties":{"N02_001":"12","N02_002":"4","N02_003":"犬山線","N02_004":"名古屋鉄道"}},{"type":"Feature","geometry":{"type":"LineString","coordinates":[[136.94694,35.39092],[136.94691,35.38989]]},"properties":{"N02_001":"12","N02_002":"4","N02_003":"犬山線","N02_004":"名古屋鉄道"}},{"type":"Feature","geometry":{"type":"LineString","coordinates":[[136.93961,35.37412],[136.9387,35.37385],[136.93801,35.37361],[136.93721,35.37327],[136.93586,35.37249],[136.93399,35.37139],[136.933075,35.370873],[136.93307,35.37087],[136.93297,35.37081],[136.932961,35.370805],[136.9317,35.37009],[136.92873,35.36839],[136.928724,35.368387],[136.92851,35.36826],[136.92825,35.36812],[136.92739,35.36762],[136.92638,35.36704]]},"properties":{"N02_001":"12","N02_002":"4","N02_003":"犬山線","N02_004":"名古屋鉄道"}},{"type":"Feature","geometry":{"type":"LineString","coordinates":[[136.94472,35.37751],[136.94442,35.37689],[136.94398,35.37624],[136.94363,35.37587],[136.94309,35.37545],[136.94234,35.37505],[136.94166,35.37478],[136.9405,35.37439],[136.94033,35.37434]]},"properties":{"N02_001":"12","N02_002":"4","N02_003":"犬山線","N02_004":"名古屋鉄道"}},{"type":"Feature","geometry":{"type":"LineString","coordinates":[[136.91588,35.35937],[136.91557,35.35896],[136.91494,35.35812],[136.91464,35.35774],[136.91372,35.35654],[136.91272,35.35526],[136.91175,35.35398],[136.90982,35.3514],[136.90909,35.35046],[136.90843,35.34962],[136.90785,35.34896],[136.90704,35.34815],[136.90611,35.34746],[136.90459,35.34649],[136.90357,35.34583],[136.90316,35.34559],[136.90236,35.34527],[136.90115,35.34498],[136.90074,35.34491]]},"properties":{"N02_001":"12","N02_002":"4","N02_003":"犬山線","N02_004":"名古屋鉄道"}},{"type":"Feature","geometry":{"type":"LineString","coordinates":[[136.94033,35.37434],[136.93961,35.37412]]},"properties":{"N02_001":"12","N02_002":"4","N02_003":"犬山線","N02_004":"名古屋鉄道"}},{"type":"Feature","geometry":{"type":"LineString","coordinates":[[136.89975,35.34473],[136.89943,35.34467],[136.89729,35.34426],[136.89507,35.34384],[136.89308,35.34347],[136.893076,35.343466],[136.89307,35.34346],[136.8918,35.34322],[136.89013,35.34293],[136.88898,35.34268],[136.88787,35.34247],[136.88734,35.34238],[136.88724,35.34235],[136.88679,35.34223],[136.88606,35.34197],[136.88355,35.341],[136.87945,35.33941],[136.87721,35.33853],[136.87639,35.33821],[136.87557,35.3379],[136.87491,35.33763],[136.87432,35.33733],[136.87365,35.33699],[136.87333,35.33673],[136.87312,35.33654],[136.87236,35.33521]]},"properties":{"N02_001":"12","N02_002":"4","N02_003":"犬山線","N02_004":"名古屋鉄道"}},{"type":"Feature","geometry":{"type":"LineString","coordinates":[[136.94691,35.38989],[136.94674,35.38778],[136.94651,35.38457],[136.94646,35.38352],[136.94645,35.38348],[136.94641,35.38322],[136.94635,35.38291],[136.94617,35.38201],[136.94581,35.38076],[136.94573,35.38052]]},"properties":{"N02_001":"12","N02_002":"4","N02_003":"犬山線","N02_004":"名古屋鉄道"}},{"type":"Feature","geometry":{"type":"LineString","coordinates":[[136.90074,35.34491],[136.89975,35.34473]]},"properties":{"N02_001":"12","N02_002":"4","N02_003":"犬山線","N02_004":"名古屋鉄道"}},{"type":"Feature","geometry":{"type":"LineString","coordinates":[[136.92638,35.36704],[136.92565,35.36663]]},"properties":{"N02_001":"12","N02_002":"4","N02_003":"犬山線","N02_004":"名古屋鉄道"}},{"type":"Feature","geometry":{"type":"LineString","coordinates":[[136.87718,35.223],[136.87729,35.2228],[136.87804,35.22147]]},"properties":{"N02_001":"12","N02_002":"4","N02_003":"犬山線","N02_004":"名古屋鉄道"}},{"type":"Feature","geometry":{"type":"LineString","coordinates":[[136.87718,35.223],[136.87685,35.2236]]},"properties":{"N02_001":"12","N02_002":"4","N02_003":"犬山線","N02_004":"名古屋鉄道"}},{"type":"Feature","geometry":{"type":"LineString","coordinates":[[136.87286,35.31628],[136.87301,35.31785]]},"properties":{"N02_001":"12","N02_002":"4","N02_003":"犬山線","N02_004":"名古屋鉄道"}},{"type":"Feature","geometry":{"type":"LineString","coordinates":[[136.87122,35.29622],[136.87113,35.29485]]},"properties":{"N02_001":"12","N02_002":"4","N02_003":"犬山線","N02_004":"名古屋鉄道"}},{"type":"Feature","geometry":{"type":"LineString","coordinates":[[136.87113,35.29485],[136.87098,35.29377],[136.87094,35.29344],[136.87089,35.29307],[136.87074,35.29213],[136.87038,35.28965],[136.87027,35.28891],[136.87007,35.28748],[136.86985,35.28593],[136.86976,35.2853],[136.8696,35.28393],[136.86959,35.28371],[136.86959,35.28351],[136.86963,35.28328],[136.86971,35.28303],[136.86987,35.28265],[136.87019,35.28222],[136.87042,35.28198],[136.87079,35.28161],[136.87125,35.2812],[136.87204,35.28064],[136.87238,35.28045],[136.87276,35.28014],[136.87289,35.28],[136.87308,35.27979],[136.87326,35.27946],[136.87353,35.27834]]},"properties":{"N02_001":"12","N02_002":"4","N02_003":"犬山線","N02_004":"名古屋鉄道"}},{"type":"Feature","geometry":{"type":"LineString","coordinates":[[136.87329,35.25538],[136.87321,35.25494],[136.8731,35.2544],[136.87299,35.25375],[136.8729,35.25322],[136.87248,35.25097],[136.87246,35.25085],[136.87205,35.24893],[136.87145,35.24567]]},"properties":{"N02_001":"12","N02_002":"4","N02_003":"犬山線","N02_004":"名古屋鉄道"}},{"type":"Feature","geometry":{"type":"LineString","coordinates":[[136.87301,35.31785],[136.87312,35.31921],[136.87331,35.32119],[136.87339,35.32206],[136.87341,35.32267],[136.87341,35.3229],[136.87328,35.32354],[136.87312,35.32423],[136.87289,35.32541],[136.87233,35.32868],[136.87204,35.33012],[136.87201,35.33026],[136.87188,35.33079],[136.87185,35.33097],[136.87175,35.33148],[136.87163,35.33204],[136.87155,35.3326],[136.87153,35.3328],[136.87153,35.33315],[136.87155,35.3334],[136.87162,35.3337],[136.87177,35.33417]]},"properties":{"N02_001":"12","N02_002":"4","N02_003":"犬山線","N02_004":"名古屋鉄道"}},{"type":"Feature","geometry":{"type":"LineString","coordinates":[[136.87667,35.21442],[136.87702,35.21509]]},"properties":{"N02_001":"12","N02_002":"4","N02_003":"犬山線","N02_004":"名古屋鉄道"}},{"type":"Feature","geometry":{"type":"LineString","coordinates":[[136.87702,35.21509],[136.87812,35.21739],[136.87839,35.21803],[136.87851,35.21846],[136.8786,35.21914],[136.87857,35.21958],[136.878497,35.22009],[136.87843,35.22056],[136.87835,35.22075],[136.87804,35.22147]]},"properties":{"N02_001":"12","N02_002":"4","N02_003":"犬山線","N02_004":"名古屋鉄道"}},{"type":"Feature","geometry":{"type":"LineString","coordinates":[[136.87105,35.20296],[136.87205,35.20507],[136.874339,35.209708],[136.87434,35.20971],[136.87461,35.21027],[136.87507,35.21124],[136.87667,35.21442]]},"properties":{"N02_001":"12","N02_002":"4","N02_003":"犬山線","N02_004":"名古屋鉄道"}},{"type":"Feature","geometry":{"type":"LineString","coordinates":[[136.87362,35.2776],[136.87412,35.27281],[136.87424,35.2717],[136.87495,35.26506],[136.87497,35.26437],[136.87489,35.26383]]},"properties":{"N02_001":"12","N02_002":"4","N02_003":"犬山線","N02_004":"名古屋鉄道"}},{"type":"Feature","geometry":{"type":"LineString","coordinates":[[136.8711,35.2437],[136.87133,35.24498],[136.87145,35.24567]]},"properties":{"N02_001":"12","N02_002":"4","N02_003":"犬山線","N02_004":"名古屋鉄道"}},{"type":"Feature","geometry":{"type":"LineString","coordinates":[[136.87685,35.2236],[136.87676,35.22375],[136.87576,35.22546],[136.875759,35.225461],[136.8728,35.23052],[136.87274,35.23061],[136.87205,35.23178],[136.87155,35.23284],[136.87102,35.23438],[136.87084,35.23537],[136.87036,35.23831],[136.87029,35.23894],[136.8703,35.23935],[136.87033,35.2396],[136.87034,35.23967],[136.87042,35.24024],[136.87055,35.24099],[136.87099,35.24319],[136.87101,35.24326],[136.8711,35.2437]]},"properties":{"N02_001":"12","N02_002":"4","N02_003":"犬山線","N02_004":"名古屋鉄道"}},{"type":"Feature","geometry":{"type":"LineString","coordinates":[[136.87342,35.25611],[136.87329,35.25538]]},"properties":{"N02_001":"12","N02_002":"4","N02_003":"犬山線","N02_004":"名古屋鉄道"}},{"type":"Feature","geometry":{"type":"LineString","coordinates":[[136.87057,35.2019],[136.86923,35.1989],[136.86862,35.19759],[136.86822,35.19671]]},"properties":{"N02_001":"12","N02_002":"4","N02_003":"犬山線","N02_004":"名古屋鉄道"}},{"type":"Feature","geometry":{"type":"LineString","coordinates":[[136.87469,35.26278],[136.87489,35.26383]]},"properties":{"N02_001":"12","N02_002":"4","N02_003":"犬山線","N02_004":"名古屋鉄道"}},{"type":"Feature","geometry":{"type":"LineString","coordinates":[[136.87122,35.29622],[136.87124,35.29683],[136.87127,35.29749],[136.87127,35.29751],[136.87127,35.297511],[136.87142,35.29949],[136.87156,35.30137],[136.87176,35.30379],[136.87184,35.304619],[136.87184,35.30462],[136.87192,35.30559],[136.87196,35.30598],[136.87204,35.30666],[136.87211,35.30743],[136.87211,35.307433],[136.87217,35.30804],[136.87217,35.308042],[136.87242,35.31077],[136.87286,35.31628]]},"properties":{"N02_001":"12","N02_002":"4","N02_003":"犬山線","N02_004":"名古屋鉄道"}},{"type":"Feature","geometry":{"type":"LineString","coordinates":[[136.86566,35.19514],[136.86632,35.19537],[136.8668,35.19558],[136.86737,35.19592],[136.86773,35.19619],[136.86798,35.19642],[136.86822,35.19671]]},"properties":{"N02_001":"12","N02_002":"4","N02_003":"犬山線","N02_004":"名古屋鉄道"}},{"type":"Feature","geometry":{"type":"LineString","coordinates":[[136.87362,35.2776],[136.87353,35.27834]]},"properties":{"N02_001":"12","N02_002":"4","N02_003":"犬山線","N02_004":"名古屋鉄道"}},{"type":"Feature","geometry":{"type":"LineString","coordinates":[[136.87469,35.26278],[136.87383,35.25838],[136.873829,35.258375],[136.87382,35.25833],[136.87378,35.2581],[136.87371,35.25765],[136.87342,35.25611]]},"properties":{"N02_001":"12","N02_002":"4","N02_003":"犬山線","N02_004":"名古屋鉄道"}},{"type":"Feature","geometry":{"type":"LineString","coordinates":[[136.86822,35.19671],[136.86807,35.19612],[136.86806,35.1958],[136.86808,35.19553],[136.86814,35.1953],[136.86825,35.19501],[136.86838,35.19478],[136.86849,35.19463],[136.86858,35.19451],[136.86901,35.19415]]},"properties":{"N02_001":"12","N02_002":"4","N02_003":"犬山線","N02_004":"名古屋鉄道"}},{"type":"Feature","geometry":{"type":"LineString","coordinates":[[136.87105,35.20296],[136.87057,35.2019]]},"properties":{"N02_001":"12","N02_002":"4","N02_003":"犬山線","N02_004":"名古屋鉄道"}},{"type":"Feature","geometry":{"type":"LineString","coordinates":[[136.96173,35.37943],[136.96263,35.37962]]},"properties":{"N02_001":"12","N02_002":"4","N02_003":"広見線","N02_004":"名古屋鉄道"}},{"type":"Feature","geometry":{"type":"LineString","coordinates":[[136.96263,35.37962],[136.96327,35.37977],[136.964,35.38003],[136.96802,35.38247],[136.96923,35.38319],[136.97405,35.38609],[136.97671,35.38768],[136.97693,35.38783],[136.97716,35.38797],[136.97908,35.38919],[136.97966,35.38955]]},"properties":{"N02_001":"12","N02_002":"4","N02_003":"広見線","N02_004":"名古屋鉄道"}},{"type":"Feature","geometry":{"type":"LineString","coordinates":[[136.97966,35.38955],[136.98045,35.39005]]},"properties":{"N02_001":"12","N02_002":"4","N02_003":"広見線","N02_004":"名古屋鉄道"}},{"type":"Feature","geometry":{"type":"LineString","coordinates":[[136.98045,35.39005],[136.98054,35.3901],[136.98129,35.3905],[136.9819,35.39074],[136.98256,35.39088],[136.98324,35.39093],[136.98388,35.39092],[136.98623,35.39079],[136.98803,35.3907],[136.98963,35.39061],[136.99162,35.39049],[136.99202,35.3904],[136.99252,35.39021],[136.99436,35.38951],[136.99484,35.38945],[136.99536,35.38946],[136.99606,35.38949],[136.99657,35.38955],[136.99703,35.38961],[136.99736,35.38968],[136.99866,35.39026],[136.99906,35.39044]]},"properties":{"N02_001":"12","N02_002":"4","N02_003":"広見線","N02_004":"名古屋鉄道"}},{"type":"Feature","geometry":{"type":"LineString","coordinates":[[136.94491,35.3781],[136.945,35.37756],[136.94519,35.37716],[136.94535,35.37694],[136.94552,35.37682],[136.94572,35.37669],[136.94596,35.3766],[136.94637,35.37651],[136.94679,35.3765],[136.94718,35.37652],[136.94798,35.37671],[136.9489,35.37701],[136.9494,35.37717],[136.95062,35.37746],[136.95431,35.3781],[136.95472,35.37817],[136.95622,35.37844],[136.96153,35.37939],[136.96173,35.37943]]},"properties":{"N02_001":"12","N02_002":"4","N02_003":"広見線","N02_004":"名古屋鉄道"}},{"type":"Feature","geometry":{"type":"LineString","coordinates":[[136.94534,35.37928],[136.94491,35.3781]]},"properties":{"N02_001":"12","N02_002":"4","N02_003":"広見線","N02_004":"名古屋鉄道"}},{"type":"Feature","geometry":{"type":"LineString","coordinates":[[136.94573,35.38052],[136.94534,35.37928]]},"properties":{"N02_001":"12","N02_002":"4","N02_003":"広見線","N02_004":"名古屋鉄道"}},{"type":"Feature","geometry":{"type":"LineString","coordinates":[[137.16198,35.09913],[137.16259,35.10021]]},"properties":{"N02_001":"12","N02_002":"4","N02_003":"三河線","N02_004":"名古屋鉄道"}},{"type":"Feature","geometry":{"type":"LineString","coordinates":[[137.16288,35.10073],[137.16279,35.10057],[137.16269,35.10039],[137.16264,35.10029],[137.16259,35.10021]]},"properties":{"N02_001":"12","N02_002":"4","N02_003":"三河線","N02_004":"名古屋鉄道"}},{"type":"Feature","geometry":{"type":"LineString","coordinates":[[137.11449,35.03987],[137.11361,35.03921],[137.11268,35.03851],[137.10835,35.03527],[137.10452,35.03242],[137.10214,35.03064],[137.10198,35.03052],[137.0998,35.02888],[137.09784,35.02746],[137.09617,35.0265]]},"properties":{"N02_001":"12","N02_002":"4","N02_003":"三河線","N02_004":"名古屋鉄道"}},{"type":"Feature","geometry":{"type":"LineString","coordinates":[[137.09617,35.0265],[137.09551,35.02611]]},"properties":{"N02_001":"12","N02_002":"4","N02_003":"三河線","N02_004":"名古屋鉄道"}},{"type":"Feature","geometry":{"type":"LineString","coordinates":[[137.11502,35.04028],[137.11565,35.0407],[137.11619,35.04113],[137.11654,35.04145],[137.11686,35.04179],[137.11715,35.04221],[137.11745,35.04274],[137.11781,35.04356],[137.11813,35.0445],[137.11857,35.0457],[137.11937,35.04802],[137.11946,35.04831],[137.11957,35.04864],[137.11964,35.04884],[137.12013,35.05031],[137.12109,35.05317],[137.12147,35.05398],[137.12175,35.05451],[137.12186,35.05468],[137.12203,35.05488],[137.12207,35.05494],[137.12233,35.05518],[137.12254,35.05535],[137.12301,35.0557],[137.12327,35.05584],[137.12352,35.05594],[137.12391,35.05611],[137.12428,35.05626],[137.12474,35.05642],[137.12569,35.05671],[137.12638,35.05693],[137.12688,35.05711],[137.12767,35.05744],[137.12872,35.05789]]},"properties":{"N02_001":"12","N02_002":"4","N02_003":"三河線","N02_004":"名古屋鉄道"}},{"type":"Feature","geometry":{"type":"LineString","coordinates":[[136.99415,34.98503],[136.99459,34.98562],[136.99517,34.98608],[136.99704,34.98725],[136.99768,34.98759],[137.00136,34.98933],[137.00246,34.98985],[137.00251,34.98986],[137.00271,34.98996],[137.0036,34.9904],[137.00371,34.99045],[137.00424,34.99067],[137.00514,34.99089],[137.00569,34.991],[137.00612,34.99107],[137.00658,34.99112],[137.00683,34.99115],[137.00711,34.99117],[137.00731,34.99117],[137.00767,34.99108],[137.00798,34.991],[137.00818,34.99093],[137.00837,34.99087]]},"properties":{"N02_001":"12","N02_002":"4","N02_003":"三河線","N02_004":"名古屋鉄道"}},{"type":"Feature","geometry":{"type":"LineString","coordinates":[[137.02408,34.99506],[137.02492,34.99577],[137.02503,34.99586],[137.02567,34.99639],[137.02588,34.9965],[137.02637,34.99672],[137.02639,34.99673],[137.02654,34.9968],[137.02709,34.99701],[137.02753,34.99718],[137.027538,34.997183],[137.02767,34.99724],[137.02936,34.99795],[137.03012,34.99826],[137.03033,34.99834],[137.03151,34.99882],[137.03277,34.99933],[137.03397,34.99983],[137.03528,35.00036],[137.03582,35.00058],[137.03687,35.00099],[137.03753,35.00129],[137.03799,35.00146],[137.03839,35.00161],[137.03954,35.00208],[137.04005,35.0023],[137.04022,35.00237],[137.04032,35.00244],[137.04045,35.00252],[137.04055,35.00262],[137.04073,35.00284],[137.04085,35.00302],[137.0409,35.00309],[137.04098,35.00325],[137.04105,35.00353],[137.04106,35.00367],[137.04106,35.00376],[137.04101,35.00396],[137.04072,35.00479]]},"properties":{"N02_001":"12","N02_002":"4","N02_003":"三河線","N02_004":"名古屋鉄道"}},{"type":"Feature","geometry":{"type":"LineString","coordinates":[[137.07695,35.01065],[137.07669,35.01042],[137.0764,35.01019],[137.07612,35.01003],[137.076119,35.010029],[137.07611,35.01002],[137.07594,35.00992],[137.07583,35.00988],[137.07556,35.00974],[137.075,35.00957],[137.07481,35.0095],[137.07459,35.00947],[137.07445,35.00944],[137.07426,35.00944],[137.07382,35.00943],[137.07166,35.00955],[137.07073,35.00952],[137.07013,35.00941],[137.07012,35.00941],[137.06969,35.00926],[137.06916,35.00899],[137.06871,35.00873],[137.06784,35.00821],[137.06756,35.00807],[137.06705,35.00789],[137.06672,35.00778],[137.06644,35.0077],[137.06583,35.00759],[137.05994,35.00655],[137.05977,35.00652],[137.0561,35.00588],[137.05283,35.00531],[137.05254,35.00526],[137.0519,35.00514],[137.05172,35.00511],[137.05128,35.00504],[137.04894,35.00463],[137.04573,35.00407]]},"properties":{"N02_001":"12","N02_002":"4","N02_003":"三河線","N02_004":"名古屋鉄道"}},{"type":"Feature","geometry":{"type":"LineString","coordinates":[[137.09551,35.02611],[137.09374,35.02513],[137.0934,35.02496],[137.09244,35.02443],[137.08996,35.02308],[137.08909,35.02258],[137.08842,35.02211],[137.08543,35.0191],[137.08455,35.01822],[137.08231,35.01596],[137.08063,35.01429],[137.0785,35.01221],[137.07753,35.01124]]},"properties":{"N02_001":"12","N02_002":"4","N02_003":"三河線","N02_004":"名古屋鉄道"}},{"type":"Feature","geometry":{"type":"LineString","coordinates":[[137.15498,35.07214],[137.15541,35.07242],[137.15576,35.07267],[137.15628,35.07307],[137.15649,35.07328],[137.15668,35.0735],[137.15685,35.07383],[137.15695,35.07404],[137.15703,35.07426],[137.15709,35.07459],[137.15712,35.07498],[137.15712,35.07528],[137.15706,35.07565],[137.15695,35.07646],[137.15684,35.07707],[137.15674,35.07767],[137.1567,35.07791],[137.1565,35.07919],[137.15639,35.07989],[137.15621,35.08078],[137.15595,35.082],[137.15583,35.08258],[137.15565,35.08358],[137.15559,35.08393],[137.15555,35.0844],[137.15556,35.08478],[137.15559,35.08506],[137.15563,35.08528],[137.15567,35.08548],[137.15577,35.08592],[137.15597,35.08658],[137.15603,35.08673]]},"properties":{"N02_001":"12","N02_002":"4","N02_003":"三河線","N02_004":"名古屋鉄道"}},{"type":"Feature","geometry":{"type":"LineString","coordinates":[[137.18051,35.10772],[137.18063,35.10774],[137.18102,35.10778],[137.18185,35.10786],[137.18225,35.10791],[137.18268,35.108],[137.18339,35.1082],[137.18368,35.1083],[137.18424,35.10857],[137.18446,35.10871],[137.18473,35.10892],[137.18499,35.10918],[137.18513,35.10936],[137.18519,35.10946],[137.18539,35.10979],[137.18552,35.11012],[137.18556,35.11025],[137.18566,35.11065],[137.1858,35.11145],[137.18583,35.11167],[137.18584,35.1119],[137.18586,35.11205],[137.18586,35.11242],[137.18585,35.11249],[137.18582,35.11271],[137.18576,35.11297],[137.18564,35.11327],[137.18541,35.11364],[137.18518,35.11396],[137.18485,35.11433]]},"properties":{"N02_001":"12","N02_002":"4","N02_003":"三河線","N02_004":"名古屋鉄道"}},{"type":"Feature","geometry":{"type":"LineString","coordinates":[[137.04573,35.00407],[137.04486,35.00394]]},"properties":{"N02_001":"12","N02_002":"4","N02_003":"三河線","N02_004":"名古屋鉄道"}},{"type":"Feature","geometry":{"type":"LineString","coordinates":[[137.18051,35.10772],[137.17975,35.10762]]},"properties":{"N02_001":"12","N02_002":"4","N02_003":"三河線","N02_004":"名古屋鉄道"}},{"type":"Feature","geometry":{"type":"LineString","coordinates":[[137.15603,35.08673],[137.15645,35.08779]]},"properties":{"N02_001":"12","N02_002":"4","N02_003":"三河線","N02_004":"名古屋鉄道"}},{"type":"Feature","geometry":{"type":"LineString","coordinates":[[137.16198,35.09913],[137.1613,35.09795],[137.16105,35.09755],[137.16036,35.09634],[137.15994,35.09557],[137.15934,35.09451],[137.15915,35.09421],[137.15872,35.09346],[137.15833,35.09266],[137.15813,35.0922],[137.15803,35.09196],[137.15792,35.09172],[137.15784,35.09149],[137.15776,35.09125],[137.1577,35.09109],[137.15741,35.0903],[137.15701,35.08927],[137.1567,35.08844],[137.15657,35.08811],[137.15645,35.08779]]},"properties":{"N02_001":"12","N02_002":"4","N02_003":"三河線","N02_004":"名古屋鉄道"}},{"type":"Feature","geometry":{"type":"LineString","coordinates":[[137.11502,35.04028],[137.11449,35.03987]]},"properties":{"N02_001":"12","N02_002":"4","N02_003":"三河線","N02_004":"名古屋鉄道"}},{"type":"Feature","geometry":{"type":"LineString","coordinates":[[136.99415,34.98503],[136.99391,34.98468],[136.99376,34.98434]]},"properties":{"N02_001":"12","N02_002":"4","N02_003":"三河線","N02_004":"名古屋鉄道"}},{"type":"Feature","geometry":{"type":"LineString","coordinates":[[137.04009,35.00597],[137.04059,35.00507],[137.04072,35.00479]]},"properties":{"N02_001":"12","N02_002":"4","N02_003":"三河線","N02_004":"名古屋鉄道"}},{"type":"Feature","geometry":{"type":"LineString","coordinates":[[137.04486,35.00394],[137.04393,35.00378],[137.043653,35.003726],[137.04336,35.00367],[137.04313,35.0036],[137.04295,35.00357],[137.04273,35.00358],[137.04249,35.00363],[137.04222,35.00369],[137.04191,35.00377],[137.04168,35.00388],[137.04138,35.00407],[137.04102,35.00437],[137.04072,35.00479]]},"properties":{"N02_001":"12","N02_002":"4","N02_003":"三河線","N02_004":"名古屋鉄道"}},{"type":"Feature","geometry":{"type":"LineString","coordinates":[[137.16288,35.10073],[137.16321,35.10108],[137.16338,35.10123],[137.1634,35.10125],[137.16379,35.10154],[137.16421,35.1018],[137.16465,35.10199],[137.16497,35.10214],[137.16527,35.10226],[137.16544,35.10234],[137.16955,35.10394],[137.17229,35.10501],[137.17538,35.10622],[137.1771,35.10687],[137.1777,35.10707],[137.17835,35.10728],[137.17867,35.10737],[137.17931,35.10753],[137.17966,35.1076],[137.17975,35.10762]]},"properties":{"N02_001":"12","N02_002":"4","N02_003":"三河線","N02_004":"名古屋鉄道"}},{"type":"Feature","geometry":{"type":"LineString","coordinates":[[137.18485,35.11433],[137.18433,35.11476]]},"properties":{"N02_001":"12","N02_002":"4","N02_003":"三河線","N02_004":"名古屋鉄道"}},{"type":"Feature","geometry":{"type":"LineString","coordinates":[[137.01018,34.99019],[137.01098,34.98978],[137.01194,34.98931],[137.01254,34.98908],[137.01317,34.9889],[137.01378,34.98889],[137.0141,34.9889],[137.01438,34.98896],[137.01468,34.98902],[137.01512,34.98914],[137.01543,34.98928],[137.01573,34.98942],[137.01622,34.98967],[137.01677,34.98996],[137.01706,34.99013],[137.01724,34.99023],[137.01753,34.99039],[137.01771,34.99049],[137.01787,34.99057],[137.01855,34.99095],[137.01879,34.99107],[137.01904,34.99121],[137.01926,34.99134],[137.01961,34.99153],[137.01973,34.99159],[137.02,34.99175],[137.02018,34.99184],[137.0203,34.99192],[137.02046,34.99206],[137.02071,34.99227],[137.02139,34.99282],[137.02245,34.99366],[137.0228,34.99395],[137.022803,34.993952],[137.02347,34.9945]]},"properties":{"N02_001":"12","N02_002":"4","N02_003":"三河線","N02_004":"名古屋鉄道"}},{"type":"Feature","geometry":{"type":"LineString","coordinates":[[137.12872,35.05789],[137.13022,35.05856]]},"properties":{"N02_001":"12","N02_002":"4","N02_003":"三河線","N02_004":"名古屋鉄道"}},{"type":"Feature","geometry":{"type":"LineString","coordinates":[[137.02347,34.9945],[137.02408,34.99506]]},"properties":{"N02_001":"12","N02_002":"4","N02_003":"三河線","N02_004":"名古屋鉄道"}},{"type":"Feature","geometry":{"type":"LineString","coordinates":[[137.00837,34.99087],[137.01018,34.99019]]},"properties":{"N02_001":"12","N02_002":"4","N02_003":"三河線","N02_004":"名古屋鉄道"}},{"type":"Feature","geometry":{"type":"LineString","coordinates":[[137.17858,35.12143],[137.17883,35.12204]]},"properties":{"N02_001":"12","N02_002":"4","N02_003":"三河線","N02_004":"名古屋鉄道"}},{"type":"Feature","geometry":{"type":"LineString","coordinates":[[137.07753,35.01124],[137.07695,35.01065]]},"properties":{"N02_001":"12","N02_002":"4","N02_003":"三河線","N02_004":"名古屋鉄道"}},{"type":"Feature","geometry":{"type":"LineString","coordinates":[[137.13022,35.05856],[137.13102,35.05891],[137.13129,35.05903],[137.13239,35.0595],[137.13392,35.06016],[137.13462,35.06048],[137.13552,35.06086],[137.13649,35.06129],[137.13671,35.06139],[137.13678,35.06142],[137.13725,35.06163],[137.13761,35.06178],[137.13794,35.06194],[137.13827,35.06212],[137.13866,35.06241],[137.13907,35.06273],[137.13961,35.06325],[137.13993,35.06361],[137.14009,35.0638],[137.14021,35.06396],[137.14037,35.06422],[137.1405,35.06441],[137.14065,35.06461],[137.14085,35.06483],[137.14102,35.06501],[137.14123,35.06522],[137.14155,35.06549],[137.14181,35.06572],[137.14207,35.06591],[137.14225,35.06602],[137.14307,35.06652],[137.14401,35.06708],[137.1445,35.06737],[137.1446,35.06743],[137.14468,35.06746],[137.14477,35.06749],[137.14508,35.06763],[137.14553,35.06776],[137.14612,35.06793],[137.14774,35.06842],[137.14884,35.06876],[137.1493,35.0689],[137.14964,35.06901],[137.15001,35.06916],[137.15046,35.06937],[137.15099,35.06964],[137.151327,35.069829],[137.15156,35.06996],[137.15248,35.07049],[137.1534,35.07107],[137.15436,35.0717]]},"properties":{"N02_001":"12","N02_002":"4","N02_003":"三河線","N02_004":"名古屋鉄道"}},{"type":"Feature","geometry":{"type":"LineString","coordinates":[[137.15436,35.0717],[137.15498,35.07214]]},"properties":{"N02_001":"12","N02_002":"4","N02_003":"三河線","N02_004":"名古屋鉄道"}},{"type":"Feature","geometry":{"type":"LineString","coordinates":[[137.04009,35.00597],[137.03924,35.00649]]},"properties":{"N02_001":"12","N02_002":"4","N02_003":"三河線","N02_004":"名古屋鉄道"}},{"type":"Feature","geometry":{"type":"LineString","coordinates":[[137.18433,35.11476],[137.18413,35.1149],[137.18392,35.11504],[137.18345,35.1153],[137.18322,35.11543],[137.18259,35.11575],[137.18236,35.11587],[137.18197,35.11604],[137.18141,35.11626],[137.18099,35.11645],[137.18062,35.11662],[137.18047,35.11669],[137.18038,35.11675],[137.18031,35.11679],[137.18015,35.11688],[137.18003,35.11697],[137.17978,35.11712],[137.17942,35.11735],[137.17899,35.11776],[137.17868,35.11809],[137.17855,35.11826],[137.17843,35.11847],[137.17827,35.11873],[137.1782,35.1189],[137.17812,35.11913],[137.17805,35.11948],[137.17805,35.11966],[137.17807,35.12],[137.17816,35.12034],[137.17847,35.12116],[137.17858,35.12143]]},"properties":{"N02_001":"12","N02_002":"4","N02_003":"三河線","N02_004":"名古屋鉄道"}},{"type":"Feature","geometry":{"type":"LineString","coordinates":[[136.98943,34.88697],[136.98943,34.88625],[136.98941,34.88553],[136.98937,34.88525],[136.98937,34.88512],[136.98932,34.88493],[136.98923,34.88463],[136.98871,34.88315],[136.9887,34.88313],[136.9882,34.88173],[136.988,34.88106],[136.98758,34.87997],[136.98734,34.8793],[136.98714,34.87874],[136.98676,34.87766],[136.9863,34.87635],[136.98607,34.87572],[136.98586,34.87516],[136.98575,34.87483],[136.98568,34.87448]]},"properties":{"N02_001":"12","N02_002":"4","N02_003":"三河線","N02_004":"名古屋鉄道"}},{"type":"Feature","geometry":{"type":"LineString","coordinates":[[136.99019,34.89629],[136.99013,34.89615],[136.99005,34.89593],[136.99,34.89572],[136.98992,34.89509],[136.98977,34.89416],[136.98974,34.89361],[136.98966,34.89281],[136.98958,34.89201],[136.98954,34.89152],[136.9895,34.89097],[136.98947,34.88957],[136.98946,34.88868],[136.98946,34.88863],[136.98946,34.88827],[136.98945,34.88765]]},"properties":{"N02_001":"12","N02_002":"4","N02_003":"三河線","N02_004":"名古屋鉄道"}},{"type":"Feature","geometry":{"type":"LineString","coordinates":[[136.98976,34.94708],[136.98912,34.94633]]},"properties":{"N02_001":"12","N02_002":"4","N02_003":"三河線","N02_004":"名古屋鉄道"}},{"type":"Feature","geometry":{"type":"LineString","coordinates":[[136.99532,34.96358],[136.99514,34.96329],[136.99479,34.96282],[136.99454,34.96248],[136.9944,34.9622],[136.99429,34.96181],[136.99414,34.96056],[136.99404,34.9595],[136.99393,34.95817],[136.99387,34.9578],[136.99375,34.95739],[136.99346,34.95643],[136.99339,34.95621],[136.993389,34.956206],[136.99337,34.95616],[136.99319,34.95557],[136.99312,34.95535],[136.99281,34.9543],[136.99245,34.95314],[136.99199,34.95163],[136.99157,34.95021],[136.99128,34.94934],[136.99112,34.94894],[136.99095,34.94865],[136.99072,34.94829],[136.99034,34.94779],[136.98976,34.94708]]},"properties":{"N02_001":"12","N02_002":"4","N02_003":"三河線","N02_004":"名古屋鉄道"}},{"type":"Feature","geometry":{"type":"LineString","coordinates":[[136.98932,34.92118],[136.9893,34.92082],[136.9893,34.92033],[136.98936,34.91993],[136.98952,34.91928],[136.99007,34.91723],[136.99047,34.91567],[136.99056,34.9152],[136.99068,34.91448],[136.99081,34.91343],[136.99094,34.91254],[136.99095,34.91247],[136.99105,34.91155],[136.99105,34.911545],[136.99106,34.91145],[136.99118,34.91066],[136.99127,34.91023],[136.99151,34.90937],[136.99183,34.90833],[136.99198,34.90781],[136.99226,34.90687],[136.99238,34.9064]]},"properties":{"N02_001":"12","N02_002":"4","N02_003":"三河線","N02_004":"名古屋鉄道"}},{"type":"Feature","geometry":{"type":"LineString","coordinates":[[136.98945,34.88765],[136.98943,34.88697]]},"properties":{"N02_001":"12","N02_002":"4","N02_003":"三河線","N02_004":"名古屋鉄道"}},{"type":"Feature","geometry":{"type":"LineString","coordinates":[[136.98568,34.87448],[136.98557,34.87355]]},"properties":{"N02_001":"12","N02_002":"4","N02_003":"三河線","N02_004":"名古屋鉄道"}},{"type":"Feature","geometry":{"type":"LineString","coordinates":[[136.99238,34.9064],[136.99259,34.90555]]},"properties":{"N02_001":"12","N02_002":"4","N02_003":"三河線","N02_004":"名古屋鉄道"}},{"type":"Feature","geometry":{"type":"LineString","coordinates":[[136.99376,34.98434],[136.99363,34.98392],[136.99358,34.98355],[136.9936,34.98311],[136.99396,34.98229],[136.99464,34.98085],[136.9954,34.97933],[136.99621,34.97764],[136.99672,34.97651],[136.99704,34.97585],[136.99736,34.97518],[136.99805,34.97376],[136.99818,34.97349],[136.99832,34.97322],[136.99846,34.97294],[136.99908,34.97172],[136.99926,34.97121],[136.99935,34.97075],[136.99934,34.97053],[136.99933,34.97023],[136.99927,34.96984],[136.9992,34.96956],[136.99887,34.96887],[136.99859,34.96842],[136.99852,34.9683],[136.9984,34.96814],[136.99818,34.96783],[136.99766,34.96708],[136.99704,34.96614],[136.99699,34.96604],[136.99675,34.96568],[136.99572,34.96418]]},"properties":{"N02_001":"12","N02_002":"4","N02_003":"三河線","N02_004":"名古屋鉄道"}},{"type":"Feature","geometry":{"type":"LineString","coordinates":[[136.98944,34.92188],[136.98932,34.92118]]},"properties":{"N02_001":"12","N02_002":"4","N02_003":"三河線","N02_004":"名古屋鉄道"}},{"type":"Feature","geometry":{"type":"LineString","coordinates":[[136.9901,34.93038],[136.99034,34.92956],[136.99043,34.92901],[136.99049,34.92852],[136.99053,34.92798],[136.99051,34.92741],[136.99048,34.92695],[136.99032,34.9262],[136.99007,34.92498],[136.98944,34.92188]]},"properties":{"N02_001":"12","N02_002":"4","N02_003":"三河線","N02_004":"名古屋鉄道"}},{"type":"Feature","geometry":{"type":"LineString","coordinates":[[136.99259,34.90555],[136.99268,34.90522],[136.99277,34.90479],[136.99282,34.90454],[136.99285,34.90429],[136.99283,34.90358],[136.99277,34.9025],[136.99276,34.90215],[136.99274,34.90181],[136.99268,34.90162],[136.9926,34.90139],[136.99245,34.90101],[136.99191,34.89996],[136.99139,34.89892],[136.99098,34.89813],[136.99073,34.89758],[136.99042,34.89692]]},"properties":{"N02_001":"12","N02_002":"4","N02_003":"三河線","N02_004":"名古屋鉄道"}},{"type":"Feature","geometry":{"type":"LineString","coordinates":[[136.99042,34.89692],[136.99019,34.89629]]},"properties":{"N02_001":"12","N02_002":"4","N02_003":"三河線","N02_004":"名古屋鉄道"}},{"type":"Feature","geometry":{"type":"LineString","coordinates":[[136.99572,34.96418],[136.99532,34.96358]]},"properties":{"N02_001":"12","N02_002":"4","N02_003":"三河線","N02_004":"名古屋鉄道"}},{"type":"Feature","geometry":{"type":"LineString","coordinates":[[136.98982,34.93116],[136.9901,34.93038]]},"properties":{"N02_001":"12","N02_002":"4","N02_003":"三河線","N02_004":"名古屋鉄道"}},{"type":"Feature","geometry":{"type":"LineString","coordinates":[[136.98912,34.94633],[136.98854,34.94564],[136.98745,34.94434],[136.98722,34.94407],[136.98664,34.94338],[136.98623,34.94289],[136.98603,34.94262],[136.98589,34.94239],[136.98569,34.94184],[136.98564,34.94134],[136.98562,34.94119],[136.98563,34.94081],[136.98568,34.9406],[136.98581,34.94024],[136.98765,34.93606],[136.98781,34.9357],[136.98799,34.93531],[136.98812,34.93501],[136.98907,34.93285],[136.98982,34.93116]]},"properties":{"N02_001":"12","N02_002":"4","N02_003":"三河線","N02_004":"名古屋鉄道"}},{"type":"Feature","geometry":{"type":"LineString","coordinates":[[136.94534,35.37928],[136.94491,35.3781]]},"properties":{"N02_001":"12","N02_002":"4","N02_003":"小牧線","N02_004":"名古屋鉄道"}},{"type":"Feature","geometry":{"type":"LineString","coordinates":[[136.94573,35.38052],[136.94534,35.37928]]},"properties":{"N02_001":"12","N02_002":"4","N02_003":"小牧線","N02_004":"名古屋鉄道"}},{"type":"Feature","geometry":{"type":"LineString","coordinates":[[136.94472,35.37751],[136.94446,35.37616],[136.9444,35.37539],[136.94439,35.37413],[136.94439,35.3739],[136.94449,35.37252],[136.94467,35.37138],[136.94489,35.3707],[136.94722,35.36548],[136.94773,35.36431],[136.94836,35.3629],[136.94892,35.36164],[136.94934,35.36072],[136.9504,35.3584],[136.9509,35.35727],[136.95155,35.35578],[136.95182,35.3549],[136.95207,35.35383],[136.95242,35.35216],[136.95244,35.35209]]},"properties":{"N02_001":"12","N02_002":"4","N02_003":"小牧線","N02_004":"名古屋鉄道"}},{"type":"Feature","geometry":{"type":"LineString","coordinates":[[136.94491,35.3781],[136.94472,35.37751]]},"properties":{"N02_001":"12","N02_002":"4","N02_003":"小牧線","N02_004":"名古屋鉄道"}},{"type":"Feature","geometry":{"type":"LineString","coordinates":[[136.95244,35.35209],[136.95261,35.35113]]},"properties":{"N02_001":"12","N02_002":"4","N02_003":"小牧線","N02_004":"名古屋鉄道"}},{"type":"Feature","geometry":{"type":"LineString","coordinates":[[136.95021,35.33087],[136.94997,35.33024]]},"properties":{"N02_001":"12","N02_002":"4","N02_003":"小牧線","N02_004":"名古屋鉄道"}},{"type":"Feature","geometry":{"type":"LineString","coordinates":[[136.95261,35.35113],[136.95277,35.3502],[136.95288,35.34968],[136.95292,35.34948],[136.95304,35.34884],[136.95345,35.3469],[136.95351,35.34627],[136.95346,35.3455],[136.95345,35.34533],[136.95324,35.34382],[136.95307,35.34249],[136.95274,35.33974],[136.95241,35.33754],[136.95224,35.33654],[136.95221,35.33639],[136.95214,35.33595],[136.95151,35.33424],[136.95021,35.33087]]},"properties":{"N02_001":"12","N02_002":"4","N02_003":"小牧線","N02_004":"名古屋鉄道"}},{"type":"Feature","geometry":{"type":"LineString","coordinates":[[136.92968,35.2045],[136.92968,35.20271]]},"properties":{"N02_001":"12","N02_002":"4","N02_003":"小牧線","N02_004":"名古屋鉄道"}},{"type":"Feature","geometry":{"type":"LineString","coordinates":[[136.92968,35.2045],[136.92971,35.20465],[136.92977,35.20486],[136.9299,35.20518],[136.93029,35.20589],[136.9304,35.20612],[136.93059,35.20651],[136.93065,35.20663],[136.9309,35.20712],[136.93098,35.20727],[136.93137,35.20803],[136.9316,35.2085],[136.93182,35.20893],[136.93226,35.2098],[136.93238,35.21006],[136.93437,35.21403],[136.93444,35.21418],[136.93446,35.21427],[136.93452,35.2147],[136.93459,35.21551],[136.93459,35.215559],[136.93459,35.21556],[136.93464,35.21634],[136.93468,35.21721],[136.9348,35.21852],[136.93492,35.21942],[136.93505,35.21996],[136.93527,35.22058],[136.936031,35.222277]]},"properties":{"N02_001":"12","N02_002":"4","N02_003":"小牧線","N02_004":"名古屋鉄道"}},{"type":"Feature","geometry":{"type":"LineString","coordinates":[[136.92785,35.28151],[136.92897,35.27957],[136.92962,35.27845],[136.93014,35.27752],[136.93084,35.2762],[136.93099,35.27588],[136.93111,35.27558],[136.93121,35.27532],[136.93129,35.27495],[136.93132,35.27469],[136.93131,35.27382],[136.93129,35.2734],[136.93129,35.273399],[136.93122,35.27196]]},"properties":{"N02_001":"12","N02_002":"4","N02_003":"小牧線","N02_004":"名古屋鉄道"}},{"type":"Feature","geometry":{"type":"LineString","coordinates":[[136.94397,35.31769],[136.9436,35.31711]]},"properties":{"N02_001":"12","N02_002":"4","N02_003":"小牧線","N02_004":"名古屋鉄道"}},{"type":"Feature","geometry":{"type":"LineString","coordinates":[[136.94397,35.31769],[136.94484,35.31927],[136.94687,35.32319],[136.94818,35.32571],[136.94863,35.32673],[136.94938,35.32865],[136.94997,35.33024]]},"properties":{"N02_001":"12","N02_002":"4","N02_003":"小牧線","N02_004":"名古屋鉄道"}},{"type":"Feature","geometry":{"type":"LineString","coordinates":[[136.93116,35.27124],[136.93103,35.269],[136.93095,35.26637],[136.93095,35.26626],[136.93097,35.26616],[136.93115,35.26515],[136.93119,35.26488],[136.93127,35.26442]]},"properties":{"N02_001":"12","N02_002":"4","N02_003":"小牧線","N02_004":"名古屋鉄道"}},{"type":"Feature","geometry":{"type":"LineString","coordinates":[[136.93633,35.25005],[136.93614,35.25067]]},"properties":{"N02_001":"12","N02_002":"4","N02_003":"小牧線","N02_004":"名古屋鉄道"}},{"type":"Feature","geometry":{"type":"LineString","coordinates":[[136.93718,35.23547],[136.93712,35.23662],[136.937,35.24119],[136.93699,35.24138],[136.93699,35.24375],[136.93706,35.24405],[136.93727,35.24454],[136.9374,35.24487],[136.93745,35.24505],[136.93748,35.24523],[136.93749,35.24546],[136.93748,35.24575],[136.93744,35.24596],[136.93633,35.25005]]},"properties":{"N02_001":"12","N02_002":"4","N02_003":"小牧線","N02_004":"名古屋鉄道"}},{"type":"Feature","geometry":{"type":"LineString","coordinates":[[136.92754,35.28201],[136.92749,35.2821],[136.92737,35.28232],[136.92728,35.2825],[136.92715,35.2828],[136.92697,35.28326],[136.92689,35.28348],[136.92686,35.28361],[136.92684,35.2838],[136.92683,35.284],[136.92685,35.28425],[136.92688,35.2844],[136.92726,35.28561],[136.92741,35.28619],[136.92755,35.28684],[136.92769,35.28771],[136.92786,35.2886]]},"properties":{"N02_001":"12","N02_002":"4","N02_003":"小牧線","N02_004":"名古屋鉄道"}},{"type":"Feature","geometry":{"type":"LineString","coordinates":[[136.93141,35.2637],[136.93127,35.26442]]},"properties":{"N02_001":"12","N02_002":"4","N02_003":"小牧線","N02_004":"名古屋鉄道"}},{"type":"Feature","geometry":{"type":"LineString","coordinates":[[136.936031,35.222277],[136.936507,35.223351]]},"properties":{"N02_001":"12","N02_002":"4","N02_003":"小牧線","N02_004":"名古屋鉄道"}},{"type":"Feature","geometry":{"type":"LineString","coordinates":[[136.93719,35.23474],[136.93718,35.23547]]},"properties":{"N02_001":"12","N02_002":"4","N02_003":"小牧線","N02_004":"名古屋鉄道"}},{"type":"Feature","geometry":{"type":"LineString","coordinates":[[136.936507,35.223351],[136.93657,35.22349],[136.9367,35.22381],[136.93688,35.22421],[136.93689,35.22426],[136.93693,35.22436],[136.93714,35.22494],[136.9372,35.22516],[136.9374,35.22604],[136.93744,35.2265],[136.937375,35.228645],[136.93736,35.22913],[136.9373,35.23127],[136.93719,35.23474]]},"properties":{"N02_001":"12","N02_002":"4","N02_003":"小牧線","N02_004":"名古屋鉄道"}},{"type":"Feature","geometry":{"type":"LineString","coordinates":[[136.93116,35.27124],[136.93122,35.27196]]},"properties":{"N02_001":"12","N02_002":"4","N02_003":"小牧線","N02_004":"名古屋鉄道"}},{"type":"Feature","geometry":{"type":"LineString","coordinates":[[136.92811,35.28931],[136.92786,35.2886]]},"properties":{"N02_001":"12","N02_002":"4","N02_003":"小牧線","N02_004":"名古屋鉄道"}},{"type":"Feature","geometry":{"type":"LineString","coordinates":[[136.94045,35.3097],[136.94022,35.30905]]},"properties":{"N02_001":"12","N02_002":"4","N02_003":"小牧線","N02_004":"名古屋鉄道"}},{"type":"Feature","geometry":{"type":"LineString","coordinates":[[136.92754,35.28201],[136.92772,35.28173],[136.92785,35.28151]]},"properties":{"N02_001":"12","N02_002":"4","N02_003":"小牧線","N02_004":"名古屋鉄道"}},{"type":"Feature","geometry":{"type":"LineString","coordinates":[[136.93614,35.25067],[136.93578,35.25206],[136.93537,35.25322],[136.93529,35.25341],[136.93349,35.2574],[136.932831,35.258868],[136.93283,35.25887],[136.9323,35.26003],[136.93212,35.26044],[136.93205,35.26063],[136.93189,35.26121],[136.93161,35.26256],[136.93156,35.26281],[136.93145,35.26345],[136.93145,35.263451],[136.93141,35.2637]]},"properties":{"N02_001":"12","N02_002":"4","N02_003":"小牧線","N02_004":"名古屋鉄道"}},{"type":"Feature","geometry":{"type":"LineString","coordinates":[[136.92811,35.28931],[136.92862,35.29058],[136.92889,35.29126],[136.92911,35.29149],[136.92978,35.29216],[136.9302,35.29254],[136.93077,35.29294],[136.93103,35.29312],[136.93112,35.29327],[136.93142,35.29344],[136.93211,35.29387],[136.93314,35.29479],[136.93368,35.29542],[136.93402,35.29592],[136.93466,35.29696],[136.93514,35.29809],[136.935189,35.298231]]},"properties":{"N02_001":"12","N02_002":"4","N02_003":"小牧線","N02_004":"名古屋鉄道"}},{"type":"Feature","geometry":{"type":"LineString","coordinates":[[136.94045,35.3097],[136.94048,35.30976],[136.94089,35.31088],[136.9411,35.31146],[136.94189,35.31365],[136.94224,35.31447],[136.9429,35.31586],[136.94332,35.3166],[136.9436,35.31711]]},"properties":{"N02_001":"12","N02_002":"4","N02_003":"小牧線","N02_004":"名古屋鉄道"}},{"type":"Feature","geometry":{"type":"LineString","coordinates":[[136.9128,35.09282],[136.9128,35.09378]]},"properties":{"N02_001":"12","N02_002":"4","N02_003":"常滑線","N02_004":"名古屋鉄道"}},{"type":"Feature","geometry":{"type":"LineString","coordinates":[[136.89276,35.02063],[136.89238,35.01998]]},"properties":{"N02_001":"12","N02_002":"4","N02_003":"常滑線","N02_004":"名古屋鉄道"}},{"type":"Feature","geometry":{"type":"LineString","coordinates":[[136.89238,35.01998],[136.89215,35.01955]]},"properties":{"N02_001":"12","N02_002":"4","N02_003":"常滑線","N02_004":"名古屋鉄道"}},{"type":"Feature","geometry":{"type":"LineString","coordinates":[[136.86314,34.99357],[136.86377,34.99415]]},"properties":{"N02_001":"12","N02_002":"4","N02_003":"常滑線","N02_004":"名古屋鉄道"}},{"type":"Feature","geometry":{"type":"LineString","coordinates":[[136.91295,35.12464],[136.9129,35.1248]]},"properties":{"N02_001":"12","N02_002":"4","N02_003":"常滑線","N02_004":"名古屋鉄道"}},{"type":"Feature","geometry":{"type":"LineString","coordinates":[[136.91101,35.11395],[136.91142,35.11464],[136.91152,35.1148],[136.91163,35.11512],[136.91168,35.11534],[136.911681,35.115344],[136.91175,35.11586],[136.91177,35.1161],[136.91178,35.11632],[136.91178,35.116321],[136.9118,35.11675],[136.91182,35.11725],[136.91184,35.11746],[136.912395,35.119557],[136.91257,35.12022],[136.91285,35.12132],[136.91288,35.12146],[136.91318,35.1225],[136.91322,35.12266],[136.913301,35.122984],[136.913382,35.123307],[136.91342,35.12346],[136.91343,35.12353],[136.91344,35.12359],[136.91345,35.12366],[136.91343,35.12385],[136.91338,35.12405],[136.91333,35.12417],[136.91322,35.12438],[136.91307,35.12454],[136.91295,35.12464]]},"properties":{"N02_001":"12","N02_002":"4","N02_003":"常滑線","N02_004":"名古屋鉄道"}},{"type":"Feature","geometry":{"type":"LineString","coordinates":[[136.89215,35.01955],[136.8914,35.01815],[136.89028,35.0161],[136.89022,35.016],[136.8898,35.01523],[136.8896,35.0149],[136.8894,35.01461],[136.88925,35.01441],[136.88882,35.01389],[136.88764,35.01245],[136.88679,35.01145],[136.88583,35.01034],[136.88579,35.01029]]},"properties":{"N02_001":"12","N02_002":"4","N02_003":"常滑線","N02_004":"名古屋鉄道"}},{"type":"Feature","geometry":{"type":"LineString","coordinates":[[136.8565,34.98748],[136.85705,34.988]]},"properties":{"N02_001":"12","N02_002":"4","N02_003":"常滑線","N02_004":"名古屋鉄道"}},{"type":"Feature","geometry":{"type":"LineString","coordinates":[[136.91185,35.0606],[136.91189,35.06053],[136.912,35.06031],[136.91214,35.06004],[136.91222,35.05977],[136.91224,35.05966],[136.91225,35.05961],[136.91225,35.05941],[136.91223,35.05922],[136.91219,35.05903],[136.91212,35.05882],[136.91203,35.05862],[136.91196,35.05846],[136.91179,35.05813],[136.91178,35.0581],[136.91176,35.05808],[136.91156,35.05771],[136.91134,35.05729],[136.91033,35.0554],[136.90945,35.05377],[136.90865,35.05229],[136.90801,35.0511],[136.9078,35.05071],[136.9071,35.0494],[136.90687,35.04898],[136.90671,35.04867],[136.90645,35.04829],[136.90637,35.04818],[136.90619,35.04802],[136.90603,35.04789],[136.90568,35.0476],[136.90489,35.04697],[136.90448,35.04663],[136.90431,35.04646],[136.90414,35.04632],[136.904,35.04616],[136.90386,35.04596],[136.90365,35.04554],[136.90349,35.0451],[136.9034,35.0447],[136.90322,35.04369],[136.90314,35.04326]]},"properties":{"N02_001":"12","N02_002":"4","N02_003":"常滑線","N02_004":"名古屋鉄道"}},{"type":"Feature","geometry":{"type":"LineString","coordinates":[[136.87568,35.00035],[136.8752,35.00006]]},"properties":{"N02_001":"12","N02_002":"4","N02_003":"常滑線","N02_004":"名古屋鉄道"}},{"type":"Feature","geometry":{"type":"LineString","coordinates":[[136.90931,35.07994],[136.90925,35.07887],[136.90917,35.07693],[136.90912,35.07509],[136.90908,35.07359],[136.90908,35.07337]]},"properties":{"N02_001":"12","N02_002":"4","N02_003":"常滑線","N02_004":"名古屋鉄道"}},{"type":"Feature","geometry":{"type":"LineString","coordinates":[[136.9128,35.09378],[136.91284,35.09378],[136.9128,35.09412],[136.91272,35.09442],[136.91245,35.09538],[136.91226,35.09598],[136.9121,35.09653],[136.91205,35.09668],[136.91178,35.09767],[136.91127,35.09951],[136.91082,35.10115],[136.91041,35.10259],[136.91012,35.10367],[136.90989,35.10447],[136.90962,35.10537]]},"properties":{"N02_001":"12","N02_002":"4","N02_003":"常滑線","N02_004":"名古屋鉄道"}},{"type":"Feature","geometry":{"type":"LineString","coordinates":[[136.90314,35.04326],[136.90302,35.04262],[136.90301,35.04257]]},"properties":{"N02_001":"12","N02_002":"4","N02_003":"常滑線","N02_004":"名古屋鉄道"}},{"type":"Feature","geometry":{"type":"LineString","coordinates":[[136.91153,35.06124],[136.91185,35.0606]]},"properties":{"N02_001":"12","N02_002":"4","N02_003":"常滑線","N02_004":"名古屋鉄道"}},{"type":"Feature","geometry":{"type":"LineString","coordinates":[[136.90301,35.04257],[136.90289,35.04191],[136.90287,35.04182],[136.90273,35.04107],[136.90259,35.04042],[136.90249,35.04002],[136.90242,35.03979],[136.9023,35.03949],[136.90218,35.0392],[136.90204,35.03893],[136.9019,35.03868],[136.90174,35.03842],[136.90158,35.03819],[136.90037,35.03641],[136.89971,35.03546]]},"properties":{"N02_001":"12","N02_002":"4","N02_003":"常滑線","N02_004":"名古屋鉄道"}},{"type":"Feature","geometry":{"type":"LineString","coordinates":[[136.90939,35.08062],[136.90935,35.08022],[136.90931,35.07994]]},"properties":{"N02_001":"12","N02_002":"4","N02_003":"常滑線","N02_004":"名古屋鉄道"}},{"type":"Feature","geometry":{"type":"LineString","coordinates":[[136.90962,35.10537],[136.90942,35.10603]]},"properties":{"N02_001":"12","N02_002":"4","N02_003":"常滑線","N02_004":"名古屋鉄道"}},{"type":"Feature","geometry":{"type":"LineString","coordinates":[[136.89927,35.03482],[136.89846,35.03368],[136.89785,35.03282],[136.89778,35.03272],[136.89715,35.03182],[136.89685,35.0314],[136.89662,35.03098],[136.89652,35.03071],[136.89635,35.03021],[136.89625,35.02975],[136.89617,35.02934],[136.89604,35.02878],[136.89581,35.02782],[136.89559,35.02694],[136.89537,35.02605],[136.89518,35.02524],[136.89512,35.02505],[136.89503,35.02482],[136.89491,35.02457],[136.89468,35.02415],[136.8944,35.02364],[136.89355,35.0221],[136.89336,35.02174],[136.89276,35.02063]]},"properties":{"N02_001":"12","N02_002":"4","N02_003":"常滑線","N02_004":"名古屋鉄道"}},{"type":"Feature","geometry":{"type":"LineString","coordinates":[[136.85705,34.988],[136.85801,34.9889],[136.85831,34.98919],[136.85915,34.99002],[136.861,34.99167],[136.86228,34.99279],[136.86314,34.99357]]},"properties":{"N02_001":"12","N02_002":"4","N02_003":"常滑線","N02_004":"名古屋鉄道"}},{"type":"Feature","geometry":{"type":"LineString","coordinates":[[136.84758,34.97813],[136.84805,34.97867]]},"properties":{"N02_001":"12","N02_002":"4","N02_003":"常滑線","N02_004":"名古屋鉄道"}},{"type":"Feature","geometry":{"type":"LineString","coordinates":[[136.90939,35.08062],[136.90961,35.0823],[136.90969,35.08287],[136.9097,35.08295],[136.90978,35.08335],[136.90989,35.08379],[136.90997,35.0841],[136.9101,35.08452],[136.91042,35.08538],[136.91087,35.08657],[136.91144,35.08823],[136.91194,35.0897],[136.91213,35.09026],[136.91237,35.09092],[136.91247,35.09121],[136.91257,35.0915],[136.91276,35.09222],[136.9128,35.09249],[136.9128,35.09282]]},"properties":{"N02_001":"12","N02_002":"4","N02_003":"常滑線","N02_004":"名古屋鉄道"}},{"type":"Feature","geometry":{"type":"LineString","coordinates":[[136.9129,35.1248],[136.9126,35.12562],[136.91243,35.12607],[136.91233,35.12633]]},"properties":{"N02_001":"12","N02_002":"4","N02_003":"常滑線","N02_004":"名古屋鉄道"}},{"type":"Feature","geometry":{"type":"LineString","coordinates":[[136.84805,34.97867],[136.84903,34.97971],[136.84965,34.9804],[136.84976,34.98051],[136.85104,34.98192],[136.85158,34.98249],[136.8529,34.98392],[136.8538,34.98485],[136.85551,34.98651],[136.8561,34.98708],[136.85614,34.98713],[136.85626,34.98723],[136.8565,34.98748]]},"properties":{"N02_001":"12","N02_002":"4","N02_003":"常滑線","N02_004":"名古屋鉄道"}},{"type":"Feature","geometry":{"type":"LineString","coordinates":[[136.90908,35.07337],[136.90908,35.07228]]},"properties":{"N02_001":"12","N02_002":"4","N02_003":"常滑線","N02_004":"名古屋鉄道"}},{"type":"Feature","geometry":{"type":"LineString","coordinates":[[136.89971,35.03546],[136.89927,35.03482]]},"properties":{"N02_001":"12","N02_002":"4","N02_003":"常滑線","N02_004":"名古屋鉄道"}},{"type":"Feature","geometry":{"type":"LineString","coordinates":[[136.88579,35.01029],[136.88531,35.00974]]},"properties":{"N02_001":"12","N02_002":"4","N02_003":"常滑線","N02_004":"名古屋鉄道"}},{"type":"Feature","geometry":{"type":"LineString","coordinates":[[136.88531,35.00974],[136.88523,35.00964],[136.88422,35.00842],[136.88223,35.00603],[136.88066,35.00414],[136.88027,35.00368],[136.880266,35.003675],[136.88022,35.00362],[136.87991,35.00325],[136.87946,35.0027],[136.87888,35.0022],[136.87873,35.0021],[136.87802,35.00169],[136.87568,35.00035]]},"properties":{"N02_001":"12","N02_002":"4","N02_003":"常滑線","N02_004":"名古屋鉄道"}},{"type":"Feature","geometry":{"type":"LineString","coordinates":[[136.90908,35.07228],[136.90908,35.0718],[136.90912,35.07045],[136.90917,35.06946],[136.90919,35.06911],[136.90921,35.068633],[136.90921,35.06863],[136.90922,35.06846],[136.90924,35.06806],[136.90924,35.068059],[136.90926,35.06766],[136.90929,35.06729],[136.90932,35.06679],[136.90938,35.06608],[136.90944,35.06567],[136.90949,35.06541],[136.90955,35.06519],[136.90958,35.0651],[136.90965,35.06488],[136.90972,35.0647],[136.90981,35.06451],[136.91001,35.06408],[136.91103,35.06218],[136.9115,35.0613],[136.91153,35.06124]]},"properties":{"N02_001":"12","N02_002":"4","N02_003":"常滑線","N02_004":"名古屋鉄道"}},{"type":"Feature","geometry":{"type":"LineString","coordinates":[[136.90942,35.10603],[136.90931,35.10626],[136.90912,35.10672],[136.90903,35.10698],[136.90889,35.1074],[136.90876,35.10796],[136.90869,35.10829],[136.90864,35.10873],[136.90863,35.1093],[136.90865,35.1097],[136.90866,35.10989],[136.90889,35.11043],[136.90901,35.11061],[136.90938,35.11122],[136.90948,35.11139],[136.91032,35.11277],[136.91063,35.1133]]},"properties":{"N02_001":"12","N02_002":"4","N02_003":"常滑線","N02_004":"名古屋鉄道"}},{"type":"Feature","geometry":{"type":"LineString","coordinates":[[136.91063,35.1133],[136.91101,35.11395]]},"properties":{"N02_001":"12","N02_002":"4","N02_003":"常滑線","N02_004":"名古屋鉄道"}},{"type":"Feature","geometry":{"type":"LineString","coordinates":[[136.86377,34.99415],[136.86419,34.9945],[136.86428,34.99458],[136.86471,34.99488],[136.86498,34.99503],[136.86515,34.99511],[136.86546,34.99527],[136.86584,34.99543],[136.86604,34.99549],[136.86636,34.99561],[136.86681,34.99576],[136.86742,34.99598],[136.86777,34.9961],[136.86917,34.99661],[136.86948,34.99674],[136.86968,34.99684],[136.8702,34.99712],[136.87176,34.99804],[136.87205,34.99822],[136.87485,34.99987],[136.8752,35.00006]]},"properties":{"N02_001":"12","N02_002":"4","N02_003":"常滑線","N02_004":"名古屋鉄道"}},{"type":"Feature","geometry":{"type":"LineString","coordinates":[[136.82674,34.92505],[136.82669,34.92601],[136.82666,34.92634],[136.82661,34.92723],[136.8265,34.93033],[136.82651,34.93083],[136.82661,34.93165],[136.82674,34.93236],[136.82689,34.9331],[136.82692,34.93322],[136.82704,34.93378],[136.82713,34.93422],[136.82719,34.93449],[136.82739,34.93512]]},"properties":{"N02_001":"12","N02_002":"4","N02_003":"常滑線","N02_004":"名古屋鉄道"}},{"type":"Feature","geometry":{"type":"LineString","coordinates":[[136.82557,34.9149],[136.82574,34.91565]]},"properties":{"N02_001":"12","N02_002":"4","N02_003":"常滑線","N02_004":"名古屋鉄道"}},{"type":"Feature","geometry":{"type":"LineString","coordinates":[[136.82574,34.91565],[136.82574,34.91568],[136.82585,34.91619],[136.82589,34.91636],[136.82599,34.91682],[136.82599,34.91692],[136.82601,34.91692],[136.82608,34.91724],[136.82623,34.91799],[136.82625,34.91806],[136.82626,34.91813],[136.82634,34.91846],[136.82649,34.91921],[136.82668,34.91992],[136.82672,34.92014],[136.82682,34.92061],[136.82685,34.92081],[136.82687,34.92099],[136.82689,34.92129],[136.82689,34.92184],[136.82683,34.92328],[136.82678,34.92416]]},"properties":{"N02_001":"12","N02_002":"4","N02_003":"常滑線","N02_004":"名古屋鉄道"}},{"type":"Feature","geometry":{"type":"LineString","coordinates":[[136.83184,34.96128],[136.8325,34.96203]]},"properties":{"N02_001":"12","N02_002":"4","N02_003":"常滑線","N02_004":"名古屋鉄道"}},{"type":"Feature","geometry":{"type":"LineString","coordinates":[[136.83184,34.96128],[136.83151,34.96086],[136.83114,34.96038],[136.83082,34.95995],[136.83047,34.95949],[136.82986,34.95869],[136.82974,34.95853],[136.82938,34.95803],[136.82928,34.95785],[136.82909,34.9575],[136.82878,34.95675],[136.82801,34.9549],[136.82792,34.95465],[136.8278,34.95426],[136.82772,34.95381],[136.82775,34.95301],[136.82793,34.95227],[136.82797,34.95212],[136.82834,34.95098],[136.82847,34.95055],[136.82855,34.95016],[136.82855,34.95007]]},"properties":{"N02_001":"12","N02_002":"4","N02_003":"常滑線","N02_004":"名古屋鉄道"}},{"type":"Feature","geometry":{"type":"LineString","coordinates":[[136.83093,34.89667],[136.83046,34.89738]]},"properties":{"N02_001":"12","N02_002":"4","N02_003":"常滑線","N02_004":"名古屋鉄道"}},{"type":"Feature","geometry":{"type":"LineString","coordinates":[[136.8325,34.96203],[136.83288,34.96241],[136.8342,34.96376],[136.83488,34.96446],[136.83508,34.96467],[136.83556,34.96516],[136.83627,34.9659],[136.83637,34.96601],[136.8366,34.96625],[136.83672,34.96638],[136.83691,34.96656],[136.83703,34.96669],[136.83723,34.96689],[136.83781,34.9675],[136.83857,34.96831],[136.8388,34.96856],[136.83914,34.96892],[136.83971,34.96954],[136.83974,34.96959],[136.83987,34.96971],[136.84002,34.96989],[136.84031,34.97018],[136.84097,34.97089],[136.84098,34.9709],[136.84104,34.97099],[136.84115,34.97109],[136.84168,34.9717],[136.84194,34.97197],[136.84247,34.97256],[136.84292,34.97304],[136.84406,34.9743],[136.84521,34.97555],[136.84631,34.97675],[136.84656,34.97701],[136.8472,34.9777],[136.84758,34.97813]]},"properties":{"N02_001":"12","N02_002":"4","N02_003":"常滑線","N02_004":"名古屋鉄道"}},{"type":"Feature","geometry":{"type":"LineString","coordinates":[[136.82804,34.90538],[136.82784,34.90593],[136.82776,34.90617],[136.82755,34.90681],[136.82746,34.90705],[136.82727,34.9076],[136.82724,34.9077],[136.8272,34.90779],[136.82698,34.90844],[136.82696,34.9085],[136.82694,34.90854],[136.8267,34.90928],[136.8266,34.90953],[136.82654,34.90972],[136.8261,34.91099],[136.82605,34.91116],[136.82604,34.9112],[136.82602,34.91124],[136.826,34.9113],[136.82599,34.91134],[136.82582,34.91183],[136.82575,34.91201],[136.8257,34.91217],[136.82545,34.91286],[136.82539,34.91315],[136.82537,34.91322],[136.82535,34.91357],[136.82536,34.91372],[136.82537,34.9138],[136.82539,34.91386],[136.82548,34.91439],[136.82557,34.9149]]},"properties":{"N02_001":"12","N02_002":"4","N02_003":"常滑線","N02_004":"名古屋鉄道"}},{"type":"Feature","geometry":{"type":"LineString","coordinates":[[136.82761,34.93574],[136.82765,34.93583],[136.82791,34.93658],[136.82799,34.93689],[136.82798,34.93731],[136.82788,34.93774],[136.82784,34.93789],[136.82754,34.93869],[136.82745,34.93898],[136.827449,34.938983],[136.82735,34.93932],[136.8272,34.9399],[136.82714,34.94013],[136.82708,34.94054],[136.82695,34.94143],[136.82687,34.94233],[136.82689,34.94273],[136.82693,34.94302],[136.82701,34.94332],[136.82715,34.94372],[136.82736,34.94433],[136.82769,34.94526],[136.82792,34.94601],[136.82832,34.94747],[136.82842,34.94783],[136.82852,34.94817],[136.82856,34.94835],[136.82863,34.94891],[136.82864,34.94938]]},"properties":{"N02_001":"12","N02_002":"4","N02_003":"常滑線","N02_004":"名古屋鉄道"}},{"type":"Feature","geometry":{"type":"LineString","coordinates":[[136.83046,34.89738],[136.82991,34.89821],[136.82973,34.89854],[136.82963,34.89879],[136.82958,34.89889],[136.82953,34.89915],[136.82947,34.89983],[136.8294,34.90079],[136.82935,34.9014],[136.8293,34.90176],[136.82928,34.90178],[136.82927,34.90187],[136.82914,34.90229],[136.82878,34.9033],[136.8285,34.90415],[136.82836,34.90452]]},"properties":{"N02_001":"12","N02_002":"4","N02_003":"常滑線","N02_004":"名古屋鉄道"}},{"type":"Feature","geometry":{"type":"LineString","coordinates":[[136.83093,34.89667],[136.83108,34.89643],[136.83126,34.89616],[136.83152,34.89574],[136.83157,34.89568],[136.83197,34.89504],[136.83215,34.8948],[136.83238,34.89452],[136.83256,34.8943],[136.8326,34.89426],[136.83327,34.89347],[136.83362,34.89304],[136.83381,34.89281],[136.83389,34.89272],[136.83437,34.8921],[136.83478,34.89159]]},"properties":{"N02_001":"12","N02_002":"4","N02_003":"常滑線","N02_004":"名古屋鉄道"}},{"type":"Feature","geometry":{"type":"LineString","coordinates":[[136.82674,34.92505],[136.82678,34.92416]]},"properties":{"N02_001":"12","N02_002":"4","N02_003":"常滑線","N02_004":"名古屋鉄道"}},{"type":"Feature","geometry":{"type":"LineString","coordinates":[[136.83544,34.89075],[136.83478,34.89159]]},"properties":{"N02_001":"12","N02_002":"4","N02_003":"常滑線","N02_004":"名古屋鉄道"}},{"type":"Feature","geometry":{"type":"LineString","coordinates":[[136.82864,34.94938],[136.82855,34.95007]]},"properties":{"N02_001":"12","N02_002":"4","N02_003":"常滑線","N02_004":"名古屋鉄道"}},{"type":"Feature","geometry":{"type":"LineString","coordinates":[[136.82739,34.93512],[136.82761,34.93574]]},"properties":{"N02_001":"12","N02_002":"4","N02_003":"常滑線","N02_004":"名古屋鉄道"}},{"type":"Feature","geometry":{"type":"LineString","coordinates":[[136.82836,34.90452],[136.82804,34.90538]]},"properties":{"N02_001":"12","N02_002":"4","N02_003":"常滑線","N02_004":"名古屋鉄道"}},{"type":"Feature","geometry":{"type":"LineString","coordinates":[[137.07811,35.22552],[137.07726,35.22553]]},"properties":{"N02_001":"12","N02_002":"4","N02_003":"瀬戸線","N02_004":"名古屋鉄道"}},{"type":"Feature","geometry":{"type":"LineString","coordinates":[[137.08384,35.225],[137.08284,35.2251],[137.08211,35.22518],[137.08146,35.22522],[137.08077,35.2253],[137.08039,35.22536],[137.07863,35.22552],[137.078347,35.22552],[137.07811,35.22552]]},"properties":{"N02_001":"12","N02_002":"4","N02_003":"瀬戸線","N02_004":"名古屋鉄道"}},{"type":"Feature","geometry":{"type":"LineString","coordinates":[[136.98772,35.2049],[136.9885,35.20522]]},"properties":{"N02_001":"12","N02_002":"4","N02_003":"瀬戸線","N02_004":"名古屋鉄道"}},{"type":"Feature","geometry":{"type":"LineString","coordinates":[[137.0698,35.22429],[137.06904,35.2241]]},"properties":{"N02_001":"12","N02_002":"4","N02_003":"瀬戸線","N02_004":"名古屋鉄道"}},{"type":"Feature","geometry":{"type":"LineString","coordinates":[[137.03663,35.21664],[137.03587,35.21689]]},"properties":{"N02_001":"12","N02_002":"4","N02_003":"瀬戸線","N02_004":"名古屋鉄道"}},{"type":"Feature","geometry":{"type":"LineString","coordinates":[[137.06904,35.2241],[137.06865,35.22408],[137.06809,35.22405],[137.06748,35.22401],[137.06661,35.22394],[137.06636,35.22389],[137.06611,35.22379],[137.06581,35.2236],[137.06425,35.2222],[137.06384,35.22184],[137.06272,35.22089],[137.06113,35.21952],[137.06063,35.21908],[137.05993,35.21849],[137.05988,35.21845],[137.05966,35.2183],[137.05953,35.2182],[137.05903,35.21788],[137.05881,35.21778],[137.058807,35.217779],[137.05864,35.21771],[137.05827,35.21757],[137.05797,35.21748],[137.05719,35.21731],[137.0561,35.21708],[137.05487,35.2168],[137.05346,35.21648],[137.05275,35.21631]]},"properties":{"N02_001":"12","N02_002":"4","N02_003":"瀬戸線","N02_004":"名古屋鉄道"}},{"type":"Feature","geometry":{"type":"LineString","coordinates":[[136.96484,35.19722],[136.96733,35.19775],[136.9712,35.19862],[136.97302,35.19933],[136.9738,35.19961],[136.97512,35.19996]]},"properties":{"N02_001":"12","N02_002":"4","N02_003":"瀬戸線","N02_004":"名古屋鉄道"}},{"type":"Feature","geometry":{"type":"LineString","coordinates":[[137.05275,35.21631],[137.05199,35.21616]]},"properties":{"N02_001":"12","N02_002":"4","N02_003":"瀬戸線","N02_004":"名古屋鉄道"}},{"type":"Feature","geometry":{"type":"LineString","coordinates":[[137.0105,35.21086],[137.0096,35.21059],[137.00878,35.21036],[137.00831,35.2102],[137.008304,35.210198],[137.00765,35.20997],[137.00692,35.20979],[137.00651,35.20973],[137.00629,35.20972],[137.006288,35.20972],[137.00568,35.20968],[137.00435,35.20959],[137.00332,35.20952],[137.00208,35.20941],[137.001461,35.20937],[137.00146,35.20937],[137.00137,35.20937],[137.00114,35.20932],[137.00079,35.20923],[137.00052,35.20914],[137.00002,35.20889],[136.9996,35.20865],[136.99895,35.20813],[136.99845,35.20768],[136.99796,35.20725],[136.99759,35.20705],[136.99735,35.20696],[136.99724,35.20693],[136.99713,35.20691],[136.99704,35.20692],[136.99698,35.20692]]},"properties":{"N02_001":"12","N02_002":"4","N02_003":"瀬戸線","N02_004":"名古屋鉄道"}},{"type":"Feature","geometry":{"type":"LineString","coordinates":[[136.97512,35.19996],[136.976,35.20018]]},"properties":{"N02_001":"12","N02_002":"4","N02_003":"瀬戸線","N02_004":"名古屋鉄道"}},{"type":"Feature","geometry":{"type":"LineString","coordinates":[[136.95798,35.19625],[136.96405,35.19707]]},"properties":{"N02_001":"12","N02_002":"4","N02_003":"瀬戸線","N02_004":"名古屋鉄道"}},{"type":"Feature","geometry":{"type":"LineString","coordinates":[[137.09613,35.22468],[137.09405,35.22399],[137.09386,35.22396],[137.09364,35.22395],[137.09342,35.22396],[137.09301,35.22405],[137.09209,35.22439],[137.09071,35.22489],[137.08936,35.22538],[137.08895,35.22552],[137.08871,35.22557],[137.08846,35.22557],[137.08782,35.22543],[137.08686,35.22522],[137.08534,35.22503],[137.08458,35.22499]]},"properties":{"N02_001":"12","N02_002":"4","N02_003":"瀬戸線","N02_004":"名古屋鉄道"}},{"type":"Feature","geometry":{"type":"LineString","coordinates":[[137.0194,35.21401],[137.01799,35.21346],[137.01622,35.21275],[137.01506,35.21233],[137.01388,35.21192],[137.01158,35.21119]]},"properties":{"N02_001":"12","N02_002":"4","N02_003":"瀬戸線","N02_004":"名古屋鉄道"}},{"type":"Feature","geometry":{"type":"LineString","coordinates":[[137.0201,35.2143],[137.0194,35.21401]]},"properties":{"N02_001":"12","N02_002":"4","N02_003":"瀬戸線","N02_004":"名古屋鉄道"}},{"type":"Feature","geometry":{"type":"LineString","coordinates":[[136.96405,35.19707],[136.96484,35.19722]]},"properties":{"N02_001":"12","N02_002":"4","N02_003":"瀬戸線","N02_004":"名古屋鉄道"}},{"type":"Feature","geometry":{"type":"LineString","coordinates":[[137.07726,35.22553],[137.07624,35.22556],[137.07508,35.22555],[137.07464,35.22552],[137.07398,35.22547],[137.0735,35.2254],[137.07313,35.22532],[137.07282,35.22523],[137.07157,35.22485],[137.0698,35.22429]]},"properties":{"N02_001":"12","N02_002":"4","N02_003":"瀬戸線","N02_004":"名古屋鉄道"}},{"type":"Feature","geometry":{"type":"LineString","coordinates":[[137.08458,35.22499],[137.08384,35.225]]},"properties":{"N02_001":"12","N02_002":"4","N02_003":"瀬戸線","N02_004":"名古屋鉄道"}},{"type":"Feature","geometry":{"type":"LineString","coordinates":[[137.05199,35.21616],[137.05151,35.21609],[137.051,35.21601],[137.05031,35.21593],[137.04976,35.21591],[137.04952,35.21593],[137.04883,35.216],[137.04842,35.216],[137.04807,35.21601],[137.04775,35.21599],[137.04737,35.21595],[137.04735,35.21594],[137.0459,35.21577],[137.0448,35.21564],[137.04431,35.21559],[137.04379,35.21553],[137.04303,35.21543],[137.04228,35.21535],[137.04139,35.21531],[137.04101,35.21534],[137.04074,35.21537],[137.04033,35.21546],[137.04009,35.21553],[137.03663,35.21664]]},"properties":{"N02_001":"12","N02_002":"4","N02_003":"瀬戸線","N02_004":"名古屋鉄道"}},{"type":"Feature","geometry":{"type":"LineString","coordinates":[[137.01158,35.21119],[137.0105,35.21086]]},"properties":{"N02_001":"12","N02_002":"4","N02_003":"瀬戸線","N02_004":"名古屋鉄道"}},{"type":"Feature","geometry":{"type":"LineString","coordinates":[[136.976,35.20018],[136.97793,35.20065],[136.98032,35.20123],[136.98112,35.20149],[136.98288,35.20218],[136.98331,35.20233],[136.98372,35.20255],[136.98384,35.20263],[136.98394,35.20275],[136.98418,35.20313],[136.98446,35.20346],[136.98477,35.20365],[136.9875,35.20481],[136.98772,35.2049]]},"properties":{"N02_001":"12","N02_002":"4","N02_003":"瀬戸線","N02_004":"名古屋鉄道"}},{"type":"Feature","geometry":{"type":"LineString","coordinates":[[137.09613,35.22468],[137.09735,35.2251]]},"properties":{"N02_001":"12","N02_002":"4","N02_003":"瀬戸線","N02_004":"名古屋鉄道"}},{"type":"Feature","geometry":{"type":"LineString","coordinates":[[136.9885,35.20522],[136.99164,35.20655],[136.99229,35.20677],[136.99365,35.20686],[136.99538,35.20698],[136.9962,35.20695]]},"properties":{"N02_001":"12","N02_002":"4","N02_003":"瀬戸線","N02_004":"名古屋鉄道"}},{"type":"Feature","geometry":{"type":"LineString","coordinates":[[137.03587,35.21689],[137.03417,35.21743],[137.03389,35.21747],[137.03359,35.21747],[137.03328,35.21746],[137.03301,35.21742],[137.03101,35.21709],[137.03059,35.21702],[137.02886,35.21674],[137.02756,35.21653],[137.02584,35.21624],[137.02472,35.21606],[137.02455,35.21602],[137.02308,35.21547],[137.0201,35.2143]]},"properties":{"N02_001":"12","N02_002":"4","N02_003":"瀬戸線","N02_004":"名古屋鉄道"}},{"type":"Feature","geometry":{"type":"LineString","coordinates":[[136.9962,35.20695],[136.99698,35.20692]]},"properties":{"N02_001":"12","N02_002":"4","N02_003":"瀬戸線","N02_004":"名古屋鉄道"}},{"type":"Feature","geometry":{"type":"LineString","coordinates":[[136.90845,35.18378],[136.9085,35.18312]]},"properties":{"N02_001":"12","N02_002":"4","N02_003":"瀬戸線","N02_004":"名古屋鉄道"}},{"type":"Feature","geometry":{"type":"LineString","coordinates":[[136.93687,35.19129],[136.93703,35.1919]]},"properties":{"N02_001":"12","N02_002":"4","N02_003":"瀬戸線","N02_004":"名古屋鉄道"}},{"type":"Feature","geometry":{"type":"LineString","coordinates":[[136.94841,35.19355],[136.94887,35.1935],[136.94915,35.19351],[136.94933,35.19355],[136.94954,35.19363],[136.94977,35.19374],[136.95001,35.19391],[136.950637,35.194408],[136.95064,35.19441],[136.95099,35.19467],[136.95109,35.19475],[136.95146,35.195],[136.9516,35.1951],[136.95181,35.19521],[136.95208,35.19528],[136.9524,35.19532],[136.95286,35.19534],[136.95387,35.19535],[136.95412,35.19539],[136.95575,35.1959],[136.956718,35.196058],[136.95716,35.19613]]},"properties":{"N02_001":"12","N02_002":"4","N02_003":"瀬戸線","N02_004":"名古屋鉄道"}},{"type":"Feature","geometry":{"type":"LineString","coordinates":[[136.95716,35.19613],[136.95798,35.19625]]},"properties":{"N02_001":"12","N02_002":"4","N02_003":"瀬戸線","N02_004":"名古屋鉄道"}},{"type":"Feature","geometry":{"type":"LineString","coordinates":[[136.91441,35.18708],[136.91567,35.18704],[136.91636,35.18705],[136.91683,35.18707],[136.91711,35.1871],[136.91758,35.18719],[136.91792,35.18729],[136.91878,35.18762]]},"properties":{"N02_001":"12","N02_002":"4","N02_003":"瀬戸線","N02_004":"名古屋鉄道"}},{"type":"Feature","geometry":{"type":"LineString","coordinates":[[136.91957,35.18798],[136.91978,35.18806],[136.92013,35.18815],[136.9205,35.18822],[136.92082,35.18827],[136.92126,35.18829],[136.92301,35.18827],[136.92692,35.18825],[136.927056,35.18825],[136.92706,35.18825],[136.92879,35.18825]]},"properties":{"N02_001":"12","N02_002":"4","N02_003":"瀬戸線","N02_004":"名古屋鉄道"}},{"type":"Feature","geometry":{"type":"LineString","coordinates":[[136.90881,35.17081],[136.90888,35.17016]]},"properties":{"N02_001":"12","N02_002":"4","N02_003":"瀬戸線","N02_004":"名古屋鉄道"}},{"type":"Feature","geometry":{"type":"LineString","coordinates":[[136.92979,35.18824],[136.93326,35.18826],[136.93402,35.18833],[136.93438,35.1884],[136.93475,35.1885],[136.93496,35.18858],[136.93523,35.1887],[136.93558,35.1889],[136.93578,35.18909],[136.93613,35.18948],[136.93651,35.19005],[136.93668,35.1905],[136.93687,35.19129]]},"properties":{"N02_001":"12","N02_002":"4","N02_003":"瀬戸線","N02_004":"名古屋鉄道"}},{"type":"Feature","geometry":{"type":"LineString","coordinates":[[136.93703,35.1919],[136.937175,35.192431],[136.93724,35.19267],[136.93741,35.19317],[136.937453,35.193279],[136.93752,35.19345],[136.93759,35.19362],[136.93768,35.19384],[136.93781,35.19408],[136.937817,35.194093],[136.938047,35.194525],[136.93806,35.19455],[136.93825,35.19487],[136.93841,35.19507],[136.9387,35.19542],[136.93901,35.1957],[136.939231,35.195841],[136.93937,35.19593],[136.93981,35.1961],[136.94027,35.1962],[136.94055,35.19625],[136.94073,35.19626],[136.94101,35.19624],[136.94124,35.19622],[136.94147,35.19618],[136.94179,35.1961],[136.94204,35.19602],[136.94356,35.19526],[136.94606,35.19415],[136.94665,35.194],[136.94695,35.19393],[136.94758,35.19377]]},"properties":{"N02_001":"12","N02_002":"4","N02_003":"瀬戸線","N02_004":"名古屋鉄道"}},{"type":"Feature","geometry":{"type":"LineString","coordinates":[[136.91347,35.18711],[136.91441,35.18708]]},"properties":{"N02_001":"12","N02_002":"4","N02_003":"瀬戸線","N02_004":"名古屋鉄道"}},{"type":"Feature","geometry":{"type":"LineString","coordinates":[[136.90845,35.18378],[136.90845,35.18478],[136.90852,35.185038],[136.90863,35.18544],[136.90886,35.18573],[136.909105,35.185975],[136.90911,35.18598],[136.90937,35.18625],[136.9099,35.18666],[136.91031,35.18686],[136.91079,35.18704],[136.91101,35.1871],[136.91127,35.18714],[136.91184,35.18717],[136.91301,35.18713],[136.91347,35.18711]]},"properties":{"N02_001":"12","N02_002":"4","N02_003":"瀬戸線","N02_004":"名古屋鉄道"}},{"type":"Feature","geometry":{"type":"LineString","coordinates":[[136.92879,35.18825],[136.92979,35.18824]]},"properties":{"N02_001":"12","N02_002":"4","N02_003":"瀬戸線","N02_004":"名古屋鉄道"}},{"type":"Feature","geometry":{"type":"LineString","coordinates":[[136.91878,35.18762],[136.91957,35.18798]]},"properties":{"N02_001":"12","N02_002":"4","N02_003":"瀬戸線","N02_004":"名古屋鉄道"}},{"type":"Feature","geometry":{"type":"LineString","coordinates":[[136.94758,35.19377],[136.94841,35.19355]]},"properties":{"N02_001":"12","N02_002":"4","N02_003":"瀬戸線","N02_004":"名古屋鉄道"}},{"type":"Feature","geometry":{"type":"LineString","coordinates":[[136.9085,35.18312],[136.90856,35.18272],[136.90908,35.17985],[136.90897,35.17923],[136.90863,35.17848],[136.90843,35.17806],[136.90841,35.17799],[136.908409,35.177988],[136.90817,35.17719],[136.90851,35.17377],[136.90881,35.17081]]},"properties":{"N02_001":"12","N02_002":"4","N02_003":"瀬戸線","N02_004":"名古屋鉄道"}},{"type":"Feature","geometry":{"type":"LineString","coordinates":[[137.08623,34.98652],[137.0848,34.98728]]},"properties":{"N02_001":"12","N02_002":"4","N02_003":"西尾線","N02_004":"名古屋鉄道"}},{"type":"Feature","geometry":{"type":"LineString","coordinates":[[137.087,34.98612],[137.08675,34.98625],[137.08636,34.98646],[137.08623,34.98652]]},"properties":{"N02_001":"12","N02_002":"4","N02_003":"西尾線","N02_004":"名古屋鉄道"}},{"type":"Feature","geometry":{"type":"LineString","coordinates":[[137.08846,34.91787],[137.08852,34.91847],[137.08858,34.91894],[137.08861,34.91925],[137.08869,34.9197],[137.08873,34.91993],[137.08874,34.92006],[137.08876,34.92026],[137.08885,34.92098],[137.08886,34.92106],[137.08889,34.92132],[137.08896,34.92186],[137.08896,34.92198],[137.08907,34.92279],[137.08909,34.92296],[137.08911,34.92316],[137.08915,34.92341],[137.08924,34.92419],[137.08929,34.92463],[137.08939,34.92544],[137.08942,34.92569],[137.08943,34.92586],[137.08945,34.92607],[137.08954,34.92678],[137.08961,34.92725]]},"properties":{"N02_001":"12","N02_002":"4","N02_003":"西尾線","N02_004":"名古屋鉄道"}},{"type":"Feature","geometry":{"type":"LineString","coordinates":[[137.08846,34.91787],[137.08829,34.91717]]},"properties":{"N02_001":"12","N02_002":"4","N02_003":"西尾線","N02_004":"名古屋鉄道"}},{"type":"Feature","geometry":{"type":"LineString","coordinates":[[137.09086,34.93752],[137.09108,34.9392],[137.0912,34.94028],[137.09122,34.94047],[137.09126,34.94079],[137.09133,34.9413],[137.09142,34.94217],[137.09154,34.94309],[137.09168,34.94424],[137.09174,34.9448],[137.09183,34.94553],[137.09193,34.94634],[137.09209,34.94759],[137.0921,34.94773],[137.09222,34.94864],[137.09242,34.95023],[137.09257,34.95158]]},"properties":{"N02_001":"12","N02_002":"4","N02_003":"西尾線","N02_004":"名古屋鉄道"}},{"type":"Feature","geometry":{"type":"LineString","coordinates":[[137.08961,34.92725],[137.08963,34.92746],[137.08971,34.92814]]},"properties":{"N02_001":"12","N02_002":"4","N02_003":"西尾線","N02_004":"名古屋鉄道"}},{"type":"Feature","geometry":{"type":"LineString","coordinates":[[137.09222,34.96432],[137.09208,34.96497]]},"properties":{"N02_001":"12","N02_002":"4","N02_003":"西尾線","N02_004":"名古屋鉄道"}},{"type":"Feature","geometry":{"type":"LineString","coordinates":[[137.09265,34.95235],[137.09277,34.95342],[137.09292,34.95468],[137.09292,34.95471],[137.09302,34.95558],[137.09304,34.95578],[137.09306,34.95595],[137.09308,34.95612],[137.09313,34.95657],[137.09318,34.95699],[137.09325,34.95746],[137.093279,34.95773],[137.09329,34.95783],[137.09329,34.95799],[137.09328,34.95825],[137.09324,34.95861],[137.09321,34.95888],[137.09322,34.95897],[137.09318,34.95923],[137.09315,34.95938],[137.09296,34.96042],[137.09273,34.96163],[137.09268,34.96189],[137.09249,34.9629],[137.09244,34.96312],[137.09239,34.96341],[137.09234,34.96372],[137.09222,34.96432]]},"properties":{"N02_001":"12","N02_002":"4","N02_003":"西尾線","N02_004":"名古屋鉄道"}},{"type":"Feature","geometry":{"type":"LineString","coordinates":[[137.08971,34.92814],[137.09002,34.93054],[137.09004,34.93068],[137.09006,34.93079],[137.09019,34.9319],[137.0902,34.93195],[137.09027,34.93249],[137.09045,34.93392],[137.09048,34.93412],[137.09057,34.93485],[137.09069,34.93576],[137.09072,34.936086],[137.09072,34.93609],[137.09081,34.93688]]},"properties":{"N02_001":"12","N02_002":"4","N02_003":"西尾線","N02_004":"名古屋鉄道"}},{"type":"Feature","geometry":{"type":"LineString","coordinates":[[137.09208,34.96497],[137.09202,34.96528],[137.09177,34.96656],[137.09169,34.96693],[137.09166,34.96708],[137.0914,34.96845],[137.09138,34.96854],[137.09123,34.96934],[137.09112,34.96988],[137.09096,34.97073],[137.09095,34.9708],[137.09081,34.97153],[137.09078,34.97171],[137.09034,34.9739],[137.09003,34.97539],[137.09,34.97553],[137.08964,34.97728],[137.08962,34.97737],[137.0896,34.97744],[137.0896,34.97746],[137.08959,34.97751],[137.08943,34.97826],[137.08922,34.97919],[137.08909,34.97974],[137.08902,34.98007],[137.08899,34.98017],[137.08891,34.98051],[137.08874,34.98123],[137.08862,34.98172],[137.08861,34.98182],[137.08858,34.98192],[137.08851,34.98225],[137.08828,34.98324],[137.08821,34.98352],[137.08809,34.98406],[137.08796,34.98453],[137.08793,34.98465],[137.08786,34.98488],[137.08783,34.98498],[137.08774,34.98519],[137.08763,34.98541],[137.0875,34.98559],[137.08736,34.98575],[137.087,34.98612]]},"properties":{"N02_001":"12","N02_002":"4","N02_003":"西尾線","N02_004":"名古屋鉄道"}},{"type":"Feature","geometry":{"type":"LineString","coordinates":[[137.09081,34.93688],[137.09084,34.9372],[137.09086,34.93752]]},"properties":{"N02_001":"12","N02_002":"4","N02_003":"西尾線","N02_004":"名古屋鉄道"}},{"type":"Feature","geometry":{"type":"LineString","coordinates":[[137.09257,34.95158],[137.09258,34.9517],[137.09261,34.95199],[137.09265,34.95235]]},"properties":{"N02_001":"12","N02_002":"4","N02_003":"西尾線","N02_004":"名古屋鉄道"}},{"type":"Feature","geometry":{"type":"LineString","coordinates":[[137.05757,34.86355],[137.05725,34.86311],[137.0567,34.86235],[137.05664,34.86227],[137.0559,34.86127],[137.05569,34.861],[137.05546,34.86068],[137.05523,34.86037],[137.05503,34.8601],[137.05477,34.85975],[137.0545,34.85938],[137.05419,34.85897],[137.05375,34.85836],[137.05339,34.85788],[137.05252,34.85669],[137.05175,34.85568],[137.05133,34.85509],[137.05099,34.85462],[137.05071,34.85423],[137.0504,34.85382],[137.05033,34.85373],[137.05004,34.85333],[137.04979,34.853],[137.04961,34.85273],[137.04943,34.85236],[137.04934,34.85205],[137.04926,34.85168],[137.04924,34.85134],[137.04917,34.85071],[137.04909,34.84997],[137.04903,34.8495],[137.04896,34.84859],[137.04889,34.84812],[137.04883,34.84745],[137.04877,34.8468],[137.04868,34.84606],[137.04865,34.84568],[137.04858,34.84505]]},"properties":{"N02_001":"12","N02_002":"4","N02_003":"西尾線","N02_004":"名古屋鉄道"}},{"type":"Feature","geometry":{"type":"LineString","coordinates":[[137.06292,34.87107],[137.06248,34.87041]]},"properties":{"N02_001":"12","N02_002":"4","N02_003":"西尾線","N02_004":"名古屋鉄道"}},{"type":"Feature","geometry":{"type":"LineString","coordinates":[[137.04853,34.84433],[137.04852,34.84422],[137.0485,34.84375],[137.0485,34.84329],[137.04855,34.84297],[137.04862,34.84268],[137.04876,34.84238],[137.04894,34.84205],[137.04913,34.8418],[137.04938,34.84161],[137.04963,34.84146],[137.04993,34.84135],[137.05002,34.84132],[137.05012,34.84129],[137.05052,34.8412],[137.05086,34.84113],[137.05139,34.84105],[137.05201,34.84093],[137.05261,34.84082],[137.05325,34.8407],[137.05414,34.84054],[137.05482,34.84042],[137.05557,34.84027],[137.0561,34.84017],[137.05701,34.83999],[137.05736,34.83994],[137.05803,34.83982],[137.05877,34.83968],[137.05966,34.83953],[137.06004,34.83946],[137.06083,34.83931],[137.06175,34.83917],[137.0625,34.83902],[137.06361,34.83882],[137.06437,34.83868],[137.0648,34.83858],[137.06508,34.8385],[137.0655,34.83837],[137.06605,34.83814],[137.06651,34.8379],[137.06686,34.83773],[137.06733,34.83747],[137.06804,34.83711],[137.0682,34.83702],[137.06847,34.83688],[137.06904,34.83661],[137.06942,34.83642],[137.07018,34.83602],[137.0707,34.83574],[137.07089,34.83562],[137.0711,34.83548],[137.07138,34.83526],[137.07161,34.83507],[137.07173,34.83495],[137.07199,34.83468],[137.07226,34.83433],[137.07245,34.83406],[137.07262,34.83375],[137.07274,34.83342],[137.07282,34.83312],[137.07284,34.83287],[137.07279,34.8326],[137.07258,34.83174],[137.07244,34.83117],[137.07234,34.83078],[137.07225,34.83045]]},"properties":{"N02_001":"12","N02_002":"4","N02_003":"西尾線","N02_004":"名古屋鉄道"}},{"type":"Feature","geometry":{"type":"LineString","coordinates":[[137.07203,34.82979],[137.07225,34.83045]]},"properties":{"N02_001":"12","N02_002":"4","N02_003":"西尾線","N02_004":"名古屋鉄道"}},{"type":"Feature","geometry":{"type":"LineString","coordinates":[[137.06248,34.87041],[137.06215,34.86995],[137.06182,34.86947],[137.06133,34.8688],[137.0612,34.86861],[137.06082,34.86807],[137.05997,34.86688],[137.05933,34.86599],[137.05852,34.86485],[137.05811,34.86429]]},"properties":{"N02_001":"12","N02_002":"4","N02_003":"西尾線","N02_004":"名古屋鉄道"}},{"type":"Feature","geometry":{"type":"LineString","coordinates":[[137.07101,34.79455],[137.0709,34.79471],[137.07084,34.79486],[137.07073,34.79515],[137.07017,34.79682],[137.0701,34.797],[137.06975,34.79807],[137.06937,34.79921],[137.06915,34.79986],[137.06867,34.80128],[137.06835,34.80224],[137.06797,34.80339],[137.06755,34.80463],[137.06725,34.80551],[137.06702,34.80618],[137.06678,34.80693],[137.06637,34.80822],[137.06624,34.80865],[137.06611,34.8092],[137.06609,34.80966],[137.06611,34.8099],[137.06618,34.81022],[137.06637,34.81091],[137.06644,34.81119],[137.06678,34.81228],[137.06694,34.81279],[137.06741,34.81432],[137.06762,34.81506],[137.0679,34.81603],[137.06823,34.81711],[137.06863,34.81842],[137.06884,34.81915],[137.06914,34.82015],[137.06941,34.82103],[137.06949,34.8213],[137.06992,34.82272],[137.07003,34.82308],[137.07038,34.82426],[137.07086,34.8259],[137.07123,34.82716],[137.0713,34.82735],[137.07163,34.8285],[137.07203,34.82979]]},"properties":{"N02_001":"12","N02_002":"4","N02_003":"西尾線","N02_004":"名古屋鉄道"}},{"type":"Feature","geometry":{"type":"LineString","coordinates":[[137.04858,34.84505],[137.04853,34.84433]]},"properties":{"N02_001":"12","N02_002":"4","N02_003":"西尾線","N02_004":"名古屋鉄道"}},{"type":"Feature","geometry":{"type":"LineString","coordinates":[[137.06255,34.87981],[137.06283,34.87842],[137.06291,34.87805],[137.06307,34.87715],[137.06335,34.87578],[137.0635,34.87497],[137.06362,34.8744],[137.06371,34.87385],[137.06375,34.87335],[137.06372,34.87288],[137.06366,34.87262],[137.06363,34.87244],[137.06356,34.87222],[137.06318,34.87149],[137.06292,34.87107]]},"properties":{"N02_001":"12","N02_002":"4","N02_003":"西尾線","N02_004":"名古屋鉄道"}},{"type":"Feature","geometry":{"type":"LineString","coordinates":[[137.06134,34.89318],[137.06081,34.89253]]},"properties":{"N02_001":"12","N02_002":"4","N02_003":"西尾線","N02_004":"名古屋鉄道"}},{"type":"Feature","geometry":{"type":"LineString","coordinates":[[137.05811,34.86429],[137.05757,34.86355]]},"properties":{"N02_001":"12","N02_002":"4","N02_003":"西尾線","N02_004":"名古屋鉄道"}},{"type":"Feature","geometry":{"type":"LineString","coordinates":[[137.07148,34.79408],[137.07136,34.79416],[137.07125,34.79425],[137.07113,34.79437],[137.07101,34.79455]]},"properties":{"N02_001":"12","N02_002":"4","N02_003":"西尾線","N02_004":"名古屋鉄道"}},{"type":"Feature","geometry":{"type":"LineString","coordinates":[[137.07654,34.90568],[137.07631,34.90549],[137.07622,34.90542],[137.07607,34.9053],[137.07567,34.90498],[137.07505,34.90445],[137.07457,34.90405],[137.07353,34.90321],[137.0727,34.90251],[137.07211,34.90204],[137.0717,34.90171],[137.07144,34.9015],[137.07102,34.90116],[137.07031,34.90055],[137.06954,34.89994],[137.06892,34.89942],[137.06816,34.89881],[137.06785,34.89854],[137.06663,34.89752],[137.06638,34.8973],[137.06577,34.89683],[137.06522,34.89637],[137.06487,34.89607],[137.0642,34.89551],[137.06396,34.89532],[137.063956,34.895317],[137.0634,34.89487],[137.06306,34.89459],[137.06265,34.89425],[137.06218,34.89388],[137.06171,34.89349],[137.06134,34.89318]]},"properties":{"N02_001":"12","N02_002":"4","N02_003":"西尾線","N02_004":"名古屋鉄道"}},{"type":"Feature","geometry":{"type":"LineString","coordinates":[[137.06081,34.89253],[137.06055,34.89217],[137.06039,34.89183],[137.06031,34.89152],[137.06031,34.89126],[137.06032,34.89105],[137.06033,34.89085],[137.06035,34.89065],[137.06037,34.8905],[137.0604,34.89027],[137.06047,34.88986],[137.06074,34.88856],[137.06089,34.8879],[137.06107,34.88701],[137.06112,34.88671],[137.06127,34.88605],[137.06148,34.88504],[137.0617,34.88391],[137.06185,34.88321],[137.06204,34.88223],[137.06226,34.88115],[137.06236,34.88067]]},"properties":{"N02_001":"12","N02_002":"4","N02_003":"西尾線","N02_004":"名古屋鉄道"}},{"type":"Feature","geometry":{"type":"LineString","coordinates":[[137.06236,34.88067],[137.06255,34.87981]]},"properties":{"N02_001":"12","N02_002":"4","N02_003":"西尾線","N02_004":"名古屋鉄道"}},{"type":"Feature","geometry":{"type":"LineString","coordinates":[[136.8631,34.79987],[136.8631,34.79965],[136.86328,34.79813],[136.8635,34.7963],[136.86352,34.79614],[136.86353,34.79603],[136.86362,34.79533],[136.86378,34.79392],[136.86382,34.79359],[136.86389,34.79282],[136.86395,34.79228],[136.86411,34.7906],[136.86433,34.78854],[136.86442,34.7878],[136.86443,34.78775]]},"properties":{"N02_001":"12","N02_002":"4","N02_003":"知多新線","N02_004":"名古屋鉄道"}},{"type":"Feature","geometry":{"type":"LineString","coordinates":[[136.86309,34.80071],[136.86308,34.80029],[136.8631,34.79987]]},"properties":{"N02_001":"12","N02_002":"4","N02_003":"知多新線","N02_004":"名古屋鉄道"}},{"type":"Feature","geometry":{"type":"LineString","coordinates":[[136.86443,34.78775],[136.86454,34.78662]]},"properties":{"N02_001":"12","N02_002":"4","N02_003":"知多新線","N02_004":"名古屋鉄道"}},{"type":"Feature","geometry":{"type":"LineString","coordinates":[[136.86708,34.80749],[136.86654,34.80705]]},"properties":{"N02_001":"12","N02_002":"4","N02_003":"知多新線","N02_004":"名古屋鉄道"}},{"type":"Feature","geometry":{"type":"LineString","coordinates":[[136.86059,34.77199],[136.86055,34.77194],[136.85989,34.77075],[136.85923,34.76952],[136.85853,34.7683],[136.85787,34.76713],[136.85729,34.76612],[136.85699,34.76555],[136.85687,34.76533],[136.85682,34.76514],[136.85671,34.76481],[136.85663,34.76449],[136.8566,34.76424],[136.85657,34.76397],[136.85658,34.76362],[136.85662,34.76309],[136.85664,34.76289],[136.85668,34.76268],[136.85675,34.76239],[136.85687,34.762],[136.85699,34.76172],[136.85718,34.76134],[136.85735,34.76102],[136.85753,34.76071],[136.85773,34.76042],[136.858,34.76008],[136.85836,34.75961],[136.85881,34.75903],[136.85903,34.7587],[136.85929,34.75831],[136.85951,34.75795],[136.85969,34.75759],[136.85981,34.75735],[136.85994,34.75704],[136.86006,34.75671],[136.86013,34.75649],[136.86019,34.75609],[136.86024,34.75569],[136.86029,34.75523],[136.86035,34.75485],[136.86039,34.75465],[136.86044,34.75448],[136.86052,34.75428],[136.86072,34.75381],[136.86084,34.75357],[136.86088,34.75352],[136.86102,34.75327],[136.86129,34.7527],[136.86153,34.75229],[136.86213,34.75143],[136.86234,34.7511],[136.862407,34.751014],[136.86241,34.75101],[136.86281,34.75048],[136.86313,34.75015],[136.86348,34.74971],[136.86384,34.7493],[136.86403,34.7491],[136.86423,34.74889],[136.86427,34.74884],[136.86463,34.74853],[136.8656,34.74791],[136.86665,34.74735],[136.86769,34.74688],[136.86831,34.74665],[136.86956,34.74625],[136.86997,34.74615],[136.87018,34.7461],[136.87094,34.74589],[136.87141,34.74578],[136.87165,34.7457],[136.87206,34.74558],[136.87223,34.74552],[136.87238,34.74548],[136.87291,34.74533],[136.87424,34.74497],[136.87432,34.74495]]},"properties":{"N02_001":"12","N02_002":"4","N02_003":"知多新線","N02_004":"名古屋鉄道"}},{"type":"Feature","geometry":{"type":"LineString","coordinates":[[136.86091,34.77261],[136.86059,34.77199]]},"properties":{"N02_001":"12","N02_002":"4","N02_003":"知多新線","N02_004":"名古屋鉄道"}},{"type":"Feature","geometry":{"type":"LineString","coordinates":[[136.87617,34.74442],[136.87432,34.74495]]},"properties":{"N02_001":"12","N02_002":"4","N02_003":"知多新線","N02_004":"名古屋鉄道"}},{"type":"Feature","geometry":{"type":"LineString","coordinates":[[136.86708,34.80749],[136.86743,34.80779],[136.86776,34.80805],[136.86824,34.80844],[136.86869,34.80882],[136.86925,34.80929],[136.86963,34.80963],[136.87029,34.81025],[136.87079,34.81076],[136.87093,34.81092],[136.87137,34.81142],[136.87149,34.81156],[136.87181,34.81202],[136.87206,34.81237],[136.87287,34.81346],[136.87336,34.81411],[136.873361,34.814111],[136.87355,34.81436],[136.87486,34.81626],[136.875,34.81647],[136.87553,34.81725],[136.87575,34.81752],[136.8761,34.81788],[136.87645,34.81824],[136.87738,34.81903],[136.87796,34.81947],[136.87847,34.81979],[136.87895,34.8201],[136.87942,34.8204],[136.88005,34.82078],[136.88025,34.8209],[136.88104,34.82134],[136.88194,34.82183],[136.88237,34.82203],[136.88287,34.82223],[136.88333,34.82239],[136.883331,34.82239],[136.88342,34.82243],[136.88406,34.82263],[136.88452,34.82278],[136.88498,34.82292],[136.88566,34.82313],[136.88604,34.82324],[136.88626,34.82331],[136.88681,34.82345],[136.88807,34.82383],[136.88925,34.82416],[136.8895,34.82422],[136.89015,34.82441],[136.89087,34.82462],[136.89158,34.8248],[136.89225,34.82495],[136.89268,34.82502],[136.89337,34.82514],[136.89458,34.82531],[136.89539,34.82542],[136.89646,34.8255],[136.89712,34.82553],[136.89774,34.82553],[136.89863,34.82551],[136.89935,34.82548],[136.89993,34.82545],[136.9007,34.82538],[136.90119,34.82532],[136.9017,34.82524],[136.9023,34.82518],[136.9036,34.82503],[136.90491,34.8249],[136.90581,34.8248],[136.90668,34.82471],[136.90743,34.82462],[136.90805,34.82456],[136.90908,34.82444],[136.90995,34.82435],[136.91023,34.82433],[136.91045,34.8243],[136.91114,34.82423],[136.91143,34.8242],[136.91221,34.82414],[136.91286,34.8241],[136.91336,34.82414],[136.91382,34.8242],[136.91421,34.8243],[136.9145,34.82443],[136.91484,34.82456],[136.91514,34.82472],[136.91556,34.82503],[136.9158,34.82522],[136.91612,34.82553],[136.91638,34.8259],[136.9167,34.82639],[136.91704,34.82709]]},"properties":{"N02_001":"12","N02_002":"4","N02_003":"知多新線","N02_004":"名古屋鉄道"}},{"type":"Feature","geometry":{"type":"LineString","coordinates":[[136.91704,34.82709],[136.91694,34.82795],[136.91682,34.82883]]},"properties":{"N02_001":"12","N02_002":"4","N02_003":"知多新線","N02_004":"名古屋鉄道"}},{"type":"Feature","geometry":{"type":"LineString","coordinates":[[136.86654,34.80705],[136.86647,34.807],[136.86627,34.80683],[136.86604,34.80664],[136.86573,34.80635],[136.86549,34.80611],[136.86528,34.80587],[136.86504,34.80561],[136.86472,34.8052],[136.86463,34.80509],[136.8643,34.80465],[136.8641,34.80434],[136.86396,34.80401],[136.86374,34.80349],[136.86359,34.80309],[136.86343,34.80263],[136.86329,34.8021],[136.86323,34.80178],[136.86316,34.80141],[136.86313,34.80123],[136.86312,34.80112],[136.86309,34.80076],[136.86309,34.80071]]},"properties":{"N02_001":"12","N02_002":"4","N02_003":"知多新線","N02_004":"名古屋鉄道"}},{"type":"Feature","geometry":{"type":"LineString","coordinates":[[136.91682,34.82883],[136.91671,34.82982]]},"properties":{"N02_001":"12","N02_002":"4","N02_003":"知多新線","N02_004":"名古屋鉄道"}},{"type":"Feature","geometry":{"type":"LineString","coordinates":[[136.86454,34.78662],[136.86466,34.78551],[136.86473,34.78485],[136.86477,34.78461],[136.86488,34.78353],[136.86495,34.78284],[136.86498,34.78254],[136.86501,34.78214],[136.865,34.78166],[136.86498,34.78133],[136.86496,34.78107],[136.86494,34.78088],[136.86482,34.78019],[136.86474,34.77989],[136.86461,34.7795],[136.86447,34.77911],[136.86435,34.77885],[136.86417,34.77847],[136.86367,34.77756],[136.86294,34.77623],[136.86285,34.77607],[136.86234,34.77515],[136.86167,34.77395],[136.86104,34.77283],[136.86092,34.77264],[136.86091,34.77261]]},"properties":{"N02_001":"12","N02_002":"4","N02_003":"知多新線","N02_004":"名古屋鉄道"}},{"type":"Feature","geometry":{"type":"LineString","coordinates":[[136.89969,35.08912],[136.89972,35.08908],[136.90187,35.08925],[136.9027,35.08933],[136.903435,35.089439],[136.90344,35.08944],[136.90539,35.08972],[136.90752,35.0901],[136.90916,35.09039],[136.90998,35.09055],[136.91043,35.09063],[136.91108,35.09085],[136.91154,35.09113],[136.91173,35.09126],[136.91194,35.09146],[136.91229,35.09189],[136.91246,35.09218],[136.91268,35.09261],[136.9128,35.09282]]},"properties":{"N02_001":"12","N02_002":"4","N02_003":"築港線","N02_004":"名古屋鉄道"}},{"type":"Feature","geometry":{"type":"LineString","coordinates":[[136.89868,35.08906],[136.89969,35.08912]]},"properties":{"N02_001":"12","N02_002":"4","N02_003":"築港線","N02_004":"名古屋鉄道"}},{"type":"Feature","geometry":{"type":"LineString","coordinates":[[136.9128,35.09282],[136.9128,35.09378]]},"properties":{"N02_001":"12","N02_002":"4","N02_003":"築港線","N02_004":"名古屋鉄道"}},{"type":"Feature","geometry":{"type":"LineString","coordinates":[[136.73101,35.17845],[136.73113,35.17761]]},"properties":{"N02_001":"12","N02_002":"4","N02_003":"津島線","N02_004":"名古屋鉄道"}},{"type":"Feature","geometry":{"type":"LineString","coordinates":[[136.73101,35.17845],[136.73081,35.18017],[136.73078,35.18055]]},"properties":{"N02_001":"12","N02_002":"4","N02_003":"津島線","N02_004":"名古屋鉄道"}},{"type":"Feature","geometry":{"type":"LineString","coordinates":[[136.73078,35.18055],[136.73086,35.18131],[136.73091,35.18161],[136.73098,35.1818],[136.73114,35.1821],[136.73132,35.18235],[136.73147,35.18252],[136.73175,35.18278],[136.73189,35.18289],[136.73306,35.1839],[136.73311,35.18394],[136.733113,35.183942],[136.73424,35.1849],[136.734243,35.184902],[136.73485,35.18541],[136.73572,35.18613],[136.73641,35.18674],[136.738058,35.188128],[136.73806,35.18813],[136.73853,35.18852]]},"properties":{"N02_001":"12","N02_002":"4","N02_003":"津島線","N02_004":"名古屋鉄道"}},{"type":"Feature","geometry":{"type":"LineString","coordinates":[[136.75122,35.19564],[136.75277,35.19633],[136.75382,35.19679],[136.75922,35.19919],[136.75968,35.19937],[136.76,35.19947],[136.76039,35.19953],[136.76111,35.19958],[136.7618,35.19956],[136.76263,35.19946],[136.76286,35.19942],[136.762861,35.19942],[136.76298,35.1994],[136.76351,35.1993],[136.7662,35.19883]]},"properties":{"N02_001":"12","N02_002":"4","N02_003":"津島線","N02_004":"名古屋鉄道"}},{"type":"Feature","geometry":{"type":"LineString","coordinates":[[136.80705,35.19582],[136.80874,35.19585],[136.80906,35.19586],[136.81297,35.19594],[136.81453,35.19593],[136.81497,35.19593],[136.81549,35.19592],[136.81885,35.19587],[136.82265,35.19588],[136.8251,35.19595]]},"properties":{"N02_001":"12","N02_002":"4","N02_003":"津島線","N02_004":"名古屋鉄道"}},{"type":"Feature","geometry":{"type":"LineString","coordinates":[[136.76767,35.19858],[136.77077,35.19807],[136.77195,35.19788],[136.7725,35.19779],[136.77531,35.19729],[136.77657,35.19714],[136.77918,35.19682],[136.78219,35.19644],[136.78247,35.19636],[136.7838,35.1959],[136.78467,35.19559],[136.78527,35.19538],[136.78571,35.19527],[136.78596,35.19524],[136.7873,35.19528]]},"properties":{"N02_001":"12","N02_002":"4","N02_003":"津島線","N02_004":"名古屋鉄道"}},{"type":"Feature","geometry":{"type":"LineString","coordinates":[[136.80542,35.19577],[136.80563,35.19577],[136.80576,35.19578],[136.80705,35.19582]]},"properties":{"N02_001":"12","N02_002":"4","N02_003":"津島線","N02_004":"名古屋鉄道"}},{"type":"Feature","geometry":{"type":"LineString","coordinates":[[136.7393,35.18914],[136.73974,35.18949],[136.74014,35.18983],[136.74047,35.19011],[136.74089,35.19046],[136.74151,35.19099],[136.74182,35.19124],[136.74222,35.19156],[136.74262,35.1918],[136.74314,35.19204],[136.74492,35.19284],[136.74693,35.19374],[136.74706,35.1938],[136.74725,35.19365],[136.74802,35.19403],[136.74953,35.19485]]},"properties":{"N02_001":"12","N02_002":"4","N02_003":"津島線","N02_004":"名古屋鉄道"}},{"type":"Feature","geometry":{"type":"LineString","coordinates":[[136.74953,35.19485],[136.75122,35.19564]]},"properties":{"N02_001":"12","N02_002":"4","N02_003":"津島線","N02_004":"名古屋鉄道"}},{"type":"Feature","geometry":{"type":"LineString","coordinates":[[136.7662,35.19883],[136.76767,35.19858]]},"properties":{"N02_001":"12","N02_002":"4","N02_003":"津島線","N02_004":"名古屋鉄道"}},{"type":"Feature","geometry":{"type":"LineString","coordinates":[[136.84497,35.19937],[136.84654,35.19849]]},"properties":{"N02_001":"12","N02_002":"4","N02_003":"津島線","N02_004":"名古屋鉄道"}},{"type":"Feature","geometry":{"type":"LineString","coordinates":[[136.7873,35.19528],[136.78872,35.19532]]},"properties":{"N02_001":"12","N02_002":"4","N02_003":"津島線","N02_004":"名古屋鉄道"}},{"type":"Feature","geometry":{"type":"LineString","coordinates":[[136.78872,35.19532],[136.79043,35.19537],[136.79083,35.19538],[136.79383,35.19546],[136.80152,35.19567],[136.80217,35.19568],[136.80542,35.19577]]},"properties":{"N02_001":"12","N02_002":"4","N02_003":"津島線","N02_004":"名古屋鉄道"}},{"type":"Feature","geometry":{"type":"LineString","coordinates":[[136.73853,35.18852],[136.7393,35.18914]]},"properties":{"N02_001":"12","N02_002":"4","N02_003":"津島線","N02_004":"名古屋鉄道"}},{"type":"Feature","geometry":{"type":"LineString","coordinates":[[136.84472,35.19948],[136.84497,35.19937]]},"properties":{"N02_001":"12","N02_002":"4","N02_003":"津島線","N02_004":"名古屋鉄道"}},{"type":"Feature","geometry":{"type":"LineString","coordinates":[[136.82661,35.19596],[136.83077,35.19601],[136.83364,35.19608],[136.83528,35.19611],[136.83555,35.19615],[136.83586,35.19621],[136.83624,35.19633],[136.83743,35.19682],[136.83766,35.19693],[136.837663,35.196931],[136.838,35.19708],[136.8408,35.19854],[136.84111,35.19872],[136.84226,35.19934],[136.84271,35.19953],[136.84304,35.19963],[136.84337,35.19967],[136.84369,35.19968],[136.84416,35.19962],[136.84472,35.19948]]},"properties":{"N02_001":"12","N02_002":"4","N02_003":"津島線","N02_004":"名古屋鉄道"}},{"type":"Feature","geometry":{"type":"LineString","coordinates":[[136.8251,35.19595],[136.82661,35.19596]]},"properties":{"N02_001":"12","N02_002":"4","N02_003":"津島線","N02_004":"名古屋鉄道"}},{"type":"Feature","geometry":{"type":"LineString","coordinates":[[136.76078,35.32447],[136.76142,35.32423]]},"properties":{"N02_001":"12","N02_002":"4","N02_003":"尾西線","N02_004":"名古屋鉄道"}},{"type":"Feature","geometry":{"type":"LineString","coordinates":[[136.75776,35.33464],[136.7577,35.33459],[136.75741,35.33438],[136.75716,35.33417],[136.75697,35.33401],[136.75684,35.33387],[136.75669,35.33368],[136.75642,35.33319],[136.7563,35.33289],[136.75626,35.3327],[136.75624,35.33262],[136.75622,35.33244],[136.75622,35.33196],[136.75622,35.33183],[136.75624,35.33069],[136.75624,35.33054],[136.75625,35.33009],[136.75627,35.32887],[136.7563,35.32771],[136.75634,35.3274],[136.75638,35.32724],[136.75642,35.32716],[136.75662,35.32679],[136.75666,35.32673],[136.75669,35.32667],[136.7569,35.32638],[136.75694,35.32633],[136.75701,35.32626],[136.75726,35.32603],[136.75749,35.32586],[136.75769,35.32573],[136.7578,35.32567],[136.75821,35.32549],[136.75831,35.32545],[136.7586,35.32533],[136.75911,35.32513],[136.75964,35.32492],[136.76001,35.32476],[136.76062,35.32453],[136.76078,35.32447]]},"properties":{"N02_001":"12","N02_002":"4","N02_003":"尾西線","N02_004":"名古屋鉄道"}},{"type":"Feature","geometry":{"type":"LineString","coordinates":[[136.75818,35.33505],[136.75776,35.33464]]},"properties":{"N02_001":"12","N02_002":"4","N02_003":"尾西線","N02_004":"名古屋鉄道"}},{"type":"Feature","geometry":{"type":"LineString","coordinates":[[136.7269,35.1146],[136.72479,35.11353]]},"properties":{"N02_001":"12","N02_002":"4","N02_003":"尾西線","N02_004":"名古屋鉄道"}},{"type":"Feature","geometry":{"type":"LineString","coordinates":[[136.72479,35.11353],[136.72455,35.1134]]},"properties":{"N02_001":"12","N02_002":"4","N02_003":"尾西線","N02_004":"名古屋鉄道"}},{"type":"Feature","geometry":{"type":"LineString","coordinates":[[136.73709,35.24798],[136.7376,35.24961],[136.73763,35.24972],[136.73788,35.25046],[136.73791,35.25056],[136.73815,35.25137],[136.7386,35.25303],[136.73866,35.25322],[136.73875,35.25361],[136.7391,35.25506],[136.73935,35.25608]]},"properties":{"N02_001":"12","N02_002":"4","N02_003":"尾西線","N02_004":"名古屋鉄道"}},{"type":"Feature","geometry":{"type":"LineString","coordinates":[[136.72885,35.16403],[136.72931,35.1648],[136.72966,35.16545],[136.72992,35.16598],[136.7301,35.16635],[136.73036,35.16699],[136.7304,35.16717],[136.730458,35.167354],[136.73046,35.16736],[136.73052,35.16759],[136.7306,35.16793],[136.73069,35.16856],[136.7307,35.16893],[136.7307,35.16989],[136.73061,35.17176],[136.7306,35.17215],[136.73055,35.1728],[136.73053,35.17298],[136.73048,35.17447],[136.73048,35.17495],[136.73055,35.17527],[136.73058,35.17535],[136.73066,35.17564],[136.73096,35.17666],[136.73108,35.17719],[136.7311,35.17728],[136.73111,35.17738],[136.73113,35.17761]]},"properties":{"N02_001":"12","N02_002":"4","N02_003":"尾西線","N02_004":"名古屋鉄道"}},{"type":"Feature","geometry":{"type":"LineString","coordinates":[[136.7324,35.23354],[136.73231,35.23325],[136.7318,35.23158],[136.73129,35.22994],[136.73118,35.2296],[136.73049,35.22738],[136.73013,35.22627],[136.73009,35.22613],[136.7299,35.2255],[136.72958,35.22441],[136.72956,35.22433],[136.72944,35.22397],[136.72911,35.22283]]},"properties":{"N02_001":"12","N02_002":"4","N02_003":"尾西線","N02_004":"名古屋鉄道"}},{"type":"Feature","geometry":{"type":"LineString","coordinates":[[136.72936,35.20259],[136.72938,35.20264],[136.72958,35.20324],[136.72968,35.20375],[136.72971,35.20398],[136.72972,35.20454],[136.72969,35.20489],[136.72966,35.20508],[136.72961,35.20525],[136.72948,35.20576],[136.72948,35.205761],[136.72941,35.20602],[136.72935,35.20624],[136.72931,35.20644],[136.72918,35.2069],[136.72916,35.20701],[136.72914,35.20702],[136.72873,35.20865],[136.72853,35.20944],[136.7284,35.20993],[136.72824,35.21053],[136.7282,35.21072],[136.72805,35.21133],[136.72784,35.2121],[136.72745,35.21361]]},"properties":{"N02_001":"12","N02_002":"4","N02_003":"尾西線","N02_004":"名古屋鉄道"}},{"type":"Feature","geometry":{"type":"LineString","coordinates":[[136.78648,35.28988],[136.78585,35.28955]]},"properties":{"N02_001":"12","N02_002":"4","N02_003":"尾西線","N02_004":"名古屋鉄道"}},{"type":"Feature","geometry":{"type":"LineString","coordinates":[[136.72455,35.1134],[136.72402,35.1133],[136.72387,35.11329],[136.72365,35.11325],[136.72335,35.11324],[136.72291,35.11325],[136.72248,35.11328],[136.72202,35.11338],[136.72162,35.11352],[136.72128,35.11366],[136.72102,35.11381],[136.72079,35.11397],[136.72048,35.11423],[136.72015,35.11448],[136.7191,35.11532],[136.71771,35.11638],[136.71751,35.11653],[136.71664,35.11723],[136.71602,35.11783],[136.71568,35.11818],[136.71541,35.11851],[136.7152,35.11879],[136.7144,35.1201],[136.71439,35.12014],[136.71385,35.12107],[136.7138,35.12114],[136.71269,35.12311],[136.71237,35.12368],[136.71157,35.12501],[136.71126,35.12569],[136.71111,35.12618],[136.71103,35.12665],[136.71103,35.1269],[136.71103,35.12703],[136.71103,35.12741],[136.71105,35.12752],[136.71105,35.127523],[136.71108,35.12777],[136.71129,35.12868],[136.711291,35.128684],[136.71136,35.12898]]},"properties":{"N02_001":"12","N02_002":"4","N02_003":"尾西線","N02_004":"名古屋鉄道"}},{"type":"Feature","geometry":{"type":"LineString","coordinates":[[136.75751,35.27691],[136.7579,35.27743]]},"properties":{"N02_001":"12","N02_002":"4","N02_003":"尾西線","N02_004":"名古屋鉄道"}},{"type":"Feature","geometry":{"type":"LineString","coordinates":[[136.76543,35.28369],[136.76595,35.28383]]},"properties":{"N02_001":"12","N02_002":"4","N02_003":"尾西線","N02_004":"名古屋鉄道"}},{"type":"Feature","geometry":{"type":"LineString","coordinates":[[136.77384,35.31942],[136.77437,35.31912]]},"properties":{"N02_001":"12","N02_002":"4","N02_003":"尾西線","N02_004":"名古屋鉄道"}},{"type":"Feature","geometry":{"type":"LineString","coordinates":[[136.72887,35.22222],[136.72911,35.22283]]},"properties":{"N02_001":"12","N02_002":"4","N02_003":"尾西線","N02_004":"名古屋鉄道"}},{"type":"Feature","geometry":{"type":"LineString","coordinates":[[136.77384,35.31942],[136.77372,35.3195],[136.77362,35.31956],[136.77321,35.31975],[136.7731,35.3198],[136.77212,35.32017],[136.77165,35.32034],[136.77115,35.32053],[136.77049,35.32077],[136.77008,35.32093],[136.76948,35.32115],[136.7692,35.32126],[136.76868,35.32145],[136.76823,35.32162],[136.76796,35.32172],[136.76774,35.3218],[136.76727,35.32199],[136.76651,35.32228],[136.76633,35.32235],[136.76588,35.32253],[136.76553,35.32266],[136.76493,35.32288],[136.76434,35.32311],[136.76403,35.32323],[136.76334,35.32349],[136.76297,35.32363],[136.76262,35.32377],[136.76218,35.32394],[136.76199,35.32401],[136.76142,35.32423]]},"properties":{"N02_001":"12","N02_002":"4","N02_003":"尾西線","N02_004":"名古屋鉄道"}},{"type":"Feature","geometry":{"type":"LineString","coordinates":[[136.79614,35.30382],[136.79604,35.30399],[136.79586,35.30426],[136.79571,35.30447],[136.79552,35.30471],[136.79538,35.30485],[136.79527,35.30494],[136.79499,35.30521],[136.79262,35.3071],[136.79246,35.30723]]},"properties":{"N02_001":"12","N02_002":"4","N02_003":"尾西線","N02_004":"名古屋鉄道"}},{"type":"Feature","geometry":{"type":"LineString","coordinates":[[136.79632,35.30343],[136.79614,35.30382]]},"properties":{"N02_001":"12","N02_002":"4","N02_003":"尾西線","N02_004":"名古屋鉄道"}},{"type":"Feature","geometry":{"type":"LineString","coordinates":[[136.7779,35.28705],[136.77861,35.28723]]},"properties":{"N02_001":"12","N02_002":"4","N02_003":"尾西線","N02_004":"名古屋鉄道"}},{"type":"Feature","geometry":{"type":"LineString","coordinates":[[136.73101,35.17845],[136.73113,35.17761]]},"properties":{"N02_001":"12","N02_002":"4","N02_003":"尾西線","N02_004":"名古屋鉄道"}},{"type":"Feature","geometry":{"type":"LineString","coordinates":[[136.79871,35.29859],[136.79874,35.29843],[136.79878,35.29823],[136.79878,35.29797],[136.79876,35.29779],[136.79872,35.29756],[136.79868,35.2974],[136.79863,35.29722],[136.79856,35.29707],[136.79838,35.29674],[136.79823,35.29655],[136.79812,35.29642],[136.79803,35.29633],[136.79784,35.29615],[136.7976,35.29598],[136.79723,35.29576],[136.79661,35.29541],[136.78905,35.29127],[136.78806,35.29072],[136.78679,35.29005],[136.78668,35.28999],[136.78656,35.28992],[136.78648,35.28988]]},"properties":{"N02_001":"12","N02_002":"4","N02_003":"尾西線","N02_004":"名古屋鉄道"}},{"type":"Feature","geometry":{"type":"LineString","coordinates":[[136.79763,35.30074],[136.79813,35.29976],[136.79851,35.29901],[136.79862,35.2988],[136.79871,35.29859]]},"properties":{"N02_001":"12","N02_002":"4","N02_003":"尾西線","N02_004":"名古屋鉄道"}},{"type":"Feature","geometry":{"type":"LineString","coordinates":[[136.72726,35.21428],[136.72715,35.21457],[136.72708,35.21479],[136.72704,35.2149],[136.72698,35.21516],[136.72699,35.2159],[136.72705,35.21634],[136.72715,35.2167],[136.72761,35.21815],[136.72781,35.21881],[136.72812,35.21983],[136.72814,35.21989],[136.728141,35.219894],[136.72881,35.22206],[136.72887,35.22222]]},"properties":{"N02_001":"12","N02_002":"4","N02_003":"尾西線","N02_004":"名古屋鉄道"}},{"type":"Feature","geometry":{"type":"LineString","coordinates":[[136.73709,35.24798],[136.73682,35.24724]]},"properties":{"N02_001":"12","N02_002":"4","N02_003":"尾西線","N02_004":"名古屋鉄道"}},{"type":"Feature","geometry":{"type":"LineString","coordinates":[[136.71136,35.12898],[136.71151,35.12971]]},"properties":{"N02_001":"12","N02_002":"4","N02_003":"尾西線","N02_004":"名古屋鉄道"}},{"type":"Feature","geometry":{"type":"LineString","coordinates":[[136.71708,35.14808],[136.7178,35.14903],[136.71823,35.1496],[136.71945,35.15127],[136.72103,35.15343],[136.72142,35.15396],[136.72204,35.15479],[136.72267,35.15566],[136.72328,35.15648],[136.72419,35.15771],[136.7244,35.15799],[136.72508,35.1589],[136.72617,35.16037],[136.72672,35.16111],[136.72757,35.16226],[136.72811,35.163],[136.72835,35.16332]]},"properties":{"N02_001":"12","N02_002":"4","N02_003":"尾西線","N02_004":"名古屋鉄道"}},{"type":"Feature","geometry":{"type":"LineString","coordinates":[[136.75751,35.27691],[136.75677,35.27598],[136.75668,35.27587],[136.75661,35.27579],[136.75659,35.27577],[136.75647,35.27563],[136.75619,35.27528],[136.75592,35.27492],[136.75502,35.2738],[136.75483,35.27357],[136.75478,35.27351],[136.75462,35.27329],[136.75447,35.27309],[136.75412,35.27266],[136.75395,35.27245],[136.75371,35.27215],[136.75355,35.271963],[136.75294,35.27125],[136.75234,35.27056],[136.75191,35.27007],[136.75169,35.26986],[136.75107,35.26929],[136.75053,35.26875],[136.75044,35.26866],[136.75021,35.26844],[136.75,35.26823],[136.74974,35.26798],[136.74897,35.26723],[136.74867,35.26693],[136.74824,35.26655],[136.74808,35.26641]]},"properties":{"N02_001":"12","N02_002":"4","N02_003":"尾西線","N02_004":"名古屋鉄道"}},{"type":"Feature","geometry":{"type":"LineString","coordinates":[[136.72726,35.21428],[136.72745,35.21361]]},"properties":{"N02_001":"12","N02_002":"4","N02_003":"尾西線","N02_004":"名古屋鉄道"}},{"type":"Feature","geometry":{"type":"LineString","coordinates":[[136.73264,35.23421],[136.73327,35.23618],[136.73331,35.23629],[136.73364,35.23728],[136.73403,35.23856],[136.73405,35.23859],[136.73463,35.24041],[136.73515,35.24208],[136.73541,35.24286],[136.73566,35.24364],[136.73599,35.24466],[136.7361,35.24501],[136.73614,35.24516],[136.73626,35.2455],[136.73655,35.24644],[136.73682,35.24724]]},"properties":{"N02_001":"12","N02_002":"4","N02_003":"尾西線","N02_004":"名古屋鉄道"}},{"type":"Feature","geometry":{"type":"LineString","coordinates":[[136.73078,35.18055],[136.73074,35.18075],[136.7306,35.18131],[136.73056,35.18147],[136.73042,35.18199],[136.73039,35.18212],[136.7302,35.18289],[136.73019,35.18296],[136.73015,35.18311],[136.73011,35.18327],[136.73,35.18368],[136.72991,35.18395],[136.7298,35.18421],[136.72971,35.18444],[136.72958,35.18475],[136.72931,35.18533],[136.72906,35.18584],[136.72904,35.18587],[136.72899,35.18599],[136.72873,35.18652],[136.72844,35.18711],[136.72834,35.18732],[136.7281,35.1878],[136.72807,35.18784],[136.7277,35.18859],[136.72768,35.18864],[136.727622,35.188755],[136.72762,35.18876],[136.72761,35.18879],[136.72728,35.18944]]},"properties":{"N02_001":"12","N02_002":"4","N02_003":"尾西線","N02_004":"名古屋鉄道"}},{"type":"Feature","geometry":{"type":"LineString","coordinates":[[136.73101,35.17845],[136.73081,35.18017],[136.73078,35.18055]]},"properties":{"N02_001":"12","N02_002":"4","N02_003":"尾西線","N02_004":"名古屋鉄道"}},{"type":"Feature","geometry":{"type":"LineString","coordinates":[[136.79246,35.30723],[136.79182,35.30774]]},"properties":{"N02_001":"12","N02_002":"4","N02_003":"尾西線","N02_004":"名古屋鉄道"}},{"type":"Feature","geometry":{"type":"LineString","coordinates":[[136.79182,35.30774],[136.78709,35.31151],[136.78644,35.31201],[136.7859,35.31238],[136.78519,35.31279],[136.78356,35.31372],[136.78264,35.31423],[136.78234,35.31441],[136.78187,35.31467],[136.7813,35.31501],[136.78114,35.31511],[136.78097,35.31521],[136.7807,35.31537],[136.7805,35.31549],[136.78027,35.31563],[136.77927,35.3162],[136.77914,35.31628],[136.77875,35.31651],[136.77831,35.31677],[136.77801,35.31694],[136.77729,35.31737],[136.7762,35.31799],[136.77613,35.31803],[136.77595,35.31814],[136.77571,35.31829],[136.77508,35.31867],[136.77475,35.31887],[136.77437,35.31912]]},"properties":{"N02_001":"12","N02_002":"4","N02_003":"尾西線","N02_004":"名古屋鉄道"}},{"type":"Feature","geometry":{"type":"LineString","coordinates":[[136.71629,35.14702],[136.71708,35.14808]]},"properties":{"N02_001":"12","N02_002":"4","N02_003":"尾西線","N02_004":"名古屋鉄道"}},{"type":"Feature","geometry":{"type":"LineString","coordinates":[[136.77861,35.28723],[136.77874,35.28727],[136.77898,35.28734],[136.77969,35.28754],[136.78047,35.28777],[136.78054,35.28779],[136.78083,35.28788],[136.78091,35.2879],[136.78097,35.28791],[136.78128,35.28799],[136.78178,35.28813],[136.78214,35.28823],[136.78361,35.28863],[136.78434,35.28885],[136.78467,35.28896],[136.78504,35.28912],[136.78574,35.28949],[136.78585,35.28955]]},"properties":{"N02_001":"12","N02_002":"4","N02_003":"尾西線","N02_004":"名古屋鉄道"}},{"type":"Feature","geometry":{"type":"LineString","coordinates":[[136.72691,35.19017],[136.72685,35.19028],[136.72677,35.19044],[136.72663,35.19071],[136.72653,35.19092],[136.72633,35.19138],[136.72618,35.19179],[136.72611,35.19199],[136.72591,35.19267],[136.72583,35.19307],[136.72575,35.19368],[136.72576,35.19434],[136.72583,35.19484],[136.72591,35.19545],[136.72592,35.1955],[136.7261,35.19602],[136.72617,35.19625],[136.72631,35.19665],[136.72644,35.1969],[136.72682,35.19765],[136.72692,35.19785],[136.72692,35.197851],[136.72696,35.19794],[136.72702,35.19806],[136.72729,35.19858],[136.7281,35.20017],[136.72835,35.20066],[136.72842,35.2008],[136.72895,35.20184]]},"properties":{"N02_001":"12","N02_002":"4","N02_003":"尾西線","N02_004":"名古屋鉄道"}},{"type":"Feature","geometry":{"type":"LineString","coordinates":[[136.79632,35.30343],[136.79763,35.30074]]},"properties":{"N02_001":"12","N02_002":"4","N02_003":"尾西線","N02_004":"名古屋鉄道"}},{"type":"Feature","geometry":{"type":"LineString","coordinates":[[136.72728,35.18944],[136.72692,35.19014],[136.72691,35.19017]]},"properties":{"N02_001":"12","N02_002":"4","N02_003":"尾西線","N02_004":"名古屋鉄道"}},{"type":"Feature","geometry":{"type":"LineString","coordinates":[[136.71151,35.12971],[136.71159,35.13004],[136.71167,35.13039],[136.71167,35.130392],[136.71169,35.1305],[136.71223,35.13299],[136.71235,35.13356],[136.71284,35.13573],[136.71288,35.13589],[136.71313,35.1371],[136.71333,35.13798],[136.71375,35.13987],[136.71404,35.14121],[136.71439,35.14287],[136.71443,35.14303],[136.71477,35.14441],[136.71496,35.14492],[136.71499,35.145],[136.71512,35.1453],[136.71523,35.14553],[136.71535,35.14574],[136.71559,35.14608],[136.71618,35.14687],[136.71629,35.14702]]},"properties":{"N02_001":"12","N02_002":"4","N02_003":"尾西線","N02_004":"名古屋鉄道"}},{"type":"Feature","geometry":{"type":"LineString","coordinates":[[136.73264,35.23421],[136.7324,35.23354]]},"properties":{"N02_001":"12","N02_002":"4","N02_003":"尾西線","N02_004":"名古屋鉄道"}},{"type":"Feature","geometry":{"type":"LineString","coordinates":[[136.72936,35.20259],[136.72895,35.20184]]},"properties":{"N02_001":"12","N02_002":"4","N02_003":"尾西線","N02_004":"名古屋鉄道"}},{"type":"Feature","geometry":{"type":"LineString","coordinates":[[136.74752,35.26598],[136.74808,35.26641]]},"properties":{"N02_001":"12","N02_002":"4","N02_003":"尾西線","N02_004":"名古屋鉄道"}},{"type":"Feature","geometry":{"type":"LineString","coordinates":[[136.73935,35.25608],[136.73954,35.2568]]},"properties":{"N02_001":"12","N02_002":"4","N02_003":"尾西線","N02_004":"名古屋鉄道"}},{"type":"Feature","geometry":{"type":"LineString","coordinates":[[136.73954,35.2568],[136.73966,35.25751],[136.7398,35.25832],[136.73981,35.25835],[136.739811,35.258353],[136.73994,35.25897],[136.74004,35.25942],[136.74005,35.25944],[136.74031,35.26041],[136.74044,35.26087],[136.74057,35.26123],[136.74068,35.26147],[136.74091,35.2619],[136.7411,35.26222],[136.74132,35.26254],[136.74151,35.26275],[136.7417,35.26294],[136.74194,35.26316],[136.74218,35.26336],[136.74241,35.26352],[136.74265,35.2637],[136.74288,35.26384],[136.74311,35.26397],[136.74342,35.26411],[136.7437,35.26424],[136.74421,35.26447],[136.74545,35.26502],[136.74706,35.26572],[136.74752,35.26598]]},"properties":{"N02_001":"12","N02_002":"4","N02_003":"尾西線","N02_004":"名古屋鉄道"}},{"type":"Feature","geometry":{"type":"LineString","coordinates":[[136.72835,35.16332],[136.72885,35.16403]]},"properties":{"N02_001":"12","N02_002":"4","N02_003":"尾西線","N02_004":"名古屋鉄道"}},{"type":"Feature","geometry":{"type":"LineString","coordinates":[[136.76595,35.28383],[136.76625,35.28391],[136.76653,35.284],[136.767,35.28413],[136.76737,35.28424],[136.76784,35.28437],[136.76814,35.28445],[136.77053,35.28509],[136.77062,35.28512],[136.77121,35.28528],[136.77161,35.28539],[136.77186,35.28545],[136.77225,35.28556],[136.77282,35.28571],[136.77291,35.28574],[136.77317,35.2858],[136.77338,35.28585],[136.7739,35.286],[136.77429,35.2861],[136.77471,35.2862],[136.77512,35.28632],[136.77543,35.28639],[136.77591,35.28652],[136.77699,35.28681],[136.77736,35.28691],[136.77765,35.28698],[136.7779,35.28705]]},"properties":{"N02_001":"12","N02_002":"4","N02_003":"尾西線","N02_004":"名古屋鉄道"}},{"type":"Feature","geometry":{"type":"LineString","coordinates":[[136.7579,35.27743],[136.75792,35.27746],[136.7585,35.2782],[136.7589,35.27871],[136.75913,35.279],[136.75962,35.27965],[136.7598,35.27986],[136.7601,35.28026],[136.76028,35.28046],[136.76069,35.281],[136.76104,35.2814],[136.76126,35.28164],[136.76155,35.28193],[136.76205,35.28232],[136.76214,35.28238],[136.76231,35.28249],[136.76252,35.28262],[136.76276,35.28275],[136.76298,35.28287],[136.7632,35.28298],[136.76341,35.28306],[136.76397,35.28327],[136.76413,35.28333],[136.76492,35.28356],[136.76515,35.28362],[136.76543,35.28369]]},"properties":{"N02_001":"12","N02_002":"4","N02_003":"尾西線","N02_004":"名古屋鉄道"}},{"type":"Feature","geometry":{"type":"LineString","coordinates":[[137.32843,34.83708],[137.32785,34.83782]]},"properties":{"N02_001":"21","N02_002":"4","N02_003":"豊川線","N02_004":"名古屋鉄道"}},{"type":"Feature","geometry":{"type":"LineString","coordinates":[[137.3957,34.82146],[137.39565,34.8214],[137.39527,34.821],[137.39505,34.82071],[137.39485,34.82038],[137.39463,34.81999],[137.39434,34.81937],[137.39418,34.8191],[137.39405,34.81891],[137.39387,34.81875],[137.39358,34.81854],[137.39335,34.81839],[137.393,34.81818],[137.39258,34.81799],[137.39226,34.81787],[137.3917,34.81772],[137.39132,34.8177],[137.39101,34.81769],[137.39057,34.81774],[137.39007,34.81783],[137.38941,34.81799],[137.38877,34.81816],[137.38835,34.81826]]},"properties":{"N02_001":"21","N02_002":"4","N02_003":"豊川線","N02_004":"名古屋鉄道"}},{"type":"Feature","geometry":{"type":"LineString","coordinates":[[137.39622,34.82208],[137.3957,34.82146]]},"properties":{"N02_001":"21","N02_002":"4","N02_003":"豊川線","N02_004":"名古屋鉄道"}},{"type":"Feature","geometry":{"type":"LineString","coordinates":[[137.37008,34.82369],[137.36976,34.82382],[137.3693,34.82402],[137.3689,34.82419],[137.36851,34.82436],[137.36788,34.82463],[137.36751,34.8248],[137.36712,34.82497],[137.36667,34.82516],[137.36627,34.82533],[137.36596,34.82547],[137.36552,34.82565],[137.36507,34.82585],[137.36452,34.82609],[137.36409,34.82628],[137.36364,34.82649],[137.36339,34.82661],[137.36322,34.82668],[137.36315,34.82671],[137.36288,34.82683],[137.36239,34.82706],[137.36217,34.82717],[137.36185,34.82732],[137.36181,34.82734],[137.36152,34.82746],[137.36119,34.8276],[137.3609,34.82772],[137.36055,34.82784],[137.3602,34.82795],[137.35985,34.82807],[137.3596,34.82813],[137.35929,34.82823],[137.35902,34.8283],[137.35876,34.82834],[137.35843,34.82838],[137.35824,34.82841],[137.35804,34.82844],[137.35787,34.82846],[137.35652,34.82861],[137.35529,34.82874],[137.35452,34.82883],[137.35344,34.82894],[137.35253,34.82903],[137.35247,34.82904]]},"properties":{"N02_001":"21","N02_002":"4","N02_003":"豊川線","N02_004":"名古屋鉄道"}},{"type":"Feature","geometry":{"type":"LineString","coordinates":[[137.37082,34.82338],[137.37059,34.82348],[137.37027,34.82361],[137.37008,34.82369]]},"properties":{"N02_001":"21","N02_002":"4","N02_003":"豊川線","N02_004":"名古屋鉄道"}},{"type":"Feature","geometry":{"type":"LineString","coordinates":[[137.35165,34.82913],[137.35182,34.82911],[137.35214,34.82907],[137.35247,34.82904]]},"properties":{"N02_001":"21","N02_002":"4","N02_003":"豊川線","N02_004":"名古屋鉄道"}},{"type":"Feature","geometry":{"type":"LineString","coordinates":[[137.3317,34.83287],[137.33139,34.83323],[137.32963,34.83552],[137.32882,34.83661],[137.32875,34.8367],[137.32855,34.83694],[137.32843,34.83708]]},"properties":{"N02_001":"21","N02_002":"4","N02_003":"豊川線","N02_004":"名古屋鉄道"}},{"type":"Feature","geometry":{"type":"LineString","coordinates":[[137.35165,34.82913],[137.35158,34.82913],[137.35092,34.8292],[137.34942,34.82935],[137.34839,34.82946],[137.34643,34.8297],[137.34545,34.82981],[137.34385,34.82997],[137.34243,34.83011],[137.34094,34.83025],[137.34054,34.83031],[137.33956,34.8304],[137.33849,34.83052],[137.33736,34.83064],[137.33643,34.83073],[137.33548,34.83085],[137.33475,34.83105],[137.33433,34.83119],[137.33389,34.83139],[137.3334,34.83165],[137.33303,34.83186],[137.33236,34.83232],[137.3317,34.83287]]},"properties":{"N02_001":"21","N02_002":"4","N02_003":"豊川線","N02_004":"名古屋鉄道"}},{"type":"Feature","geometry":{"type":"LineString","coordinates":[[137.38835,34.81826],[137.388,34.81834],[137.38749,34.81848],[137.38712,34.81858]]},"properties":{"N02_001":"21","N02_002":"4","N02_003":"豊川線","N02_004":"名古屋鉄道"}},{"type":"Feature","geometry":{"type":"LineString","coordinates":[[137.38712,34.81858],[137.38587,34.81889],[137.38539,34.81901],[137.38365,34.81945],[137.38108,34.8201],[137.37978,34.82043],[137.37847,34.82077],[137.376,34.82141],[137.3753,34.82158],[137.37479,34.82171],[137.37467,34.82174],[137.37434,34.82183],[137.37338,34.82227],[137.37201,34.82291],[137.37162,34.82305],[137.37122,34.82321],[137.37082,34.82338]]},"properties":{"N02_001":"21","N02_002":"4","N02_003":"豊川線","N02_004":"名古屋鉄道"}},{"type":"Feature","geometry":{"type":"LineString","coordinates":[[137.09122,35.12757],[137.09197,35.12777]]},"properties":{"N02_001":"12","N02_002":"4","N02_003":"豊田線","N02_004":"名古屋鉄道"}},{"type":"Feature","geometry":{"type":"LineString","coordinates":[[137.0186,35.12108],[137.01918,35.12116],[137.02025,35.1213],[137.02134,35.12141],[137.02208,35.12145],[137.02234,35.12144],[137.02281,35.12135],[137.0231,35.1213],[137.02355,35.12119],[137.0238,35.12111],[137.02401,35.12101],[137.02414,35.12094],[137.02432,35.12084],[137.0246,35.12063],[137.02489,35.12038],[137.02525,35.12003],[137.02543,35.11984],[137.02553,35.11974],[137.02566,35.1196],[137.02597,35.11926],[137.02615,35.11906],[137.02638,35.11887],[137.02665,35.11867],[137.02689,35.11851],[137.02709,35.11839],[137.02737,35.11827],[137.02763,35.11819],[137.02787,35.11814],[137.02812,35.1181],[137.02842,35.11808],[137.02882,35.11802],[137.0295,35.11794],[137.02965,35.11793],[137.03022,35.11787],[137.03041,35.11785],[137.03123,35.11775],[137.03166,35.11771],[137.03403,35.11749],[137.03582,35.11739],[137.03786,35.11728],[137.03821,35.11727],[137.0386,35.11727],[137.0394,35.11722],[137.04065,35.11719],[137.04141,35.11721],[137.04216,35.11723],[137.04251,35.11724],[137.04266,35.11725],[137.04305,35.11732],[137.04351,35.11739],[137.04376,35.11743],[137.04408,35.11749],[137.04459,35.11759],[137.04529,35.11771],[137.04638,35.1179],[137.04696,35.118],[137.04764,35.11815],[137.04831,35.11829],[137.04838,35.11831]]},"properties":{"N02_001":"12","N02_002":"4","N02_003":"豊田線","N02_004":"名古屋鉄道"}},{"type":"Feature","geometry":{"type":"LineString","coordinates":[[137.06667,35.12354],[137.06731,35.12386]]},"properties":{"N02_001":"12","N02_002":"4","N02_003":"豊田線","N02_004":"名古屋鉄道"}},{"type":"Feature","geometry":{"type":"LineString","coordinates":[[137.11176,35.12685],[137.11183,35.12682],[137.11232,35.12662],[137.11238,35.12659],[137.11282,35.12641],[137.11315,35.12631],[137.11364,35.12615],[137.11407,35.12604],[137.11467,35.12588],[137.11523,35.12573],[137.11565,35.12562],[137.11622,35.12548],[137.11659,35.12539],[137.11766,35.12515],[137.11837,35.12503],[137.11943,35.12487],[137.11998,35.12478],[137.1205,35.12471],[137.1209,35.12466],[137.12203,35.12453],[137.12231,35.12452],[137.12349,35.12431],[137.12373,35.12427],[137.12473,35.12408],[137.12491,35.12405],[137.12538,35.12396],[137.12557,35.12393],[137.1263,35.1238],[137.12645,35.12377],[137.12678,35.1237],[137.12692,35.12368],[137.12847,35.12338],[137.12923,35.12322],[137.12965,35.12312],[137.13058,35.1229],[137.131,35.12281],[137.13159,35.12265],[137.13226,35.1225],[137.13318,35.12227],[137.13374,35.12213],[137.13442,35.12198],[137.13466,35.12192],[137.13563,35.1217],[137.13614,35.12157],[137.13666,35.12144],[137.13691,35.12138]]},"properties":{"N02_001":"12","N02_002":"4","N02_003":"豊田線","N02_004":"名古屋鉄道"}},{"type":"Feature","geometry":{"type":"LineString","coordinates":[[137.16198,35.09913],[137.16259,35.10021]]},"properties":{"N02_001":"12","N02_002":"4","N02_003":"豊田線","N02_004":"名古屋鉄道"}},{"type":"Feature","geometry":{"type":"LineString","coordinates":[[137.15475,35.11636],[137.15545,35.11599]]},"properties":{"N02_001":"12","N02_002":"4","N02_003":"豊田線","N02_004":"名古屋鉄道"}},{"type":"Feature","geometry":{"type":"LineString","coordinates":[[137.16288,35.10073],[137.16279,35.10057],[137.16269,35.10039],[137.16264,35.10029],[137.16259,35.10021]]},"properties":{"N02_001":"12","N02_002":"4","N02_003":"豊田線","N02_004":"名古屋鉄道"}},{"type":"Feature","geometry":{"type":"LineString","coordinates":[[137.15545,35.11599],[137.15571,35.11582],[137.15612,35.11553],[137.15653,35.11525],[137.15739,35.11454],[137.1578,35.1142],[137.15837,35.11374],[137.15867,35.1135],[137.15879,35.11339],[137.15899,35.11323],[137.1596,35.11268],[137.15973,35.11254],[137.15988,35.11239],[137.16006,35.11214],[137.1602,35.11195],[137.16041,35.11163],[137.16057,35.11132],[137.16065,35.11114],[137.16071,35.11103],[137.16093,35.11056],[137.16104,35.11033],[137.16107,35.11025],[137.16115,35.11003],[137.16121,35.10982],[137.16122,35.10976],[137.16125,35.10964],[137.16131,35.10936],[137.16139,35.109],[137.1615,35.10845],[137.16156,35.10818],[137.16164,35.10786],[137.16169,35.10766],[137.16171,35.10758],[137.161932,35.106809],[137.16196,35.10671],[137.16204,35.10638],[137.16214,35.10598],[137.16227,35.10557],[137.16235,35.10526],[137.16243,35.10503],[137.16244,35.10497],[137.16264,35.10429],[137.16268,35.10416],[137.1627,35.10411],[137.16281,35.10371],[137.16296,35.10323],[137.16309,35.10282],[137.16318,35.1025],[137.1632,35.1023],[137.16321,35.10175],[137.1632,35.10166],[137.16318,35.10153],[137.16316,35.10145],[137.16314,35.1014],[137.16311,35.10132],[137.16299,35.101],[137.16288,35.10073]]},"properties":{"N02_001":"12","N02_002":"4","N02_003":"豊田線","N02_004":"名古屋鉄道"}},{"type":"Feature","geometry":{"type":"LineString","coordinates":[[137.11107,35.12714],[137.11176,35.12685]]},"properties":{"N02_001":"12","N02_002":"4","N02_003":"豊田線","N02_004":"名古屋鉄道"}},{"type":"Feature","geometry":{"type":"LineString","coordinates":[[137.01781,35.12099],[137.0186,35.12108]]},"properties":{"N02_001":"12","N02_002":"4","N02_003":"豊田線","N02_004":"名古屋鉄道"}},{"type":"Feature","geometry":{"type":"LineString","coordinates":[[137.11107,35.12714],[137.111,35.12717],[137.10957,35.12775],[137.10863,35.12813],[137.10779,35.12848],[137.10711,35.12871],[137.10644,35.12889],[137.10598,35.129],[137.10555,35.12906],[137.10525,35.12908],[137.10469,35.12912],[137.10386,35.12916],[137.1036,35.12917],[137.1033,35.12919],[137.1023,35.12924],[137.10149,35.12929],[137.10084,35.12933],[137.10035,35.12935],[137.09983,35.12937],[137.09935,35.12938],[137.0988,35.12934],[137.09819,35.12929],[137.09744,35.12923],[137.09717,35.12917],[137.09644,35.129],[137.09599,35.1289],[137.09539,35.12875],[137.09416,35.12837],[137.09335,35.12812],[137.09284,35.12797],[137.09268,35.12793],[137.09255,35.1279],[137.09208,35.1278],[137.09197,35.12777]]},"properties":{"N02_001":"12","N02_002":"4","N02_003":"豊田線","N02_004":"名古屋鉄道"}},{"type":"Feature","geometry":{"type":"LineString","coordinates":[[137.04838,35.11831],[137.04917,35.11847]]},"properties":{"N02_001":"12","N02_002":"4","N02_003":"豊田線","N02_004":"名古屋鉄道"}},{"type":"Feature","geometry":{"type":"LineString","coordinates":[[137.13691,35.12138],[137.13772,35.12119]]},"properties":{"N02_001":"12","N02_002":"4","N02_003":"豊田線","N02_004":"名古屋鉄道"}},{"type":"Feature","geometry":{"type":"LineString","coordinates":[[137.09122,35.12757],[137.09115,35.12756],[137.09085,35.12749],[137.09062,35.12744],[137.09041,35.12741],[137.09027,35.12739],[137.08965,35.12735],[137.08902,35.12732],[137.08847,35.12729],[137.08828,35.12729],[137.08758,35.12729],[137.08738,35.12728],[137.08715,35.12728],[137.08671,35.12728],[137.08636,35.12727],[137.08601,35.12726],[137.08589,35.12725],[137.084554,35.12717],[137.08455,35.12717],[137.08426,35.12716],[137.08328,35.12711],[137.08278,35.12708],[137.08209,35.12703],[137.08202,35.12703],[137.08162,35.12699],[137.08081,35.12691],[137.07997,35.12682],[137.07957,35.12677],[137.07905,35.12667],[137.07829,35.12652],[137.07715,35.12629],[137.07606,35.12607],[137.0746,35.1258],[137.07362,35.12562],[137.07263,35.12542],[137.07169,35.12526],[137.07095,35.12511],[137.07046,35.125],[137.07006,35.1249],[137.06966,35.12478],[137.06864,35.12446],[137.06814,35.12426],[137.06784,35.12412],[137.06764,35.12403],[137.06738,35.12389],[137.06731,35.12386]]},"properties":{"N02_001":"12","N02_002":"4","N02_003":"豊田線","N02_004":"名古屋鉄道"}},{"type":"Feature","geometry":{"type":"LineString","coordinates":[[137.13772,35.12119],[137.13792,35.12114],[137.1386,35.12098],[137.13876,35.12095],[137.1394,35.12079],[137.14151,35.12029],[137.1418,35.12022],[137.14247,35.12005],[137.14283,35.11997],[137.14312,35.11989],[137.14419,35.11963],[137.14503,35.1194],[137.1455,35.11929],[137.14578,35.11922],[137.14659,35.11902],[137.14689,35.11894],[137.1473,35.11884],[137.14766,35.11875],[137.14826,35.11859],[137.14842,35.11855],[137.14852,35.11852],[137.14864,35.11849],[137.14879,35.11845],[137.14907,35.11836],[137.14938,35.11828],[137.14953,35.11825],[137.14998,35.11813],[137.15032,35.11802],[137.15108,35.11782],[137.15142,35.11773],[137.15155,35.1177],[137.15221,35.11746],[137.15251,35.11736],[137.15288,35.11724],[137.15317,35.11713],[137.15336,35.11705],[137.1534,35.11703],[137.15343,35.11701],[137.15365,35.11691],[137.15398,35.11674],[137.15469,35.1164],[137.15475,35.11636]]},"properties":{"N02_001":"12","N02_002":"4","N02_003":"豊田線","N02_004":"名古屋鉄道"}},{"type":"Feature","geometry":{"type":"LineString","coordinates":[[137.04917,35.11847],[137.04927,35.11849],[137.05021,35.11868],[137.0514,35.11887],[137.052,35.11894],[137.0528,35.11904],[137.05348,35.1191],[137.05423,35.11914],[137.05452,35.11914],[137.05556,35.11918],[137.05608,35.1192],[137.05685,35.11923],[137.05779,35.11927],[137.05843,35.1193],[137.0588,35.11935],[137.05935,35.11943],[137.05979,35.11952],[137.06026,35.11964],[137.06054,35.11971],[137.06087,35.11983],[137.06121,35.11999],[137.0615,35.12011],[137.06187,35.12033],[137.06246,35.12066],[137.06281,35.1209],[137.06338,35.12131],[137.06394,35.12177],[137.06449,35.12218],[137.06497,35.12252],[137.06553,35.12287],[137.06587,35.12308],[137.06624,35.1233],[137.0666,35.12351],[137.06667,35.12354]]},"properties":{"N02_001":"12","N02_002":"4","N02_003":"豊田線","N02_004":"名古屋鉄道"}},{"type":"Feature","geometry":{"type":"LineString","coordinates":[[137.04009,35.00597],[137.03924,35.00649]]},"properties":{"N02_001":"12","N02_002":"4","N02_003":"名古屋本線","N02_004":"名古屋鉄道"}},{"type":"Feature","geometry":{"type":"LineString","coordinates":[[137.08623,34.98652],[137.0848,34.98728]]},"properties":{"N02_001":"12","N02_002":"4","N02_003":"名古屋本線","N02_004":"名古屋鉄道"}},{"type":"Feature","geometry":{"type":"LineString","coordinates":[[137.087,34.98612],[137.08675,34.98625],[137.08636,34.98646],[137.08623,34.98652]]},"properties":{"N02_001":"12","N02_002":"4","N02_003":"名古屋本線","N02_004":"名古屋鉄道"}},{"type":"Feature","geometry":{"type":"LineString","coordinates":[[137.06144,34.99902],[137.06032,34.99954]]},"properties":{"N02_001":"12","N02_002":"4","N02_003":"名古屋本線","N02_004":"名古屋鉄道"}},{"type":"Feature","geometry":{"type":"LineString","coordinates":[[136.95999,35.07065],[136.96077,35.07039]]},"properties":{"N02_001":"12","N02_002":"4","N02_003":"名古屋本線","N02_004":"名古屋鉄道"}},{"type":"Feature","geometry":{"type":"LineString","coordinates":[[137.06144,34.99902],[137.06298,34.99827],[137.06382,34.99786],[137.06394,34.9978],[137.06409,34.99772],[137.06528,34.99713],[137.06572,34.99692],[137.06662,34.99648],[137.06672,34.99642],[137.06727,34.99615],[137.06774,34.99593],[137.06804,34.99577],[137.06832,34.99564],[137.06852,34.99554],[137.06902,34.9953],[137.06952,34.99506],[137.06963,34.99499],[137.07013,34.99475],[137.07061,34.99452],[137.07112,34.99427],[137.07122,34.99421],[137.07171,34.99397],[137.07255,34.99356],[137.07266,34.99351],[137.07276,34.99346],[137.07284,34.99341],[137.07339,34.99315],[137.07355,34.99307],[137.07379,34.99295],[137.07444,34.99264],[137.07513,34.99231],[137.07547,34.99214],[137.07588,34.99195],[137.07694,34.99143],[137.07738,34.99122],[137.07833,34.99071],[137.07872,34.99051],[137.07905,34.99034],[137.07913,34.99029],[137.07948,34.9901],[137.07998,34.98984],[137.08012,34.98976],[137.08047,34.98957],[137.0808,34.9894],[137.08117,34.9892],[137.08125,34.98916],[137.08189,34.98881],[137.08197,34.98878],[137.08198,34.98876],[137.08228,34.98861],[137.08243,34.98853],[137.08259,34.98844],[137.0827,34.98839],[137.08312,34.98816],[137.08333,34.98805],[137.08379,34.98781],[137.08412,34.98763],[137.08433,34.98752],[137.08472,34.98731],[137.0848,34.98728]]},"properties":{"N02_001":"12","N02_002":"4","N02_003":"名古屋本線","N02_004":"名古屋鉄道"}},{"type":"Feature","geometry":{"type":"LineString","coordinates":[[136.99623,35.05185],[136.99704,35.05125],[136.99785,35.05059],[136.99929,35.04962],[136.99935,35.04958],[136.99948,35.04949],[137.00151,35.04809],[137.00362,35.04666],[137.00389,35.04648],[137.00423,35.04623],[137.00462,35.04595],[137.00482,35.04579],[137.00498,35.04562],[137.00528,35.04526],[137.00556,35.04492],[137.00621,35.04401],[137.00637,35.04379],[137.00699,35.04291],[137.00799,35.0415]]},"properties":{"N02_001":"12","N02_002":"4","N02_003":"名古屋本線","N02_004":"名古屋鉄道"}},{"type":"Feature","geometry":{"type":"LineString","coordinates":[[137.06032,34.99954],[137.05991,34.99974],[137.05861,35.00038],[137.05835,35.00051],[137.05791,35.00073],[137.05676,35.0013],[137.05557,35.00188],[137.05443,35.00245],[137.05348,35.00292],[137.05318,35.00303],[137.05307,35.00307],[137.05247,35.00325],[137.05231,35.0033],[137.05206,35.00333],[137.05146,35.00339],[137.05096,35.0034],[137.05024,35.00337],[137.04978,35.00331],[137.0494,35.00325],[137.04883,35.0031],[137.04841,35.00301],[137.04797,35.00289],[137.04751,35.00284],[137.04714,35.00282],[137.04664,35.00285],[137.04624,35.0029],[137.04617,35.00291],[137.0458,35.00297],[137.04534,35.00307],[137.0451,35.00311],[137.04499,35.00315],[137.04471,35.00325],[137.04425,35.00345],[137.04387,35.00362],[137.04379,35.00366],[137.043653,35.003726],[137.04348,35.00381],[137.0428,35.00415],[137.04231,35.0044],[137.04171,35.0048],[137.04163,35.00486],[137.0412,35.00517],[137.04113,35.00522],[137.04077,35.00547],[137.04009,35.00597]]},"properties":{"N02_001":"12","N02_002":"4","N02_003":"名古屋本線","N02_004":"名古屋鉄道"}},{"type":"Feature","geometry":{"type":"LineString","coordinates":[[137.0085,35.04077],[137.00799,35.0415]]},"properties":{"N02_001":"12","N02_002":"4","N02_003":"名古屋本線","N02_004":"名古屋鉄道"}},{"type":"Feature","geometry":{"type":"LineString","coordinates":[[136.97078,35.06789],[136.97142,35.06749]]},"properties":{"N02_001":"12","N02_002":"4","N02_003":"名古屋本線","N02_004":"名古屋鉄道"}},{"type":"Feature","geometry":{"type":"LineString","coordinates":[[136.98017,35.06172],[136.98161,35.06128]]},"properties":{"N02_001":"12","N02_002":"4","N02_003":"名古屋本線","N02_004":"名古屋鉄道"}},{"type":"Feature","geometry":{"type":"LineString","coordinates":[[137.03924,35.00649],[137.03841,35.00695],[137.03718,35.00758],[137.03603,35.00816],[137.0356,35.00837],[137.03367,35.00934],[137.031211,35.010559],[137.03121,35.01056],[137.03059,35.01087],[137.0278,35.01227],[137.02638,35.01297],[137.0258,35.01333]]},"properties":{"N02_001":"12","N02_002":"4","N02_003":"名古屋本線","N02_004":"名古屋鉄道"}},{"type":"Feature","geometry":{"type":"LineString","coordinates":[[137.0258,35.01333],[137.02511,35.01388]]},"properties":{"N02_001":"12","N02_002":"4","N02_003":"名古屋本線","N02_004":"名古屋鉄道"}},{"type":"Feature","geometry":{"type":"LineString","coordinates":[[137.01625,35.03016],[137.01621,35.03022],[137.01597,35.03054],[137.01444,35.03265],[137.01276,35.03495],[137.01167,35.03645],[137.01142,35.0368],[137.01126,35.03701],[137.00981,35.03896],[137.00964,35.03919],[137.0085,35.04077]]},"properties":{"N02_001":"12","N02_002":"4","N02_003":"名古屋本線","N02_004":"名古屋鉄道"}},{"type":"Feature","geometry":{"type":"LineString","coordinates":[[137.02511,35.01388],[137.02472,35.01424],[137.02433,35.01473],[137.02415,35.01497],[137.0239,35.01536],[137.0236,35.01589],[137.02283,35.01739],[137.02116,35.02068],[137.02094,35.02111],[137.02052,35.02194],[137.02047,35.02203],[137.01884,35.02515],[137.01799,35.02679],[137.01663,35.02945]]},"properties":{"N02_001":"12","N02_002":"4","N02_003":"名古屋本線","N02_004":"名古屋鉄道"}},{"type":"Feature","geometry":{"type":"LineString","coordinates":[[136.97142,35.06749],[136.9715,35.06744],[136.97202,35.0671],[136.97216,35.06702],[136.97277,35.06661],[136.97291,35.06652],[136.97316,35.06628],[136.97336,35.06608],[136.97357,35.06584],[136.97379,35.06553],[136.974,35.06522],[136.97456,35.06422],[136.97473,35.06394],[136.97488,35.06372],[136.9751,35.06347],[136.97525,35.06333],[136.97554,35.06312],[136.97578,35.06298],[136.97613,35.06281],[136.97653,35.06266],[136.97697,35.06253],[136.97755,35.06236],[136.97922,35.06197],[136.98017,35.06172]]},"properties":{"N02_001":"12","N02_002":"4","N02_003":"名古屋本線","N02_004":"名古屋鉄道"}},{"type":"Feature","geometry":{"type":"LineString","coordinates":[[137.01663,35.02945],[137.01625,35.03016]]},"properties":{"N02_001":"12","N02_002":"4","N02_003":"名古屋本線","N02_004":"名古屋鉄道"}},{"type":"Feature","geometry":{"type":"LineString","coordinates":[[136.99562,35.0523],[136.99623,35.05185]]},"properties":{"N02_001":"12","N02_002":"4","N02_003":"名古屋本線","N02_004":"名古屋鉄道"}},{"type":"Feature","geometry":{"type":"LineString","coordinates":[[136.98161,35.06128],[136.982,35.06113],[136.982007,35.061127],[136.9822,35.06105],[136.98275,35.06082],[136.98339,35.06056],[136.98497,35.05989],[136.98554,35.05964],[136.98595,35.05947],[136.98639,35.05928],[136.98731,35.05887],[136.98758,35.05872],[136.98793,35.05852],[136.98826,35.0583],[136.98921,35.05757],[136.98945,35.05738],[136.98974,35.05713],[136.99164,35.05557],[136.99343,35.0541],[136.99562,35.0523]]},"properties":{"N02_001":"12","N02_002":"4","N02_003":"名古屋本線","N02_004":"名古屋鉄道"}},{"type":"Feature","geometry":{"type":"LineString","coordinates":[[136.96077,35.07039],[136.96126,35.07024],[136.9628,35.06975],[136.96319,35.06963],[136.96344,35.06957],[136.96372,35.06954],[136.96429,35.0695],[136.96471,35.06947],[136.96544,35.06942],[136.96617,35.06937],[136.96676,35.06933],[136.96738,35.06927],[136.96776,35.06921],[136.96825,35.0691],[136.96862,35.06899],[136.9691,35.06882],[136.96952,35.06864],[136.96994,35.06842],[136.97025,35.06824],[136.97078,35.06789]]},"properties":{"N02_001":"12","N02_002":"4","N02_003":"名古屋本線","N02_004":"名古屋鉄道"}},{"type":"Feature","geometry":{"type":"LineString","coordinates":[[136.77758,35.34985],[136.77745,35.35054]]},"properties":{"N02_001":"12","N02_002":"4","N02_003":"名古屋本線","N02_004":"名古屋鉄道"}},{"type":"Feature","geometry":{"type":"LineString","coordinates":[[136.7708,35.3648],[136.77021,35.36522]]},"properties":{"N02_001":"12","N02_002":"4","N02_003":"名古屋本線","N02_004":"名古屋鉄道"}},{"type":"Feature","geometry":{"type":"LineString","coordinates":[[136.77745,35.35054],[136.77724,35.35175],[136.7768,35.3542],[136.77626,35.35734],[136.77618,35.3578],[136.77604,35.35866],[136.77584,35.35936],[136.7757,35.35987],[136.77542,35.36051],[136.77517,35.36102],[136.77494,35.36137],[136.7746,35.36177],[136.77422,35.36216],[136.77366,35.36266],[136.77302,35.36317],[136.7708,35.3648]]},"properties":{"N02_001":"12","N02_002":"4","N02_003":"名古屋本線","N02_004":"名古屋鉄道"}},{"type":"Feature","geometry":{"type":"LineString","coordinates":[[136.77021,35.36522],[136.76997,35.36541],[136.76989,35.36547],[136.76804,35.36683],[136.768039,35.366831]]},"properties":{"N02_001":"12","N02_002":"4","N02_003":"名古屋本線","N02_004":"名古屋鉄道"}},{"type":"Feature","geometry":{"type":"LineString","coordinates":[[136.78522,35.32649],[136.78552,35.32588]]},"properties":{"N02_001":"12","N02_002":"4","N02_003":"名古屋本線","N02_004":"名古屋鉄道"}},{"type":"Feature","geometry":{"type":"LineString","coordinates":[[136.77952,35.34154],[136.78087,35.33654],[136.78091,35.33637],[136.78109,35.33582],[136.78138,35.33506],[136.78149,35.33474],[136.78159,35.33444],[136.78163,35.33435],[136.78168,35.33422],[136.78193,35.33359],[136.782,35.33342],[136.78216,35.33312],[136.78227,35.33287],[136.7824,35.3326],[136.78254,35.3323],[136.78262,35.33211],[136.7831,35.33108],[136.78348,35.33022],[136.78369,35.32976],[136.78373,35.32967],[136.78394,35.32916],[136.78426,35.32849],[136.78437,35.32829],[136.78459,35.32785],[136.78467,35.32766],[136.78485,35.32728],[136.78497,35.32706],[136.78522,35.32649]]},"properties":{"N02_001":"12","N02_002":"4","N02_003":"名古屋本線","N02_004":"名古屋鉄道"}},{"type":"Feature","geometry":{"type":"LineString","coordinates":[[136.77952,35.34154],[136.77925,35.34255]]},"properties":{"N02_001":"12","N02_002":"4","N02_003":"名古屋本線","N02_004":"名古屋鉄道"}},{"type":"Feature","geometry":{"type":"LineString","coordinates":[[136.77925,35.34255],[136.77813,35.34684],[136.778,35.34738],[136.77758,35.34985]]},"properties":{"N02_001":"12","N02_002":"4","N02_003":"名古屋本線","N02_004":"名古屋鉄道"}},{"type":"Feature","geometry":{"type":"LineString","coordinates":[[136.79632,35.30343],[136.79614,35.30382]]},"properties":{"N02_001":"12","N02_002":"4","N02_003":"名古屋本線","N02_004":"名古屋鉄道"}},{"type":"Feature","geometry":{"type":"LineString","coordinates":[[136.79763,35.30074],[136.79813,35.29976],[136.79851,35.29901],[136.79862,35.2988],[136.79871,35.29859]]},"properties":{"N02_001":"12","N02_002":"4","N02_003":"名古屋本線","N02_004":"名古屋鉄道"}},{"type":"Feature","geometry":{"type":"LineString","coordinates":[[136.79632,35.30343],[136.79763,35.30074]]},"properties":{"N02_001":"12","N02_002":"4","N02_003":"名古屋本線","N02_004":"名古屋鉄道"}},{"type":"Feature","geometry":{"type":"LineString","coordinates":[[136.84497,35.19937],[136.84654,35.19849]]},"properties":{"N02_001":"12","N02_002":"4","N02_003":"名古屋本線","N02_004":"名古屋鉄道"}},{"type":"Feature","geometry":{"type":"LineString","coordinates":[[136.84472,35.19948],[136.84497,35.19937]]},"properties":{"N02_001":"12","N02_002":"4","N02_003":"名古屋本線","N02_004":"名古屋鉄道"}},{"type":"Feature","geometry":{"type":"LineString","coordinates":[[136.91295,35.12464],[136.9129,35.1248]]},"properties":{"N02_001":"12","N02_002":"4","N02_003":"名古屋本線","N02_004":"名古屋鉄道"}},{"type":"Feature","geometry":{"type":"LineString","coordinates":[[136.9129,35.1248],[136.9126,35.12562],[136.91243,35.12607],[136.91233,35.12633]]},"properties":{"N02_001":"12","N02_002":"4","N02_003":"名古屋本線","N02_004":"名古屋鉄道"}},{"type":"Feature","geometry":{"type":"LineString","coordinates":[[136.93347,35.0996],[136.93356,35.10033],[136.93368,35.101],[136.93384,35.1019],[136.93398,35.1026],[136.93414,35.10341],[136.93437,35.1047],[136.93453,35.10556]]},"properties":{"N02_001":"12","N02_002":"4","N02_003":"名古屋本線","N02_004":"名古屋鉄道"}},{"type":"Feature","geometry":{"type":"LineString","coordinates":[[136.93703,35.08794],[136.93677,35.08838],[136.93604,35.08959],[136.93568,35.09021],[136.9354,35.09071],[136.93522,35.09105],[136.93503,35.09138],[136.93491,35.09163],[136.9348,35.09189],[136.93473,35.09204],[136.93469,35.09215],[136.93456,35.09245],[136.93434,35.09317],[136.93414,35.09409],[136.93402,35.09456],[136.93386,35.09517],[136.93378,35.09558],[136.93368,35.09607],[136.93358,35.09653],[136.93353,35.0969],[136.93348,35.09712],[136.93345,35.09744],[136.93341,35.09813],[136.9334,35.09856]]},"properties":{"N02_001":"12","N02_002":"4","N02_003":"名古屋本線","N02_004":"名古屋鉄道"}},{"type":"Feature","geometry":{"type":"LineString","coordinates":[[136.8649,35.19503],[136.86566,35.19514]]},"properties":{"N02_001":"12","N02_002":"4","N02_003":"名古屋本線","N02_004":"名古屋鉄道"}},{"type":"Feature","geometry":{"type":"LineString","coordinates":[[136.81774,35.22686],[136.81885,35.22595]]},"properties":{"N02_001":"12","N02_002":"4","N02_003":"名古屋本線","N02_004":"名古屋鉄道"}},{"type":"Feature","geometry":{"type":"LineString","coordinates":[[136.86901,35.19415],[136.86959,35.19372],[136.869594,35.193717],[136.86985,35.19353],[136.87061,35.19297],[136.87064,35.19294],[136.87067,35.19292],[136.87068,35.1929],[136.87078,35.19276],[136.87089,35.19253],[136.87099,35.19221],[136.871,35.19195],[136.87098,35.19163],[136.87093,35.19136],[136.87076,35.19091],[136.87051,35.19043],[136.87045,35.19027]]},"properties":{"N02_001":"12","N02_002":"4","N02_003":"名古屋本線","N02_004":"名古屋鉄道"}},{"type":"Feature","geometry":{"type":"LineString","coordinates":[[136.86566,35.19514],[136.86612,35.19521],[136.86644,35.1952],[136.86684,35.19517],[136.86724,35.19509],[136.86755,35.19499],[136.86793,35.19483],[136.86824,35.19466],[136.86901,35.19415]]},"properties":{"N02_001":"12","N02_002":"4","N02_003":"名古屋本線","N02_004":"名古屋鉄道"}},{"type":"Feature","geometry":{"type":"LineString","coordinates":[[136.93,35.11517],[136.92992,35.11526],[136.92978,35.11543],[136.929777,35.115433],[136.92957,35.11567],[136.92931,35.11598],[136.92893,35.11647],[136.92877,35.11665],[136.92856,35.11688],[136.928423,35.117023],[136.92835,35.1171],[136.92809,35.11736],[136.92779,35.11765],[136.92762,35.11784],[136.9273,35.11812],[136.92705,35.11828],[136.92666,35.11853],[136.92633,35.11868],[136.92609,35.1188],[136.9258,35.1189],[136.92529,35.11904],[136.92494,35.11912],[136.9237,35.1194],[136.92274,35.11962],[136.92139,35.11993],[136.92093,35.12002],[136.9208,35.12005],[136.92075,35.12006]]},"properties":{"N02_001":"12","N02_002":"4","N02_003":"名古屋本線","N02_004":"名古屋鉄道"}},{"type":"Feature","geometry":{"type":"LineString","coordinates":[[136.80076,35.27165],[136.80074,35.27171],[136.80061,35.27236],[136.80051,35.27285],[136.80039,35.27341],[136.80032,35.27376],[136.80023,35.27449],[136.8002,35.27466],[136.80019,35.27476],[136.80016,35.27492],[136.80013,35.27516],[136.8001,35.2753],[136.8,35.27608],[136.79983,35.2773],[136.79977,35.27778],[136.79965,35.27867],[136.79961,35.27888],[136.79952,35.27941],[136.79944,35.27963],[136.7994,35.27975],[136.79932,35.27999],[136.79891,35.28116],[136.79858,35.28205],[136.79847,35.28241],[136.79834,35.28293],[136.79829,35.28323],[136.79823,35.28378],[136.79818,35.28489],[136.79815,35.28578],[136.79815,35.28673]]},"properties":{"N02_001":"12","N02_002":"4","N02_003":"名古屋本線","N02_004":"名古屋鉄道"}},{"type":"Feature","geometry":{"type":"LineString","coordinates":[[136.90026,35.14329],[136.89954,35.14351],[136.89883,35.14374],[136.89826,35.14392],[136.89725,35.14426],[136.89668,35.14446],[136.89537,35.14495],[136.89479,35.14517],[136.894787,35.145171],[136.89442,35.14531],[136.89385,35.14553],[136.89339,35.14573],[136.89264,35.1461],[136.89242,35.14621],[136.89208,35.14646],[136.89169,35.14675],[136.89134,35.14704],[136.89093,35.14738],[136.89073,35.14758],[136.89052,35.14781],[136.89027,35.14809],[136.89009,35.14835],[136.88996,35.14856],[136.88982,35.14878],[136.88967,35.14903],[136.88955,35.14926],[136.889439,35.149499],[136.88934,35.14971],[136.88922,35.15],[136.8891,35.15046],[136.88908,35.15056],[136.88904,35.15076],[136.889,35.15093],[136.88889,35.15141]]},"properties":{"N02_001":"12","N02_002":"4","N02_003":"名古屋本線","N02_004":"名古屋鉄道"}},{"type":"Feature","geometry":{"type":"LineString","coordinates":[[136.8606,35.19467],[136.8616,35.19471],[136.86258,35.19476],[136.86354,35.19486],[136.864235,35.194947],[136.864669,35.195001],[136.8649,35.19503]]},"properties":{"N02_001":"12","N02_002":"4","N02_003":"名古屋本線","N02_004":"名古屋鉄道"}},{"type":"Feature","geometry":{"type":"LineString","coordinates":[[136.84654,35.19849],[136.84749,35.19799],[136.84796,35.19773],[136.85094,35.19614],[136.85169,35.19573],[136.85206,35.19554]]},"properties":{"N02_001":"12","N02_002":"4","N02_003":"名古屋本線","N02_004":"名古屋鉄道"}},{"type":"Feature","geometry":{"type":"LineString","coordinates":[[136.80076,35.27165],[136.800889,35.271033],[136.80089,35.27103],[136.80096,35.27076]]},"properties":{"N02_001":"12","N02_002":"4","N02_003":"名古屋本線","N02_004":"名古屋鉄道"}},{"type":"Feature","geometry":{"type":"LineString","coordinates":[[136.81147,35.23431],[136.81228,35.23285],[136.81298,35.23177],[136.81372,35.23076],[136.81426,35.23016],[136.81501,35.22933],[136.81518,35.22915],[136.81537,35.22896],[136.81652,35.22791],[136.81774,35.22686]]},"properties":{"N02_001":"12","N02_002":"4","N02_003":"名古屋本線","N02_004":"名古屋鉄道"}},{"type":"Feature","geometry":{"type":"LineString","coordinates":[[136.93453,35.10556],[136.93472,35.10655]]},"properties":{"N02_001":"12","N02_002":"4","N02_003":"名古屋本線","N02_004":"名古屋鉄道"}},{"type":"Feature","geometry":{"type":"LineString","coordinates":[[136.85318,35.19496],[136.85365,35.19482],[136.85374,35.1948],[136.85411,35.19473],[136.85464,35.19468],[136.85881,35.19465]]},"properties":{"N02_001":"12","N02_002":"4","N02_003":"名古屋本線","N02_004":"名古屋鉄道"}},{"type":"Feature","geometry":{"type":"LineString","coordinates":[[136.84181,35.20493],[136.84247,35.20348]]},"properties":{"N02_001":"12","N02_002":"4","N02_003":"名古屋本線","N02_004":"名古屋鉄道"}},{"type":"Feature","geometry":{"type":"LineString","coordinates":[[136.80295,35.25353],[136.80295,35.25322],[136.80295,35.25241],[136.80305,35.25191],[136.80315,35.25157],[136.8032,35.25142],[136.80349,35.25074],[136.80387,35.24999],[136.80399,35.24975],[136.80409,35.24956],[136.80651,35.24461],[136.80675,35.24412],[136.80866,35.24024],[136.81082,35.23574]]},"properties":{"N02_001":"12","N02_002":"4","N02_003":"名古屋本線","N02_004":"名古屋鉄道"}},{"type":"Feature","geometry":{"type":"LineString","coordinates":[[136.93764,35.08701],[136.93703,35.08794]]},"properties":{"N02_001":"12","N02_002":"4","N02_003":"名古屋本線","N02_004":"名古屋鉄道"}},{"type":"Feature","geometry":{"type":"LineString","coordinates":[[136.79832,35.28788],[136.79823,35.28744],[136.79818,35.28713],[136.79815,35.28673]]},"properties":{"N02_001":"12","N02_002":"4","N02_003":"名古屋本線","N02_004":"名古屋鉄道"}},{"type":"Feature","geometry":{"type":"LineString","coordinates":[[136.90215,35.14253],[136.90158,35.14276],[136.901578,35.142761],[136.901213,35.142907],[136.90026,35.14329]]},"properties":{"N02_001":"12","N02_002":"4","N02_003":"名古屋本線","N02_004":"名古屋鉄道"}},{"type":"Feature","geometry":{"type":"LineString","coordinates":[[136.80292,35.25503],[136.80295,35.25353]]},"properties":{"N02_001":"12","N02_002":"4","N02_003":"名古屋本線","N02_004":"名古屋鉄道"}},{"type":"Feature","geometry":{"type":"LineString","coordinates":[[136.79871,35.29859],[136.79891,35.29804],[136.79898,35.2978],[136.79903,35.2976],[136.79907,35.29741],[136.7991,35.29722],[136.79914,35.29694],[136.79916,35.29677],[136.79938,35.29486],[136.79952,35.29363],[136.79955,35.2933],[136.79955,35.29242],[136.79952,35.29212],[136.79944,35.29161],[136.79936,35.29129],[136.79926,35.2909],[136.79911,35.29042],[136.79854,35.28873],[136.79834,35.28802],[136.79832,35.28788]]},"properties":{"N02_001":"12","N02_002":"4","N02_003":"名古屋本線","N02_004":"名古屋鉄道"}},{"type":"Feature","geometry":{"type":"LineString","coordinates":[[136.93764,35.08701],[136.93778,35.08657],[136.93786,35.08594],[136.93792,35.08535],[136.93798,35.08479],[136.93803,35.08449],[136.9381,35.08429],[136.9382,35.08407],[136.93837,35.08374],[136.93851,35.08353],[136.93866,35.08337],[136.93881,35.08322],[136.93913,35.08295],[136.93948,35.08271],[136.93979,35.08253],[136.94058,35.08219],[136.94097,35.08205],[136.940971,35.08205],[136.94133,35.08192],[136.94213,35.08165],[136.94379,35.0811],[136.94459,35.08083],[136.94528,35.08061],[136.94796,35.07971],[136.94911,35.07932],[136.94983,35.07907],[136.95024,35.07892],[136.95058,35.07878]]},"properties":{"N02_001":"12","N02_002":"4","N02_003":"名古屋本線","N02_004":"名古屋鉄道"}},{"type":"Feature","geometry":{"type":"LineString","coordinates":[[136.91233,35.12633],[136.91218,35.12687],[136.91215,35.12697],[136.91195,35.12761],[136.91156,35.12872],[136.91093,35.13011],[136.91069,35.13069],[136.91012,35.13205],[136.90972,35.13289],[136.90929,35.13391],[136.90899,35.13462],[136.90867,35.13532],[136.90864,35.13541],[136.90858,35.13555],[136.90827,35.13625],[136.90799,35.13681],[136.90768,35.13734],[136.90734,35.13787],[136.90716,35.13812],[136.90693,35.13842],[136.90674,35.13864],[136.90643,35.13904],[136.90595,35.13954],[136.90532,35.14019],[136.90502,35.14046],[136.90458,35.14082],[136.9042,35.14114],[136.90399,35.14129],[136.90353,35.14164],[136.90316,35.14189],[136.90296,35.14204],[136.90269,35.1422],[136.90215,35.14253]]},"properties":{"N02_001":"12","N02_002":"4","N02_003":"名古屋本線","N02_004":"名古屋鉄道"}},{"type":"Feature","geometry":{"type":"LineString","coordinates":[[136.88398,35.17018],[136.88376,35.1707]]},"properties":{"N02_001":"12","N02_002":"4","N02_003":"名古屋本線","N02_004":"名古屋鉄道"}},{"type":"Feature","geometry":{"type":"LineString","coordinates":[[136.87018,35.18961],[136.87,35.18926],[136.86997,35.18919],[136.86989,35.18905],[136.86974,35.1888],[136.86964,35.18858],[136.86955,35.18832],[136.86951,35.18812],[136.8695,35.18793],[136.86948,35.1878],[136.86951,35.18755],[136.86954,35.18733],[136.86964,35.18702],[136.86978,35.18678],[136.87013,35.18645],[136.87161,35.18515],[136.87205,35.18479],[136.8728,35.18405]]},"properties":{"N02_001":"12","N02_002":"4","N02_003":"名古屋本線","N02_004":"名古屋鉄道"}},{"type":"Feature","geometry":{"type":"LineString","coordinates":[[136.85881,35.19465],[136.85975,35.19466],[136.85998,35.19466],[136.8606,35.19467]]},"properties":{"N02_001":"12","N02_002":"4","N02_003":"名古屋本線","N02_004":"名古屋鉄道"}},{"type":"Feature","geometry":{"type":"LineString","coordinates":[[136.93472,35.10655],[136.93478,35.10685],[136.93485,35.10734],[136.93488,35.10778],[136.9349,35.1081],[136.93486,35.10846],[136.9348,35.10879],[136.93472,35.10906],[136.93463,35.10934],[136.93449,35.10973],[136.93437,35.10999],[136.93424,35.11023],[136.93407,35.11049],[136.9339,35.11069],[136.93374,35.11092],[136.93342,35.11127],[136.93273,35.11203],[136.93205,35.11281],[136.93155,35.11342],[136.93121,35.11382],[136.93074,35.11435]]},"properties":{"N02_001":"12","N02_002":"4","N02_003":"名古屋本線","N02_004":"名古屋鉄道"}},{"type":"Feature","geometry":{"type":"LineString","coordinates":[[136.87333,35.18353],[136.8728,35.18405]]},"properties":{"N02_001":"12","N02_002":"4","N02_003":"名古屋本線","N02_004":"名古屋鉄道"}},{"type":"Feature","geometry":{"type":"LineString","coordinates":[[136.78895,35.3187],[136.78931,35.31799]]},"properties":{"N02_001":"12","N02_002":"4","N02_003":"名古屋本線","N02_004":"名古屋鉄道"}},{"type":"Feature","geometry":{"type":"LineString","coordinates":[[136.80096,35.27076],[136.80109,35.27013],[136.80127,35.26933],[136.80145,35.26853],[136.80157,35.26803],[136.80181,35.26693],[136.80186,35.26671],[136.80188,35.26661],[136.8021,35.26558],[136.80214,35.26536],[136.80218,35.26516],[136.80225,35.26486],[136.80242,35.26402],[136.80246,35.26385],[136.80251,35.26361],[136.80254,35.26347],[136.80267,35.26287],[136.80267,35.26283],[136.80273,35.26248],[136.80279,35.26207],[136.80281,35.26176],[136.80283,35.2612],[136.80287,35.25889],[136.80288,35.2587],[136.80288,35.25836],[136.80291,35.25582],[136.80292,35.25503]]},"properties":{"N02_001":"12","N02_002":"4","N02_003":"名古屋本線","N02_004":"名古屋鉄道"}},{"type":"Feature","geometry":{"type":"LineString","coordinates":[[136.78931,35.31799],[136.78943,35.31774],[136.78958,35.31745],[136.79007,35.31646],[136.79024,35.31611],[136.79032,35.31595],[136.79062,35.31532],[136.79076,35.31505],[136.791,35.31456],[136.79125,35.31405],[136.79227,35.31203],[136.79238,35.31182],[136.79265,35.31127],[136.79278,35.31098],[136.79335,35.30982],[136.79428,35.30785],[136.79546,35.30539],[136.79614,35.30382]]},"properties":{"N02_001":"12","N02_002":"4","N02_003":"名古屋本線","N02_004":"名古屋鉄道"}},{"type":"Feature","geometry":{"type":"LineString","coordinates":[[136.81082,35.23574],[136.81147,35.23431]]},"properties":{"N02_001":"12","N02_002":"4","N02_003":"名古屋本線","N02_004":"名古屋鉄道"}},{"type":"Feature","geometry":{"type":"LineString","coordinates":[[136.92075,35.12006],[136.91924,35.12039]]},"properties":{"N02_001":"12","N02_002":"4","N02_003":"名古屋本線","N02_004":"名古屋鉄道"}},{"type":"Feature","geometry":{"type":"LineString","coordinates":[[136.88889,35.15141],[136.88865,35.15236]]},"properties":{"N02_001":"12","N02_002":"4","N02_003":"名古屋本線","N02_004":"名古屋鉄道"}},{"type":"Feature","geometry":{"type":"LineString","coordinates":[[136.84247,35.20348],[136.84326,35.20165],[136.8436,35.20087],[136.84381,35.20038],[136.844,35.2001],[136.84438,35.19976],[136.84472,35.19948]]},"properties":{"N02_001":"12","N02_002":"4","N02_003":"名古屋本線","N02_004":"名古屋鉄道"}},{"type":"Feature","geometry":{"type":"LineString","coordinates":[[136.87045,35.19027],[136.87018,35.18961]]},"properties":{"N02_001":"12","N02_002":"4","N02_003":"名古屋本線","N02_004":"名古屋鉄道"}},{"type":"Feature","geometry":{"type":"LineString","coordinates":[[136.78895,35.3187],[136.78893,35.31874],[136.78853,35.31965],[136.78797,35.32077],[136.78684,35.32314],[136.7868,35.32323],[136.78661,35.32363],[136.78635,35.32418],[136.78614,35.32459],[136.78608,35.32473],[136.78575,35.32538],[136.7857,35.3255],[136.78568,35.32554],[136.7856,35.3257],[136.78552,35.32588]]},"properties":{"N02_001":"12","N02_002":"4","N02_003":"名古屋本線","N02_004":"名古屋鉄道"}},{"type":"Feature","geometry":{"type":"LineString","coordinates":[[136.85206,35.19554],[136.85318,35.19496]]},"properties":{"N02_001":"12","N02_002":"4","N02_003":"名古屋本線","N02_004":"名古屋鉄道"}},{"type":"Feature","geometry":{"type":"LineString","coordinates":[[136.88865,35.15236],[136.88862,35.15248],[136.88855,35.15273],[136.88838,35.1534],[136.88833,35.15361],[136.88812,35.15437],[136.88774,35.15576],[136.88737,35.15724],[136.88726,35.15772],[136.88699,35.15885],[136.8869,35.15921],[136.8867,35.16006],[136.8866,35.16047],[136.88639,35.16127],[136.88639,35.16128],[136.88625,35.16185],[136.88604,35.16267],[136.88592,35.16318],[136.885798,35.163644],[136.88571,35.16398],[136.88564,35.16431],[136.88542,35.16501],[136.88524,35.16531],[136.88471,35.16721],[136.88406,35.16989],[136.88398,35.17018]]},"properties":{"N02_001":"12","N02_002":"4","N02_003":"名古屋本線","N02_004":"名古屋鉄道"}},{"type":"Feature","geometry":{"type":"LineString","coordinates":[[136.95058,35.07878],[136.95076,35.07869],[136.95107,35.07852],[136.95128,35.0784],[136.95141,35.07831],[136.95155,35.07821],[136.95168,35.0781]]},"properties":{"N02_001":"12","N02_002":"4","N02_003":"名古屋本線","N02_004":"名古屋鉄道"}},{"type":"Feature","geometry":{"type":"LineString","coordinates":[[136.83477,35.21199],[136.83595,35.21093]]},"properties":{"N02_001":"12","N02_002":"4","N02_003":"名古屋本線","N02_004":"名古屋鉄道"}},{"type":"Feature","geometry":{"type":"LineString","coordinates":[[136.81885,35.22595],[136.81939,35.225476],[136.82113,35.22395],[136.82619,35.21952],[136.82624,35.21947],[136.826241,35.219469],[136.82723,35.2186],[136.83128,35.21503],[136.83477,35.21199]]},"properties":{"N02_001":"12","N02_002":"4","N02_003":"名古屋本線","N02_004":"名古屋鉄道"}},{"type":"Feature","geometry":{"type":"LineString","coordinates":[[136.9334,35.09856],[136.93347,35.0996]]},"properties":{"N02_001":"12","N02_002":"4","N02_003":"名古屋本線","N02_004":"名古屋鉄道"}},{"type":"Feature","geometry":{"type":"LineString","coordinates":[[136.93074,35.11435],[136.93,35.11517]]},"properties":{"N02_001":"12","N02_002":"4","N02_003":"名古屋本線","N02_004":"名古屋鉄道"}},{"type":"Feature","geometry":{"type":"LineString","coordinates":[[136.83595,35.21093],[136.83798,35.20912],[136.83835,35.2088],[136.83968,35.2076],[136.83985,35.20745],[136.84012,35.20721],[136.84056,35.20677],[136.84092,35.20634],[136.84128,35.20589],[136.84159,35.20538],[136.84181,35.20493]]},"properties":{"N02_001":"12","N02_002":"4","N02_003":"名古屋本線","N02_004":"名古屋鉄道"}},{"type":"Feature","geometry":{"type":"LineString","coordinates":[[136.95168,35.0781],[136.95185,35.07796],[136.95198,35.07783],[136.95218,35.07759],[136.95312,35.07632],[136.95348,35.07583],[136.95423,35.07482],[136.95485,35.07398],[136.95549,35.07315],[136.95591,35.07264],[136.95626,35.07226],[136.95638,35.07216],[136.9565,35.07206],[136.95675,35.07192],[136.95814,35.07136],[136.9591,35.07098],[136.95999,35.07065]]},"properties":{"N02_001":"12","N02_002":"4","N02_003":"名古屋本線","N02_004":"名古屋鉄道"}},{"type":"Feature","geometry":{"type":"LineString","coordinates":[[136.88376,35.1707],[136.88357,35.17111],[136.88338,35.17151],[136.88289,35.17234],[136.88207,35.17353],[136.881941,35.173718],[136.88194,35.17372],[136.88149,35.17435],[136.88027,35.17585],[136.87911,35.17753],[136.87835,35.17847],[136.87816,35.17874],[136.87739,35.17971],[136.87678,35.18032],[136.87639,35.18066],[136.87569,35.18128],[136.87535,35.18161],[136.87395,35.18294],[136.87385,35.18303],[136.87361,35.18327],[136.87351,35.18336],[136.87339,35.18347],[136.87333,35.18353]]},"properties":{"N02_001":"12","N02_002":"4","N02_003":"名古屋本線","N02_004":"名古屋鉄道"}},{"type":"Feature","geometry":{"type":"LineString","coordinates":[[136.91924,35.12039],[136.91909,35.12042],[136.91845,35.12055],[136.91784,35.12071],[136.91612,35.12111],[136.91601,35.12113],[136.915732,35.12119],[136.91573,35.12119],[136.91547,35.12125],[136.91525,35.12131],[136.9149,35.12142],[136.9147,35.12149],[136.91455,35.12158],[136.91444,35.12166],[136.91431,35.12176],[136.91427,35.12179],[136.91413,35.12191],[136.91399,35.12204],[136.91392,35.12211],[136.91385,35.12221],[136.91377,35.12234],[136.91369,35.12249],[136.91353,35.12289],[136.913382,35.123307],[136.91327,35.12362],[136.91295,35.12464]]},"properties":{"N02_001":"12","N02_002":"4","N02_003":"名古屋本線","N02_004":"名古屋鉄道"}},{"type":"Feature","geometry":{"type":"LineString","coordinates":[[137.32843,34.83708],[137.32785,34.83782]]},"properties":{"N02_001":"12","N02_002":"4","N02_003":"名古屋本線","N02_004":"名古屋鉄道"}},{"type":"Feature","geometry":{"type":"LineString","coordinates":[[137.38333,34.76105],[137.38294,34.76166],[137.38175,34.7635]]},"properties":{"N02_001":"12","N02_002":"4","N02_003":"名古屋本線","N02_004":"名古屋鉄道"}},{"type":"Feature","geometry":{"type":"LineString","coordinates":[[137.38175,34.7635],[137.38172,34.76354],[137.38141,34.76404]]},"properties":{"N02_001":"12","N02_002":"4","N02_003":"名古屋本線","N02_004":"名古屋鉄道"}},{"type":"Feature","geometry":{"type":"LineString","coordinates":[[137.3317,34.83287],[137.33139,34.83323],[137.32963,34.83552],[137.32882,34.83661],[137.32875,34.8367],[137.32855,34.83694],[137.32843,34.83708]]},"properties":{"N02_001":"12","N02_002":"4","N02_003":"名古屋本線","N02_004":"名古屋鉄道"}},{"type":"Feature","geometry":{"type":"LineString","coordinates":[[137.34538,34.81509],[137.34532,34.81517],[137.34521,34.81531],[137.34507,34.81549],[137.34427,34.81653],[137.34402,34.81685],[137.34362,34.81738],[137.34326,34.81784],[137.34307,34.8181],[137.34257,34.81874],[137.34185,34.81971],[137.34139,34.82025],[137.34085,34.82095],[137.33985,34.82223],[137.33917,34.82315],[137.33814,34.82448],[137.33758,34.82523],[137.33705,34.82592],[137.33641,34.82673],[137.33567,34.82771],[137.33501,34.82855],[137.33419,34.82963],[137.33362,34.83036],[137.33293,34.83125],[137.33234,34.83201],[137.33187,34.83262],[137.3317,34.83287]]},"properties":{"N02_001":"12","N02_002":"4","N02_003":"名古屋本線","N02_004":"名古屋鉄道"}},{"type":"Feature","geometry":{"type":"LineString","coordinates":[[137.19584,34.92409],[137.19513,34.92464],[137.19457,34.92507],[137.19371,34.92574],[137.19313,34.92618],[137.19248,34.92666],[137.1918,34.92721],[137.19113,34.92771],[137.19095,34.92785],[137.19069,34.92805],[137.19032,34.92833],[137.18892,34.92939],[137.18821,34.92994],[137.18777,34.93027],[137.18765,34.93036],[137.18752,34.93047],[137.18745,34.93051],[137.18716,34.93075],[137.18677,34.93108],[137.18614,34.93171],[137.18581,34.93217],[137.18573,34.9323],[137.18547,34.93278],[137.18535,34.93303],[137.1853,34.93315],[137.18526,34.93326],[137.18499,34.93392],[137.18472,34.93467],[137.18444,34.93545],[137.18421,34.93606],[137.18404,34.93644],[137.18389,34.93675],[137.18374,34.93697],[137.18359,34.93719]]},"properties":{"N02_001":"12","N02_002":"4","N02_003":"名古屋本線","N02_004":"名古屋鉄道"}},{"type":"Feature","geometry":{"type":"LineString","coordinates":[[137.18359,34.93719],[137.18337,34.93744],[137.18311,34.9377]]},"properties":{"N02_001":"12","N02_002":"4","N02_003":"名古屋本線","N02_004":"名古屋鉄道"}},{"type":"Feature","geometry":{"type":"LineString","coordinates":[[137.35536,34.80212],[137.35593,34.80137],[137.35637,34.8008],[137.35698,34.80003],[137.35741,34.79946],[137.35819,34.79845],[137.3587,34.7978],[137.35919,34.79716]]},"properties":{"N02_001":"12","N02_002":"4","N02_003":"名古屋本線","N02_004":"名古屋鉄道"}},{"type":"Feature","geometry":{"type":"LineString","coordinates":[[137.18311,34.9377],[137.18268,34.93813],[137.18255,34.93824],[137.18226,34.93851],[137.18153,34.93927],[137.18094,34.93988],[137.18036,34.94049],[137.17995,34.94093],[137.17946,34.94142],[137.17881,34.94212],[137.17799,34.94297],[137.17749,34.94347],[137.17714,34.94384],[137.17663,34.94436],[137.17595,34.94508],[137.17571,34.94533],[137.17526,34.9458],[137.17454,34.94655],[137.17381,34.94731],[137.17319,34.94795],[137.17257,34.94859],[137.17201,34.94917],[137.17156,34.94965],[137.17117,34.95003],[137.17077,34.9504],[137.17025,34.95083],[137.16967,34.95123],[137.16922,34.95148],[137.16888,34.95163],[137.16869,34.9517],[137.1685,34.95176],[137.16823,34.95184]]},"properties":{"N02_001":"12","N02_002":"4","N02_003":"名古屋本線","N02_004":"名古屋鉄道"}},{"type":"Feature","geometry":{"type":"LineString","coordinates":[[137.24301,34.89938],[137.24238,34.89966]]},"properties":{"N02_001":"12","N02_002":"4","N02_003":"名古屋本線","N02_004":"名古屋鉄道"}},{"type":"Feature","geometry":{"type":"LineString","coordinates":[[137.087,34.98612],[137.08745,34.98587],[137.08826,34.98544],[137.08944,34.98488],[137.08954,34.98483],[137.09118,34.98415],[137.09224,34.98371],[137.09357,34.98315],[137.09361,34.98314],[137.09363,34.98314],[137.09408,34.98295],[137.09414,34.98292],[137.09466,34.9827],[137.09665,34.98186],[137.0967,34.98185],[137.0973,34.9816],[137.09765,34.98145],[137.09834,34.98116],[137.09887,34.98094],[137.0993,34.98076],[137.0994,34.98072],[137.09953,34.98067],[137.10083,34.98012],[137.1018,34.97973],[137.10276,34.97933],[137.10291,34.97927],[137.10343,34.97905],[137.10408,34.97878],[137.1041,34.97877],[137.10464,34.97854],[137.10481,34.97847],[137.10498,34.9784],[137.10522,34.9783],[137.10564,34.97811],[137.1065,34.97771],[137.10657,34.97767],[137.1073,34.97729],[137.10737,34.97724],[137.10749,34.97718],[137.10755,34.97714],[137.10861,34.97658],[137.10886,34.97642],[137.108879,34.97641],[137.10888,34.97641],[137.10955,34.97604],[137.10968,34.97597],[137.11069,34.9754],[137.11085,34.9753],[137.11143,34.97498],[137.11184,34.97476],[137.11241,34.97444],[137.11255,34.97436],[137.11392,34.9736],[137.11401,34.97355],[137.11505,34.97298],[137.11566,34.97264],[137.11628,34.9723],[137.11665,34.97209],[137.11698,34.97192],[137.11754,34.97161],[137.11762,34.97158]]},"properties":{"N02_001":"12","N02_002":"4","N02_003":"名古屋本線","N02_004":"名古屋鉄道"}},{"type":"Feature","geometry":{"type":"LineString","coordinates":[[137.3611,34.79396],[137.36079,34.79456],[137.36046,34.79508],[137.35997,34.79592],[137.35968,34.79639],[137.35919,34.79716]]},"properties":{"N02_001":"12","N02_002":"4","N02_003":"名古屋本線","N02_004":"名古屋鉄道"}},{"type":"Feature","geometry":{"type":"LineString","coordinates":[[137.13936,34.96135],[137.1391,34.96148],[137.1379,34.96203],[137.13706,34.9624],[137.13616,34.96281],[137.13554,34.96309],[137.13467,34.9635],[137.13439,34.96363],[137.13368,34.96396],[137.13281,34.96435],[137.13193,34.96475],[137.13079,34.96528],[137.13025,34.96553],[137.12939,34.96592],[137.12874,34.96623],[137.12826,34.96645],[137.12767,34.96673],[137.1268,34.96712],[137.12596,34.96752],[137.12511,34.9679],[137.12475,34.96808],[137.1246,34.96814],[137.12447,34.96821],[137.12405,34.96839],[137.12351,34.96863],[137.12278,34.96897],[137.12247,34.96911],[137.12203,34.96933],[137.12137,34.96964],[137.12033,34.97012],[137.11981,34.97036],[137.1192,34.97071],[137.11915,34.97074],[137.11904,34.97079],[137.1188,34.97092],[137.11867,34.971],[137.11859,34.97105]]},"properties":{"N02_001":"12","N02_002":"4","N02_003":"名古屋本線","N02_004":"名古屋鉄道"}},{"type":"Feature","geometry":{"type":"LineString","coordinates":[[137.36253,34.79286],[137.36205,34.79347],[137.36168,34.79397],[137.36164,34.79403],[137.36159,34.7941],[137.36129,34.79447],[137.361181,34.794608],[137.3611,34.79471],[137.36076,34.79515],[137.35986,34.79631],[137.35931,34.79701],[137.35919,34.79716]]},"properties":{"N02_001":"12","N02_002":"4","N02_003":"名古屋本線","N02_004":"名古屋鉄道"}},{"type":"Feature","geometry":{"type":"LineString","coordinates":[[137.36673,34.78704],[137.36598,34.78811],[137.36538,34.78894],[137.36483,34.78968],[137.36453,34.79008],[137.36418,34.79056],[137.36361,34.79132],[137.36358,34.79136],[137.363578,34.791363],[137.36295,34.79226],[137.36253,34.79286]]},"properties":{"N02_001":"12","N02_002":"4","N02_003":"名古屋本線","N02_004":"名古屋鉄道"}},{"type":"Feature","geometry":{"type":"LineString","coordinates":[[137.16823,34.95184],[137.16667,34.95222]]},"properties":{"N02_001":"12","N02_002":"4","N02_003":"名古屋本線","N02_004":"名古屋鉄道"}},{"type":"Feature","geometry":{"type":"LineString","coordinates":[[137.35536,34.80212],[137.35496,34.80263],[137.35456,34.80315],[137.35427,34.80351]]},"properties":{"N02_001":"12","N02_002":"4","N02_003":"名古屋本線","N02_004":"名古屋鉄道"}},{"type":"Feature","geometry":{"type":"LineString","coordinates":[[137.15277,34.95521],[137.15263,34.95528],[137.1524,34.95539],[137.15215,34.95551],[137.15135,34.95586],[137.1512,34.95593],[137.15102,34.95601],[137.15078,34.95612],[137.14992,34.95651],[137.14976,34.95658],[137.14881,34.95702],[137.14855,34.95714],[137.14775,34.95751],[137.14669,34.95798],[137.14662,34.95802],[137.1463,34.95817],[137.14605,34.95828],[137.14563,34.95847],[137.14481,34.95885],[137.14393,34.95925],[137.14308,34.95964],[137.14222,34.96004],[137.14162,34.96032],[137.14058,34.96078]]},"properties":{"N02_001":"12","N02_002":"4","N02_003":"名古屋本線","N02_004":"名古屋鉄道"}},{"type":"Feature","geometry":{"type":"LineString","coordinates":[[137.24238,34.89966],[137.24164,34.9],[137.24012,34.90071],[137.2393,34.90108],[137.23892,34.90136],[137.2386,34.90161],[137.23838,34.9018],[137.2382,34.90204],[137.23803,34.90235],[137.23788,34.90264],[137.23775,34.90296],[137.23761,34.90334],[137.23756,34.90345],[137.23746,34.90361],[137.23723,34.90393],[137.23702,34.90422],[137.23678,34.90451],[137.23645,34.90489],[137.23596,34.90536],[137.23567,34.90561],[137.23516,34.90595],[137.23497,34.90606],[137.23485,34.90613],[137.2348,34.90616],[137.23455,34.90631],[137.23439,34.90641],[137.23366,34.90682],[137.23295,34.90724],[137.23151,34.9081],[137.23018,34.90888],[137.22966,34.90919],[137.22923,34.90943],[137.22785,34.90991],[137.22666,34.91034],[137.2249,34.91097],[137.22466,34.91105],[137.22384,34.91134],[137.22274,34.91174],[137.22157,34.91216],[137.22052,34.91253],[137.21901,34.91307]]},"properties":{"N02_001":"12","N02_002":"4","N02_003":"名古屋本線","N02_004":"名古屋鉄道"}},{"type":"Feature","geometry":{"type":"LineString","coordinates":[[137.28804,34.87164],[137.28759,34.87182],[137.2865,34.87226],[137.2859,34.87249],[137.28529,34.87274],[137.28448,34.87306],[137.28377,34.87334],[137.2834,34.87349],[137.2831,34.87361],[137.28236,34.87391],[137.28112,34.8744],[137.27975,34.87495],[137.27968,34.87498],[137.27943,34.87508],[137.27843,34.87548],[137.27779,34.87579],[137.27752,34.87592],[137.27705,34.87617],[137.27668,34.87639],[137.27387,34.87805],[137.27288,34.87863],[137.27255,34.87887],[137.27152,34.87955],[137.27129,34.8797],[137.2707,34.8801],[137.27058,34.88016],[137.27012,34.88047],[137.26962,34.88084],[137.26881,34.8815],[137.26809,34.88211],[137.26736,34.88275],[137.26685,34.8832],[137.26646,34.88357],[137.26612,34.88392],[137.26589,34.88416],[137.26586,34.88422],[137.265858,34.884224],[137.26577,34.88436],[137.26562,34.88461],[137.26548,34.8849],[137.26535,34.88528],[137.26529,34.88552],[137.26519,34.88603],[137.26504,34.88694],[137.26493,34.88767],[137.26483,34.88823],[137.26474,34.88869],[137.26466,34.88893],[137.26446,34.8894],[137.26429,34.88966],[137.26409,34.88993],[137.26391,34.89015],[137.26356,34.89047],[137.26317,34.89076],[137.26281,34.89102],[137.2621,34.8915],[137.26175,34.89175],[137.26094,34.8923],[137.26056,34.89256]]},"properties":{"N02_001":"12","N02_002":"4","N02_003":"名古屋本線","N02_004":"名古屋鉄道"}},{"type":"Feature","geometry":{"type":"LineString","coordinates":[[137.32112,34.84654],[137.32093,34.84679],[137.31974,34.84834],[137.31938,34.84879],[137.31897,34.84932],[137.31893,34.84939],[137.31886,34.84947],[137.31859,34.84982],[137.31821,34.85031],[137.31793,34.85066],[137.31645,34.8526],[137.31643,34.85264],[137.31634,34.85273],[137.31601,34.85318],[137.31576,34.85349],[137.31567,34.8536],[137.31512,34.85433],[137.3145,34.85516],[137.31377,34.85613],[137.31318,34.8569],[137.31315,34.85695],[137.3128,34.85741],[137.31264,34.85763],[137.31207,34.85832],[137.31155,34.85899]]},"properties":{"N02_001":"12","N02_002":"4","N02_003":"名古屋本線","N02_004":"名古屋鉄道"}},{"type":"Feature","geometry":{"type":"LineString","coordinates":[[137.28804,34.87164],[137.28874,34.8713]]},"properties":{"N02_001":"12","N02_002":"4","N02_003":"名古屋本線","N02_004":"名古屋鉄道"}},{"type":"Feature","geometry":{"type":"LineString","coordinates":[[137.21813,34.91341],[137.2173,34.91371],[137.21656,34.91397],[137.21594,34.91419],[137.21515,34.91448],[137.21437,34.91475],[137.21379,34.91496],[137.21299,34.91524],[137.21284,34.91527],[137.21256,34.91532],[137.21234,34.91533],[137.21162,34.91534],[137.21078,34.91534],[137.21013,34.91535],[137.20982,34.91535],[137.20887,34.91537],[137.20842,34.91541],[137.20772,34.91549],[137.20732,34.91558],[137.20671,34.9158],[137.20619,34.91601],[137.20573,34.91629],[137.20489,34.91689],[137.204,34.91762],[137.20254,34.9188],[137.20112,34.91993],[137.20104,34.92],[137.20058,34.92035],[137.20052,34.9204],[137.20029,34.92058],[137.19996,34.92084],[137.19926,34.9214],[137.19857,34.92194],[137.19789,34.92248],[137.19766,34.92267],[137.19748,34.92281],[137.19683,34.92332]]},"properties":{"N02_001":"12","N02_002":"4","N02_003":"名古屋本線","N02_004":"名古屋鉄道"}},{"type":"Feature","geometry":{"type":"LineString","coordinates":[[137.31078,34.85968],[137.31048,34.85991],[137.31001,34.86026],[137.30956,34.86056],[137.30931,34.86071],[137.30905,34.86086],[137.30787,34.86151],[137.30748,34.86173],[137.30681,34.86206],[137.30498,34.86298],[137.30396,34.8635],[137.3026,34.86417],[137.30235,34.8643],[137.30171,34.86464],[137.30127,34.86486],[137.30043,34.8653],[137.29986,34.86559],[137.29957,34.86575],[137.29931,34.86588],[137.2992,34.86595],[137.29832,34.86639],[137.29814,34.86648],[137.29682,34.86717],[137.2964,34.86738],[137.29602,34.86758],[137.29584,34.86767],[137.29556,34.86782],[137.29522,34.86801],[137.29256,34.86938],[137.2911,34.87013],[137.29059,34.87039],[137.29017,34.8706],[137.28993,34.87073],[137.28906,34.87116],[137.28874,34.8713]]},"properties":{"N02_001":"12","N02_002":"4","N02_003":"名古屋本線","N02_004":"名古屋鉄道"}},{"type":"Feature","geometry":{"type":"LineString","coordinates":[[137.3611,34.79396],[137.36112,34.79379],[137.36113,34.7936],[137.36114,34.79343],[137.3612,34.79311],[137.36135,34.79264],[137.36149,34.79237],[137.36181,34.79196],[137.36214,34.79165],[137.36279,34.79103],[137.36297,34.79085],[137.36308,34.79075],[137.36369,34.79019],[137.364,34.78989],[137.3641,34.78978],[137.36466,34.78922],[137.36532,34.78853],[137.36552,34.78833],[137.36568,34.78816],[137.36587,34.78796],[137.36631,34.78747],[137.36673,34.78704]]},"properties":{"N02_001":"12","N02_002":"4","N02_003":"名古屋本線","N02_004":"名古屋鉄道"}},{"type":"Feature","geometry":{"type":"LineString","coordinates":[[137.24301,34.89938],[137.24369,34.89906],[137.24426,34.89886],[137.24456,34.89875],[137.24493,34.89866],[137.24544,34.89856],[137.24573,34.8985],[137.24587,34.89848],[137.24602,34.89845],[137.24669,34.89833],[137.24702,34.89826],[137.24743,34.89818],[137.24786,34.89807],[137.24824,34.89797],[137.24829,34.89796],[137.24886,34.89778],[137.25,34.89731],[137.25171,34.89662],[137.25176,34.89661],[137.25272,34.89621],[137.25377,34.8958],[137.25703,34.89454],[137.25777,34.89419],[137.25939,34.8933]]},"properties":{"N02_001":"12","N02_002":"4","N02_003":"名古屋本線","N02_004":"名古屋鉄道"}},{"type":"Feature","geometry":{"type":"LineString","coordinates":[[137.31155,34.85899],[137.31108,34.85941],[137.31078,34.85968]]},"properties":{"N02_001":"12","N02_002":"4","N02_003":"名古屋本線","N02_004":"名古屋鉄道"}},{"type":"Feature","geometry":{"type":"LineString","coordinates":[[137.34587,34.81444],[137.34572,34.81464],[137.34553,34.81488],[137.34538,34.81509]]},"properties":{"N02_001":"12","N02_002":"4","N02_003":"名古屋本線","N02_004":"名古屋鉄道"}},{"type":"Feature","geometry":{"type":"LineString","coordinates":[[137.14058,34.96078],[137.13936,34.96135]]},"properties":{"N02_001":"12","N02_002":"4","N02_003":"名古屋本線","N02_004":"名古屋鉄道"}},{"type":"Feature","geometry":{"type":"LineString","coordinates":[[137.11762,34.97158],[137.11859,34.97105]]},"properties":{"N02_001":"12","N02_002":"4","N02_003":"名古屋本線","N02_004":"名古屋鉄道"}},{"type":"Feature","geometry":{"type":"LineString","coordinates":[[137.21901,34.91307],[137.21813,34.91341]]},"properties":{"N02_001":"12","N02_002":"4","N02_003":"名古屋本線","N02_004":"名古屋鉄道"}},{"type":"Feature","geometry":{"type":"LineString","coordinates":[[137.26056,34.89256],[137.25939,34.8933]]},"properties":{"N02_001":"12","N02_002":"4","N02_003":"名古屋本線","N02_004":"名古屋鉄道"}},{"type":"Feature","geometry":{"type":"LineString","coordinates":[[137.35427,34.80351],[137.35359,34.80439],[137.35302,34.80514],[137.35273,34.80553],[137.35215,34.80627],[137.35136,34.8073],[137.35061,34.80828],[137.35027,34.80869],[137.34984,34.80927],[137.34941,34.80985],[137.34905,34.81032],[137.34877,34.81069],[137.34844,34.81112],[137.34819,34.81144],[137.3478,34.81195],[137.34744,34.81242],[137.34715,34.81279],[137.34701,34.81297],[137.34686,34.81317],[137.3468,34.81325],[137.34665,34.81346],[137.34632,34.81387],[137.34587,34.81444]]},"properties":{"N02_001":"12","N02_002":"4","N02_003":"名古屋本線","N02_004":"名古屋鉄道"}},{"type":"Feature","geometry":{"type":"LineString","coordinates":[[137.19683,34.92332],[137.19584,34.92409]]},"properties":{"N02_001":"12","N02_002":"4","N02_003":"名古屋本線","N02_004":"名古屋鉄道"}},{"type":"Feature","geometry":{"type":"LineString","coordinates":[[137.15411,34.95464],[137.15362,34.95484],[137.15346,34.95492],[137.15339,34.95495],[137.15277,34.95521]]},"properties":{"N02_001":"12","N02_002":"4","N02_003":"名古屋本線","N02_004":"名古屋鉄道"}},{"type":"Feature","geometry":{"type":"LineString","coordinates":[[137.32188,34.84558],[137.32112,34.84654]]},"properties":{"N02_001":"12","N02_002":"4","N02_003":"名古屋本線","N02_004":"名古屋鉄道"}},{"type":"Feature","geometry":{"type":"LineString","coordinates":[[137.16667,34.95222],[137.16656,34.95224],[137.16624,34.95231],[137.16603,34.95236],[137.1659,34.95237],[137.16554,34.9524],[137.16467,34.95243],[137.16431,34.95243],[137.16394,34.95242],[137.16383,34.95241],[137.16328,34.95238],[137.16261,34.95233],[137.16254,34.95232],[137.16222,34.95229],[137.16137,34.95219],[137.16044,34.95216],[137.16,34.95218],[137.15942,34.95227],[137.15902,34.95241],[137.15853,34.95262],[137.15838,34.95269],[137.15794,34.95288],[137.15732,34.95317],[137.15668,34.95346],[137.15604,34.95375],[137.15575,34.95389],[137.1554,34.95403],[137.15505,34.9542],[137.15464,34.95439],[137.15411,34.95464]]},"properties":{"N02_001":"12","N02_002":"4","N02_003":"名古屋本線","N02_004":"名古屋鉄道"}},{"type":"Feature","geometry":{"type":"LineString","coordinates":[[137.32785,34.83782],[137.32726,34.83861],[137.32714,34.83876],[137.32697,34.839],[137.32583,34.84051],[137.32553,34.8409],[137.32529,34.84122],[137.32426,34.84255],[137.32298,34.84418],[137.3225,34.8448],[137.32232,34.84503],[137.322,34.84543],[137.32188,34.84558]]},"properties":{"N02_001":"12","N02_002":"4","N02_003":"名古屋本線","N02_004":"名古屋鉄道"}},{"type":"Feature","geometry":{"type":"LineString","coordinates":[[137.36673,34.78704],[137.36682,34.78695],[137.36691,34.78682],[137.36721,34.78633],[137.36798,34.78514],[137.36849,34.78432],[137.36858,34.78418],[137.36872,34.78395],[137.369,34.78352],[137.36926,34.78313],[137.36934,34.78298],[137.3694,34.7829],[137.36975,34.78234],[137.36993,34.78206],[137.37005,34.78189],[137.37042,34.7813]]},"properties":{"N02_001":"12","N02_002":"4","N02_003":"名古屋本線","N02_004":"名古屋鉄道"}},{"type":"Feature","geometry":{"type":"LineString","coordinates":[[137.37086,34.7806],[137.37068,34.7809],[137.37054,34.78113],[137.37042,34.7813]]},"properties":{"N02_001":"12","N02_002":"4","N02_003":"名古屋本線","N02_004":"名古屋鉄道"}},{"type":"Feature","geometry":{"type":"LineString","coordinates":[[137.37369,34.77632],[137.37301,34.77732],[137.37239,34.77826],[137.37201,34.77884],[137.3717,34.77931],[137.37111,34.78022],[137.37103,34.78034],[137.371,34.7804],[137.3709,34.78055],[137.37086,34.7806]]},"properties":{"N02_001":"12","N02_002":"4","N02_003":"名古屋本線","N02_004":"名古屋鉄道"}},{"type":"Feature","geometry":{"type":"LineString","coordinates":[[137.38141,34.76404],[137.38134,34.76448],[137.38123,34.76468],[137.38069,34.76553],[137.38065,34.7656],[137.37989,34.76679],[137.37922,34.76781],[137.3786,34.76877],[137.37843,34.76903],[137.37803,34.76965],[137.37682,34.77151],[137.37604,34.77271],[137.37523,34.77395],[137.37457,34.77496],[137.37444,34.77515]]},"properties":{"N02_001":"12","N02_002":"4","N02_003":"名古屋本線","N02_004":"名古屋鉄道"}},{"type":"Feature","geometry":{"type":"LineString","coordinates":[[137.37444,34.77515],[137.37369,34.77632]]},"properties":{"N02_001":"12","N02_002":"4","N02_003":"名古屋本線","N02_004":"名古屋鉄道"}},{"type":"Feature","geometry":{"type":"LineString","coordinates":[[136.86321,35.09177],[136.86351,35.09125]]},"properties":{"N02_001":"12","N02_002":"5","N02_003":"西名古屋港線","N02_004":"名古屋臨海高速鉄道"}},{"type":"Feature","geometry":{"type":"LineString","coordinates":[[136.8542,35.07479],[136.85418,35.07586]]},"properties":{"N02_001":"12","N02_002":"5","N02_003":"西名古屋港線","N02_004":"名古屋臨海高速鉄道"}},{"type":"Feature","geometry":{"type":"LineString","coordinates":[[136.86139,35.10508],[136.86122,35.10393]]},"properties":{"N02_001":"12","N02_002":"5","N02_003":"西名古屋港線","N02_004":"名古屋臨海高速鉄道"}},{"type":"Feature","geometry":{"type":"LineString","coordinates":[[136.86138,35.1485],[136.86135,35.14824],[136.86129,35.14764],[136.86128,35.14723],[136.86128,35.14704],[136.86128,35.14693],[136.86135,35.14606],[136.86148,35.14481],[136.86163,35.1432],[136.86181,35.1416],[136.86189,35.14062]]},"properties":{"N02_001":"12","N02_002":"5","N02_003":"西名古屋港線","N02_004":"名古屋臨海高速鉄道"}},{"type":"Feature","geometry":{"type":"LineString","coordinates":[[136.84952,35.04911],[136.84897,35.04866]]},"properties":{"N02_001":"12","N02_002":"5","N02_003":"西名古屋港線","N02_004":"名古屋臨海高速鉄道"}},{"type":"Feature","geometry":{"type":"MultiLineString","coordinates":[[[136.8542,35.07479],[136.85414,35.06202],[136.85417,35.05994],[136.85422,35.05826],[136.85423,35.05735],[136.85419,35.057],[136.854099,35.056585]],[[136.853825,35.055334],[136.85382,35.05531],[136.85327,35.05302],[136.85309,35.05251],[136.85284,35.05207],[136.85252,35.05169],[136.85217,35.05133],[136.85005,35.04954],[136.84952,35.04911]]]},"properties":{"N02_001":"12","N02_002":"5","N02_003":"西名古屋港線","N02_004":"名古屋臨海高速鉄道"}},{"type":"Feature","geometry":{"type":"LineString","coordinates":[[136.88254,35.16257],[136.8813,35.16146]]},"properties":{"N02_001":"12","N02_002":"5","N02_003":"西名古屋港線","N02_004":"名古屋臨海高速鉄道"}},{"type":"Feature","geometry":{"type":"LineString","coordinates":[[136.86198,35.13948],[136.86213,35.13797],[136.86213,35.13794],[136.86223,35.13703],[136.86224,35.13688],[136.86226,35.13659],[136.86227,35.13612],[136.86235,35.13493],[136.86238,35.13456],[136.86234,35.13371],[136.86226,35.13308],[136.86216,35.13272],[136.86202,35.1324],[136.86198,35.13227],[136.86196,35.13216]]},"properties":{"N02_001":"12","N02_002":"5","N02_003":"西名古屋港線","N02_004":"名古屋臨海高速鉄道"}},{"type":"Feature","geometry":{"type":"LineString","coordinates":[[136.86156,35.14966],[136.86144,35.14903],[136.86138,35.1485]]},"properties":{"N02_001":"12","N02_002":"5","N02_003":"西名古屋港線","N02_004":"名古屋臨海高速鉄道"}},{"type":"Feature","geometry":{"type":"LineString","coordinates":[[136.86189,35.14062],[136.86198,35.13948]]},"properties":{"N02_001":"12","N02_002":"5","N02_003":"西名古屋港線","N02_004":"名古屋臨海高速鉄道"}},{"type":"Feature","geometry":{"type":"LineString","coordinates":[[136.882768,35.168342],[136.882309,35.168981]]},"properties":{"N02_001":"12","N02_002":"5","N02_003":"西名古屋港線","N02_004":"名古屋臨海高速鉄道"}},{"type":"Feature","geometry":{"type":"LineString","coordinates":[[136.8627,35.11413],[136.86139,35.10508]]},"properties":{"N02_001":"12","N02_002":"5","N02_003":"西名古屋港線","N02_004":"名古屋臨海高速鉄道"}},{"type":"Feature","geometry":{"type":"LineString","coordinates":[[136.86191,35.13111],[136.86197,35.12947],[136.86198,35.12896],[136.86198,35.12784],[136.86193,35.12752],[136.8618,35.12723],[136.86165,35.12691],[136.86153,35.1265],[136.86145,35.12605],[136.86143,35.12571]]},"properties":{"N02_001":"12","N02_002":"5","N02_003":"西名古屋港線","N02_004":"名古屋臨海高速鉄道"}},{"type":"Feature","geometry":{"type":"LineString","coordinates":[[136.86139,35.12466],[136.86143,35.12571]]},"properties":{"N02_001":"12","N02_002":"5","N02_003":"西名古屋港線","N02_004":"名古屋臨海高速鉄道"}},{"type":"Feature","geometry":{"type":"LineString","coordinates":[[136.86139,35.12466],[136.86136,35.12296],[136.86136,35.122822],[136.86136,35.12097],[136.86145,35.12029],[136.86161,35.11981],[136.86183,35.11937],[136.86249,35.11762],[136.86265,35.11696],[136.86277,35.1163],[136.86285,35.11557],[136.86283,35.11515],[136.86281,35.11498]]},"properties":{"N02_001":"12","N02_002":"5","N02_003":"西名古屋港線","N02_004":"名古屋臨海高速鉄道"}},{"type":"Feature","geometry":{"type":"LineString","coordinates":[[136.86122,35.10393],[136.86071,35.10078],[136.86035,35.09896],[136.86031,35.09829],[136.86034,35.0978],[136.86037,35.09735],[136.86045,35.09695],[136.86057,35.09648],[136.86073,35.096],[136.86115,35.09511],[136.8628,35.0925],[136.86321,35.09177]]},"properties":{"N02_001":"12","N02_002":"5","N02_003":"西名古屋港線","N02_004":"名古屋臨海高速鉄道"}},{"type":"Feature","geometry":{"type":"LineString","coordinates":[[136.8627,35.11413],[136.86278,35.11462],[136.8628,35.11483],[136.86281,35.11498]]},"properties":{"N02_001":"12","N02_002":"5","N02_003":"西名古屋港線","N02_004":"名古屋臨海高速鉄道"}},{"type":"Feature","geometry":{"type":"LineString","coordinates":[[136.86351,35.09125],[136.86365,35.09101],[136.86488,35.08886],[136.86565,35.08743],[136.86582,35.08701],[136.86589,35.08672],[136.86595,35.08577],[136.86588,35.08543],[136.86579,35.08509],[136.86562,35.08464],[136.86539,35.08428],[136.86516,35.08408],[136.86491,35.08391],[136.86428,35.08348],[136.86391,35.08324],[136.86347,35.08297],[136.86304,35.08267],[136.86257,35.08223],[136.86225,35.08183],[136.86191,35.08137],[136.86157,35.08103],[136.86112,35.08069],[136.86062,35.08041],[136.85962,35.07994],[136.85553,35.07798],[136.85485,35.07758],[136.85468,35.07744],[136.85454,35.0773],[136.85444,35.07716],[136.85435,35.07702],[136.85427,35.07676],[136.85421,35.07635],[136.85418,35.07586]]},"properties":{"N02_001":"12","N02_002":"5","N02_003":"西名古屋港線","N02_004":"名古屋臨海高速鉄道"}},{"type":"Feature","geometry":{"type":"LineString","coordinates":[[136.86191,35.13111],[136.86196,35.13216]]},"properties":{"N02_001":"12","N02_002":"5","N02_003":"西名古屋港線","N02_004":"名古屋臨海高速鉄道"}},{"type":"Feature","geometry":{"type":"LineString","coordinates":[[136.882768,35.168342],[136.883098,35.167856],[136.883162,35.167738],[136.883433,35.167237],[136.8837,35.166734],[136.883832,35.166486],[136.883909,35.166155],[136.883925,35.165991],[136.88396,35.16562],[136.88395,35.16535],[136.88392,35.16509],[136.88387,35.16483],[136.88377,35.16455],[136.88357,35.16416],[136.88344,35.16387],[136.883356,35.163686],[136.88333,35.16363],[136.88326,35.16348],[136.88311,35.1632],[136.88296,35.16298],[136.88273,35.16275],[136.88254,35.16257]]},"properties":{"N02_001":"12","N02_002":"5","N02_003":"西名古屋港線","N02_004":"名古屋臨海高速鉄道"}},{"type":"Feature","geometry":{"type":"LineString","coordinates":[[136.8813,35.16146],[136.88071,35.16092],[136.87995,35.1603],[136.8795,35.15997],[136.87931,35.15984],[136.87867,35.15949],[136.8779,35.15915],[136.87672,35.1586],[136.87522,35.1579],[136.87492,35.15776],[136.87441,35.15753]]},"properties":{"N02_001":"12","N02_002":"5","N02_003":"西名古屋港線","N02_004":"名古屋臨海高速鉄道"}},{"type":"Feature","geometry":{"type":"LineString","coordinates":[[136.8702,35.15541],[136.87064,35.15559],[136.87189,35.15613],[136.87205,35.15621],[136.87253,35.15651],[136.87298,35.15677],[136.87363,35.15715],[136.87389,35.15729],[136.87441,35.15753]]},"properties":{"N02_001":"12","N02_002":"5","N02_003":"西名古屋港線","N02_004":"名古屋臨海高速鉄道"}},{"type":"Feature","geometry":{"type":"LineString","coordinates":[[136.8702,35.15541],[136.8694,35.15495],[136.8687,35.15459],[136.86867,35.154575],[136.86784,35.15415],[136.86729,35.1539],[136.86564,35.15314],[136.86492,35.15281],[136.86455,35.15263],[136.86417,35.15246],[136.86375,35.1523],[136.86353,35.15218],[136.86312,35.152],[136.8629,35.15185],[136.8626,35.15166],[136.86244,35.15151],[136.86227,35.15132],[136.86207,35.15102],[136.86192,35.15079],[136.86178,35.15052],[136.8616,35.14986],[136.86158,35.14973],[136.86156,35.14966]]},"properties":{"N02_001":"12","N02_002":"5","N02_003":"西名古屋港線","N02_004":"名古屋臨海高速鉄道"}},{"type":"Feature","geometry":{"type":"LineString","coordinates":[[137.02756,34.98374],[137.02674,34.98406],[137.02618,34.98429],[137.02503,34.98475],[137.02467,34.98488],[137.024,34.98514],[137.02347,34.98536],[137.02235,34.9858],[137.0218,34.98602],[137.02092,34.98638],[137.02083,34.98641],[137.02025,34.98664],[137.01979,34.98683],[137.01962,34.9869],[137.01803,34.98751],[137.01619,34.98826],[137.01597,34.98834],[137.01569,34.98845],[137.01537,34.98857],[137.01438,34.98896],[137.01324,34.98941],[137.01252,34.9897],[137.01155,34.99008]]},"properties":{"N02_001":"11","N02_002":"2","N02_003":"東海道線","N02_004":"東海旅客鉄道"}},{"type":"Feature","geometry":{"type":"LineString","coordinates":[[137.04228,34.97788],[137.04181,34.97807],[137.0409,34.97844],[137.0407,34.97852],[137.0399,34.97883],[137.03868,34.97931],[137.03801,34.97958],[137.03771,34.9797],[137.03746,34.9798],[137.0372,34.9799],[137.03708,34.97995],[137.03587,34.98044],[137.03565,34.98052],[137.0354,34.98062],[137.0352,34.98069],[137.03448,34.98098],[137.03337,34.98143],[137.03238,34.98182],[137.03107,34.98235],[137.03079,34.98246],[137.03027,34.98266],[137.02981,34.98285],[137.02908,34.98315],[137.02876,34.98327]]},"properties":{"N02_001":"11","N02_002":"2","N02_003":"東海道線","N02_004":"東海旅客鉄道"}},{"type":"Feature","geometry":{"type":"LineString","coordinates":[[137.02876,34.98327],[137.02821,34.98349],[137.02756,34.98374]]},"properties":{"N02_001":"11","N02_002":"2","N02_003":"東海道線","N02_004":"東海旅客鉄道"}},{"type":"Feature","geometry":{"type":"LineString","coordinates":[[136.948415,35.054962],[136.94719,35.05711],[136.94649,35.05831],[136.94639,35.05848],[136.94535,35.06018],[136.94355,35.06321],[136.94282,35.06444],[136.94278,35.06452],[136.9426,35.06482],[136.94232,35.06529],[136.94223,35.06545],[136.94185,35.06618],[136.94131,35.06718],[136.9413,35.06722],[136.94118,35.06742],[136.94114,35.06751],[136.9408,35.06814]]},"properties":{"N02_001":"11","N02_002":"2","N02_003":"東海道線","N02_004":"東海旅客鉄道"}},{"type":"Feature","geometry":{"type":"LineString","coordinates":[[136.949005,35.053952],[136.94874,35.05443],[136.948415,35.054962]]},"properties":{"N02_001":"11","N02_002":"2","N02_003":"東海道線","N02_004":"東海旅客鉄道"}},{"type":"Feature","geometry":{"type":"LineString","coordinates":[[137.08829,34.91717],[137.0881,34.91646],[137.08797,34.91614],[137.08768,34.91553],[137.08748,34.91522],[137.08719,34.91482],[137.08679,34.91433],[137.08647,34.91398],[137.08605,34.91357],[137.08565,34.91324],[137.08447,34.91225],[137.08407,34.91192],[137.08268,34.91076],[137.08193,34.91013],[137.08111,34.90945],[137.0804,34.90887],[137.0798,34.90836],[137.07954,34.90817],[137.07897,34.9077],[137.07812,34.90699],[137.07743,34.90642]]},"properties":{"N02_001":"12","N02_002":"4","N02_003":"西尾線","N02_004":"名古屋鉄道"}},{"type":"Feature","geometry":{"type":"LineString","coordinates":[[137.07743,34.90642],[137.07684,34.90592],[137.07654,34.90568]]},"properties":{"N02_001":"12","N02_002":"4","N02_003":"西尾線","N02_004":"名古屋鉄道"}},{"type":"Feature","geometry":{"type":"LineString","coordinates":[[136.95536,35.10236],[136.95588,35.102132],[136.956411,35.101903],[136.956718,35.101754],[136.956939,35.101657],[136.957208,35.101544],[136.957366,35.101481],[136.95752,35.101427],[136.957711,35.101378],[136.957903,35.101337],[136.958144,35.101288],[136.958298,35.101274],[136.958472,35.10126],[136.958686,35.101265],[136.958916,35.10127],[136.959201,35.101297],[136.960524,35.101433],[136.961252,35.101523],[136.961549,35.101556],[136.961817,35.10161],[136.962075,35.101673],[136.962392,35.101781],[136.96271,35.101898],[136.963094,35.102051],[136.963652,35.102258],[136.964016,35.102376],[136.964284,35.102453],[136.964569,35.102516],[136.964805,35.102565],[136.965057,35.102606],[136.965407,35.102646]]},"properties":{"N02_001":"12","N02_002":"3","N02_003":"6号線桜通線","N02_004":"名古屋市"}},{"type":"Feature","geometry":{"type":"LineString","coordinates":[[136.965407,35.102646],[136.966296,35.102709],[136.966792,35.102745]]},"properties":{"N02_001":"12","N02_002":"3","N02_003":"6号線桜通線","N02_004":"名古屋市"}},{"type":"Feature","geometry":{"type":"LineString","coordinates":[[136.966792,35.102745],[136.966921,35.102754],[136.967896,35.102831],[136.96875,35.102894],[136.969446,35.102939],[136.969824,35.102946],[136.970144,35.102932],[136.970434,35.102906],[136.970809,35.102844],[136.971208,35.102777],[136.971625,35.102696],[136.971849,35.102673],[136.972118,35.102655],[136.973039,35.102619],[136.973773,35.102587],[136.973926,35.102583],[136.974436,35.102569],[136.975089,35.102547],[136.975566,35.102529]]},"properties":{"N02_001":"12","N02_002":"3","N02_003":"6号線桜通線","N02_004":"名古屋市"}},{"type":"Feature","geometry":{"type":"LineString","coordinates":[[136.975566,35.102529],[136.976212,35.102515],[136.97693,35.102497]]},"properties":{"N02_001":"12","N02_002":"3","N02_003":"6号線桜通線","N02_004":"名古屋市"}},{"type":"Feature","geometry":{"type":"LineString","coordinates":[[136.97693,35.102497],[136.977861,35.102448],[136.978546,35.102448],[136.978831,35.102462],[136.979138,35.102471],[136.979477,35.102502],[136.980047,35.102552],[136.981126,35.102678],[136.981682,35.102718],[136.982099,35.102768],[136.982351,35.102777],[136.982586,35.102781],[136.982838,35.102781],[136.983145,35.102768],[136.983457,35.102741],[136.983797,35.102673],[136.984076,35.102606],[136.98429,35.102529],[136.984555,35.102433],[136.98484,35.102307],[136.985075,35.102176],[136.985415,35.101951],[136.985721,35.101713],[136.986428,35.101109],[136.988103,35.099692],[136.988508,35.099355],[136.988864,35.099053]]},"properties":{"N02_001":"12","N02_002":"3","N02_003":"6号線桜通線","N02_004":"名古屋市"}},{"type":"Feature","geometry":{"type":"LineString","coordinates":[[136.988864,35.099053],[136.989207,35.098779],[136.98942,35.098612],[136.989667,35.098419],[136.989838,35.098296]]},"properties":{"N02_001":"12","N02_002":"3","N02_003":"6号線桜通線","N02_004":"名古屋市"}},{"type":"Feature","geometry":{"type":"LineString","coordinates":[[136.989838,35.098296],[136.989935,35.098225],[136.990149,35.098095],[136.990346,35.097987],[136.990592,35.097879],[136.990828,35.097784],[136.991348,35.097595],[136.992505,35.097175],[136.993776,35.09672],[136.995129,35.096216],[136.995792,35.095975],[136.996105,35.095845],[136.996399,35.095705],[136.996679,35.095557],[136.996912,35.095424],[136.997119,35.095295]]},"properties":{"N02_001":"12","N02_002":"3","N02_003":"6号線桜通線","N02_004":"名古屋市"}},{"type":"Feature","geometry":{"type":"LineString","coordinates":[[136.997119,35.095295],[136.997355,35.095128],[136.997508,35.095007],[136.997727,35.094827],[136.997946,35.094615],[136.998105,35.094458]]},"properties":{"N02_001":"12","N02_002":"3","N02_003":"6号線桜通線","N02_004":"名古屋市"}},{"type":"Feature","geometry":{"type":"LineString","coordinates":[[136.935499,35.299128],[136.9357,35.29971],[136.93599,35.30033],[136.93601,35.30038],[136.93612,35.30061],[136.93644,35.3013],[136.93723,35.30292],[136.93866,35.30578],[136.93975,35.30788],[136.93987,35.30812],[136.93998,35.30835],[136.9402,35.30899],[136.94022,35.30905]]},"properties":{"N02_001":"12","N02_002":"4","N02_003":"小牧線","N02_004":"名古屋鉄道"}},{"type":"Feature","geometry":{"type":"LineString","coordinates":[[136.935189,35.298231],[136.935499,35.299128]]},"properties":{"N02_001":"12","N02_002":"4","N02_003":"小牧線","N02_004":"名古屋鉄道"}},{"type":"Feature","geometry":{"type":"LineString","coordinates":[[137.15739,34.9239],[137.15749,34.92287],[137.15759,34.92163],[137.1576,34.92154],[137.15768,34.92066],[137.15772,34.92031],[137.15774,34.91993],[137.1579,34.91807],[137.15809,34.9155],[137.15819,34.91423],[137.1582,34.91401],[137.15823,34.91364],[137.15825,34.91345],[137.15832,34.91266],[137.15858,34.90928],[137.15879,34.90662],[137.15891,34.90483],[137.15896,34.90417],[137.15922,34.90097],[137.1594,34.89863],[137.15959,34.89645],[137.15964,34.89584],[137.15964,34.895838],[137.15977,34.89409],[137.15977,34.894087],[137.15978,34.89393],[137.15987,34.892882],[137.15987,34.89288],[137.15993,34.89223],[137.15994,34.89202],[137.15997,34.89162],[137.16017,34.88923],[137.160193,34.888989]]},"properties":{"N02_001":"11","N02_002":"2","N02_003":"東海道線","N02_004":"東海旅客鉄道"}},{"type":"Feature","geometry":{"type":"LineString","coordinates":[[137.160193,34.888989],[137.160349,34.887096]]},"properties":{"N02_001":"11","N02_002":"2","N02_003":"東海道線","N02_004":"東海旅客鉄道"}},{"type":"Feature","geometry":{"type":"LineString","coordinates":[[137.160349,34.887096],[137.16038,34.88669],[137.16043,34.88608],[137.16046,34.88577],[137.16051,34.88513],[137.16069,34.88299],[137.16088,34.88094],[137.16102,34.87911],[137.16114,34.87797],[137.16118,34.87757],[137.16122,34.87707],[137.16141,34.87529],[137.16152,34.87421],[137.16157,34.87376],[137.16169,34.87241],[137.1618,34.87093],[137.16185,34.87047],[137.16196,34.86911],[137.16206,34.86869],[137.16245,34.86701],[137.16289,34.86528],[137.16292,34.86517],[137.16296,34.86502],[137.16337,34.8634],[137.16376,34.86199],[137.16411,34.8608]]},"properties":{"N02_001":"11","N02_002":"2","N02_003":"東海道線","N02_004":"東海旅客鉄道"}},{"type":"Feature","geometry":{"type":"LineString","coordinates":[[137.15343,35.08703],[137.15344,35.08711],[137.15349,35.08748],[137.15354,35.08787],[137.1536,35.08834],[137.15364,35.08863],[137.15365,35.08869]]},"properties":{"N02_001":"12","N02_002":"5","N02_003":"愛知環状鉄道線","N02_004":"愛知環状鉄道","N02_005":"新豊田","N02_005c":"005730","N02_005g":"005730"}},{"type":"Feature","geometry":{"type":"LineString","coordinates":[[137.13494,35.13649],[137.13436,35.13671],[137.13411,35.13681],[137.13404,35.13685]]},"properties":{"N02_001":"12","N02_002":"5","N02_003":"愛知環状鉄道線","N02_004":"愛知環状鉄道","N02_005":"保見","N02_005c":"005569","N02_005g":"005569"}},{"type":"Feature","geometry":{"type":"LineString","coordinates":[[137.10123,35.19806],[137.10149,35.19797],[137.1017,35.1979],[137.10239,35.19765]]},"properties":{"N02_001":"12","N02_002":"5","N02_003":"愛知環状鉄道線","N02_004":"愛知環状鉄道","N02_005":"山口","N02_005c":"005358","N02_005g":"005358"}},{"type":"Feature","geometry":{"type":"LineString","coordinates":[[137.15494,34.98229],[137.15453,34.98287]]},"properties":{"N02_001":"12","N02_002":"5","N02_003":"愛知環状鉄道線","N02_004":"愛知環状鉄道","N02_005":"大門","N02_005c":"006090","N02_005g":"006090"}},{"type":"Feature","geometry":{"type":"LineString","coordinates":[[137.04481,35.26428],[137.04171,35.26423]]},"properties":{"N02_001":"12","N02_002":"5","N02_003":"愛知環状鉄道線","N02_004":"愛知環状鉄道","N02_005":"高蔵寺","N02_005c":"005195","N02_005g":"005194"}},{"type":"Feature","geometry":{"type":"LineString","coordinates":[[137.13916,35.02774],[137.1388,35.0272]]},"properties":{"N02_001":"12","N02_002":"5","N02_003":"愛知環状鉄道線","N02_004":"愛知環状鉄道","N02_005":"永覚","N02_005c":"005886","N02_005g":"005886"}},{"type":"Feature","geometry":{"type":"LineString","coordinates":[[137.15119,35.07211],[137.15117,35.07147]]},"properties":{"N02_001":"12","N02_002":"5","N02_003":"愛知環状鉄道線","N02_004":"愛知環状鉄道","N02_005":"新上挙母","N02_005c":"005761","N02_005g":"005761"}},{"type":"Feature","geometry":{"type":"LineString","coordinates":[[137.107,35.17534],[137.1073,35.1745]]},"properties":{"N02_001":"12","N02_002":"5","N02_003":"愛知環状鉄道線","N02_004":"愛知環状鉄道","N02_005":"八草","N02_005c":"005432","N02_005g":"005427"}},{"type":"Feature","geometry":{"type":"LineString","coordinates":[[137.14709,35.03983],[137.14671,35.03925]]},"properties":{"N02_001":"12","N02_002":"5","N02_003":"愛知環状鉄道線","N02_004":"愛知環状鉄道","N02_005":"末野原","N02_005c":"005857","N02_005g":"005857"}},{"type":"Feature","geometry":{"type":"LineString","coordinates":[[137.07861,35.22659],[137.07842,35.22583],[137.0783,35.22532]]},"properties":{"N02_001":"12","N02_002":"5","N02_003":"愛知環状鉄道線","N02_004":"愛知環状鉄道","N02_005":"瀬戸市","N02_005c":"005288","N02_005g":"005288"}},{"type":"Feature","geometry":{"type":"LineString","coordinates":[[137.13285,35.01271],[137.13267,35.01211]]},"properties":{"N02_001":"12","N02_002":"5","N02_003":"愛知環状鉄道線","N02_004":"愛知環状鉄道","N02_005":"三河上郷","N02_005c":"005946","N02_005g":"005946"}},{"type":"Feature","geometry":{"type":"LineString","coordinates":[[137.13915,34.99655],[137.13983,34.99602]]},"properties":{"N02_001":"12","N02_002":"5","N02_003":"愛知環状鉄道線","N02_004":"愛知環状鉄道","N02_005":"北野桝塚","N02_005c":"006025","N02_005g":"006025"}},{"type":"Feature","geometry":{"type":"LineString","coordinates":[[137.0716,35.25119],[137.07179,35.25074],[137.07195,35.25038],[137.07236,35.24951]]},"properties":{"N02_001":"12","N02_002":"5","N02_003":"愛知環状鉄道線","N02_004":"愛知環状鉄道","N02_005":"中水野","N02_005c":"005235","N02_005g":"005235"}},{"type":"Feature","geometry":{"type":"LineString","coordinates":[[137.15089,35.05579],[137.15092,35.05543],[137.15098,35.05509]]},"properties":{"N02_001":"12","N02_002":"5","N02_003":"愛知環状鉄道線","N02_004":"愛知環状鉄道","N02_005":"三河豊田","N02_005c":"005817","N02_005g":"005817"}},{"type":"Feature","geometry":{"type":"LineString","coordinates":[[137.12086,35.1544],[137.12068,35.15506]]},"properties":{"N02_001":"12","N02_002":"5","N02_003":"愛知環状鉄道線","N02_004":"愛知環状鉄道","N02_005":"篠原","N02_005c":"005515","N02_005g":"005515"}},{"type":"Feature","geometry":{"type":"LineString","coordinates":[[137.08136,35.20721],[137.0829,35.20592]]},"properties":{"N02_001":"12","N02_002":"5","N02_003":"愛知環状鉄道線","N02_004":"愛知環状鉄道","N02_005":"瀬戸口","N02_005c":"005329","N02_005g":"005329"}},{"type":"Feature","geometry":{"type":"LineString","coordinates":[[137.16116,35.10555],[137.16067,35.10476]]},"properties":{"N02_001":"12","N02_002":"5","N02_003":"愛知環状鉄道線","N02_004":"愛知環状鉄道","N02_005":"愛環梅坪","N02_005c":"005682","N02_005g":"005682"}},{"type":"Feature","geometry":{"type":"LineString","coordinates":[[137.16284,35.12153],[137.16268,35.12197],[137.16256,35.12228]]},"properties":{"N02_001":"12","N02_002":"5","N02_003":"愛知環状鉄道線","N02_004":"愛知環状鉄道","N02_005":"四郷","N02_005c":"005621","N02_005g":"005621"}},{"type":"Feature","geometry":{"type":"LineString","coordinates":[[137.14762,35.13323],[137.14849,35.13301]]},"properties":{"N02_001":"12","N02_002":"5","N02_003":"愛知環状鉄道線","N02_004":"愛知環状鉄道","N02_005":"貝津","N02_005c":"005577","N02_005g":"005577"}},{"type":"Feature","geometry":{"type":"LineString","coordinates":[[137.1576,34.97188],[137.1578,34.97263]]},"properties":{"N02_001":"12","N02_002":"5","N02_003":"愛知環状鉄道線","N02_004":"愛知環状鉄道","N02_005":"北岡崎","N02_005c":"006127","N02_005g":"006127"}},{"type":"Feature","geometry":{"type":"LineString","coordinates":[[137.15739,34.9239],[137.15716,34.92666],[137.15715,34.92679]]},"properties":{"N02_001":"12","N02_002":"5","N02_003":"愛知環状鉄道線","N02_004":"愛知環状鉄道","N02_005":"岡崎","N02_005c":"006252","N02_005g":"006251"}},{"type":"Feature","geometry":{"type":"LineString","coordinates":[[137.15249,34.95561],[137.15307,34.95707]]},"properties":{"N02_001":"12","N02_002":"5","N02_003":"愛知環状鉄道線","N02_004":"愛知環状鉄道","N02_005":"中岡崎","N02_005c":"006171","N02_005g":"006171"}},{"type":"Feature","geometry":{"type":"LineString","coordinates":[[137.15198,34.94092],[137.15179,34.94165]]},"properties":{"N02_001":"12","N02_002":"5","N02_003":"愛知環状鉄道線","N02_004":"愛知環状鉄道","N02_005":"六名","N02_005c":"006208","N02_005g":"006208"}},{"type":"Feature","geometry":{"type":"LineString","coordinates":[[137.03754,35.17179],[137.03826,35.1717]]},"properties":{"N02_001":"25","N02_002":"5","N02_003":"東部丘陵線","N02_004":"愛知高速交通","N02_005":"杁ヶ池公園","N02_005c":"005443","N02_005g":"005443"}},{"type":"Feature","geometry":{"type":"LineString","coordinates":[[137.09675,35.17924],[137.09735,35.17924]]},"properties":{"N02_001":"25","N02_002":"5","N02_003":"東部丘陵線","N02_004":"愛知高速交通","N02_005":"陶磁資料館南","N02_005c":"005417","N02_005g":"005417"}},{"type":"Feature","geometry":{"type":"LineString","coordinates":[[137.07668,35.17418],[137.07703,35.17442]]},"properties":{"N02_001":"25","N02_002":"5","N02_003":"東部丘陵線","N02_004":"愛知高速交通","N02_005":"公園西","N02_005c":"005433","N02_005g":"005433"}},{"type":"Feature","geometry":{"type":"LineString","coordinates":[[137.08733,35.17754],[137.08774,35.17779]]},"properties":{"N02_001":"25","N02_002":"5","N02_003":"東部丘陵線","N02_004":"愛知高速交通","N02_005":"愛・地球博記念公園","N02_005c":"005422","N02_005g":"005422"}},{"type":"Feature","geometry":{"type":"LineString","coordinates":[[137.06087,35.17188],[137.06157,35.17188]]},"properties":{"N02_001":"25","N02_002":"5","N02_003":"東部丘陵線","N02_004":"愛知高速交通","N02_005":"芸大通","N02_005c":"005442","N02_005g":"005442"}},{"type":"Feature","geometry":{"type":"LineString","coordinates":[[137.04904,35.17141],[137.04997,35.17153]]},"properties":{"N02_001":"25","N02_002":"5","N02_003":"東部丘陵線","N02_004":"愛知高速交通","N02_005":"長久手古戦場","N02_005c":"005445","N02_005g":"005445"}},{"type":"Feature","geometry":{"type":"LineString","coordinates":[[137.03508,35.17752],[137.03586,35.17752]]},"properties":{"N02_001":"25","N02_002":"5","N02_003":"東部丘陵線","N02_004":"愛知高速交通","N02_005":"はなみずき通","N02_005c":"005424","N02_005g":"005424"}},{"type":"Feature","geometry":{"type":"LineString","coordinates":[[137.10615,35.17657],[137.10655,35.17646]]},"properties":{"N02_001":"25","N02_002":"5","N02_003":"東部丘陵線","N02_004":"愛知高速交通","N02_005":"八草","N02_005c":"005427","N02_005g":"005427"}},{"type":"Feature","geometry":{"type":"LineString","coordinates":[[137.02293,35.18221],[137.0216,35.18219]]},"properties":{"N02_001":"25","N02_002":"5","N02_003":"東部丘陵線","N02_004":"愛知高速交通","N02_005":"藤が丘","N02_005c":"005412","N02_005g":"005410"}},{"type":"Feature","geometry":{"type":"LineString","coordinates":[[136.82749,35.13995],[136.82816,35.14035]]},"properties":{"N02_001":"12","N02_002":"4","N02_003":"名古屋線","N02_004":"近畿日本鉄道","N02_005":"伏屋","N02_005c":"005561","N02_005g":"005561"}},{"type":"Feature","geometry":{"type":"LineString","coordinates":[[136.88376,35.16971],[136.88374,35.16901]]},"properties":{"N02_001":"12","N02_002":"4","N02_003":"名古屋線","N02_004":"近畿日本鉄道","N02_005":"近鉄名古屋","N02_005c":"005463","N02_005g":"005463"}},{"type":"Feature","geometry":{"type":"LineString","coordinates":[[136.86349,35.15265],[136.86413,35.15298]]},"properties":{"N02_001":"12","N02_002":"4","N02_003":"名古屋線","N02_004":"近畿日本鉄道","N02_005":"烏森","N02_005c":"005518","N02_005g":"005518"}},{"type":"Feature","geometry":{"type":"LineString","coordinates":[[136.853632,35.149373],[136.855045,35.149677]]},"properties":{"N02_001":"12","N02_002":"4","N02_003":"名古屋線","N02_004":"近畿日本鉄道","N02_005":"近鉄八田","N02_005c":"005529","N02_005g":"005529"}},{"type":"Feature","geometry":{"type":"LineString","coordinates":[[136.87026,35.15593],[136.87135,35.15662]]},"properties":{"N02_001":"12","N02_002":"4","N02_003":"名古屋線","N02_004":"近畿日本鉄道","N02_005":"黄金","N02_005c":"005511","N02_005g":"005511"}},{"type":"Feature","geometry":{"type":"LineString","coordinates":[[136.88015,35.16155],[136.87909,35.16097]]},"properties":{"N02_001":"12","N02_002":"4","N02_003":"名古屋線","N02_004":"近畿日本鉄道","N02_005":"米野","N02_005c":"005495","N02_005g":"005495"}},{"type":"Feature","geometry":{"type":"LineString","coordinates":[[136.75188,35.11938],[136.75273,35.11958]]},"properties":{"N02_001":"12","N02_002":"4","N02_003":"名古屋線","N02_004":"近畿日本鉄道","N02_005":"佐古木","N02_005c":"005629","N02_005g":"005629"}},{"type":"Feature","geometry":{"type":"LineString","coordinates":[[136.79467,35.12952],[136.79576,35.12978]]},"properties":{"N02_001":"12","N02_002":"4","N02_003":"名古屋線","N02_004":"近畿日本鉄道","N02_005":"近鉄蟹江","N02_005c":"005588","N02_005g":"005588"}},{"type":"Feature","geometry":{"type":"LineString","coordinates":[[136.80704,35.1325],[136.80785,35.13271]]},"properties":{"N02_001":"12","N02_002":"4","N02_003":"名古屋線","N02_004":"近畿日本鉄道","N02_005":"戸田","N02_005c":"005581","N02_005g":"005581"}},{"type":"Feature","geometry":{"type":"LineString","coordinates":[[136.76867,35.12334],[136.77007,35.12364]]},"properties":{"N02_001":"12","N02_002":"4","N02_003":"名古屋線","N02_004":"近畿日本鉄道","N02_005":"富吉","N02_005c":"005615","N02_005g":"005615"}},{"type":"Feature","geometry":{"type":"LineString","coordinates":[[136.72703,35.11337],[136.7285,35.1138]]},"properties":{"N02_001":"12","N02_002":"4","N02_003":"名古屋線","N02_004":"近畿日本鉄道","N02_005":"近鉄弥富","N02_005c":"005659","N02_005g":"005659"}},{"type":"Feature","geometry":{"type":"LineString","coordinates":[[136.88129,35.22146],[136.88056,35.22109]]},"properties":{"N02_001":"12","N02_002":"4","N02_003":"城北線","N02_004":"東海交通事業","N02_005":"小田井","N02_005c":"005303","N02_005g":"005303"}},{"type":"Feature","geometry":{"type":"LineString","coordinates":[[136.86029,35.20038],[136.86168,35.19929],[136.86224,35.19879]]},"properties":{"N02_001":"12","N02_002":"4","N02_003":"城北線","N02_004":"東海交通事業","N02_005":"枇杷島","N02_005c":"005350","N02_005g":"005349"}},{"type":"Feature","geometry":{"type":"LineString","coordinates":[[136.85557,35.2139],[136.85546,35.21374],[136.85533,35.21353],[136.8552,35.21331],[136.85509,35.21309],[136.85499,35.21289],[136.85486,35.21257],[136.85483,35.21248],[136.85467,35.21204]]},"properties":{"N02_001":"12","N02_002":"4","N02_003":"城北線","N02_004":"東海交通事業","N02_005":"尾張星の宮","N02_005c":"005319","N02_005g":"005319"}},{"type":"Feature","geometry":{"type":"LineString","coordinates":[[136.95369,35.22818],[136.95298,35.22787]]},"properties":{"N02_001":"12","N02_002":"4","N02_003":"城北線","N02_004":"東海交通事業","N02_005":"勝川","N02_005c":"005284","N02_005g":"005284"}},{"type":"Feature","geometry":{"type":"LineString","coordinates":[[136.93275,35.22928],[136.93193,35.22942]]},"properties":{"N02_001":"12","N02_002":"4","N02_003":"城北線","N02_004":"東海交通事業","N02_005":"味美","N02_005c":"005282","N02_005g":"005282"}},{"type":"Feature","geometry":{"type":"LineString","coordinates":[[136.90336,35.22862],[136.9025,35.22858]]},"properties":{"N02_001":"12","N02_002":"4","N02_003":"城北線","N02_004":"東海交通事業","N02_005":"比良","N02_005c":"005283","N02_005g":"005283"}},{"type":"Feature","geometry":{"type":"LineString","coordinates":[[136.882049,35.169764],[136.88197,35.16989],[136.881301,35.171128],[136.8813,35.17113],[136.88084,35.17199],[136.88071,35.17227]]},"properties":{"N02_001":"11","N02_002":"2","N02_003":"関西線","N02_004":"東海旅客鉄道","N02_005":"名古屋","N02_005c":"005449","N02_005g":"005451"}},{"type":"Feature","geometry":{"type":"LineString","coordinates":[[136.8514,35.14858],[136.85193,35.14873],[136.85322,35.14905]]},"properties":{"N02_001":"11","N02_002":"2","N02_003":"関西線","N02_004":"東海旅客鉄道","N02_005":"八田","N02_005c":"005533","N02_005g":"005533"}},{"type":"Feature","geometry":{"type":"LineString","coordinates":[[136.79412,35.14207],[136.79283,35.14189]]},"properties":{"N02_001":"11","N02_002":"2","N02_003":"関西線","N02_004":"東海旅客鉄道","N02_005":"蟹江","N02_005c":"005556","N02_005g":"005556"}},{"type":"Feature","geometry":{"type":"LineString","coordinates":[[136.7269,35.1146],[136.72479,35.11353]]},"properties":{"N02_001":"11","N02_002":"2","N02_003":"関西線","N02_004":"東海旅客鉄道","N02_005":"弥富","N02_005c":"005655","N02_005g":"005655"}},{"type":"Feature","geometry":{"type":"LineString","coordinates":[[136.76488,35.13309],[136.76394,35.13259]]},"properties":{"N02_001":"11","N02_002":"2","N02_003":"関西線","N02_004":"東海旅客鉄道","N02_005":"永和","N02_005c":"005578","N02_005g":"005578"}},{"type":"Feature","geometry":{"type":"LineString","coordinates":[[136.81297,35.1431],[136.8138,35.1432]]},"properties":{"N02_001":"11","N02_002":"2","N02_003":"関西線","N02_004":"東海旅客鉄道","N02_005":"春田","N02_005c":"005550","N02_005g":"005550"}},{"type":"Feature","geometry":{"type":"LineString","coordinates":[[137.04483,35.26444],[137.04168,35.26436]]},"properties":{"N02_001":"11","N02_002":"2","N02_003":"中央線","N02_004":"東海旅客鉄道","N02_005":"高蔵寺","N02_005c":"005194","N02_005g":"005194"}},{"type":"Feature","geometry":{"type":"LineString","coordinates":[[136.9865,35.24372],[136.9855,35.24321],[136.98416,35.24258],[136.98365,35.24234]]},"properties":{"N02_001":"11","N02_002":"2","N02_003":"中央線","N02_004":"東海旅客鉄道","N02_005":"春日井","N02_005c":"005253","N02_005g":"005253"}},{"type":"Feature","geometry":{"type":"LineString","coordinates":[[137.01154,35.25718],[137.00939,35.25601]]},"properties":{"N02_001":"11","N02_002":"2","N02_003":"中央線","N02_004":"東海旅客鉄道","N02_005":"神領","N02_005c":"005212","N02_005g":"005212"}},{"type":"Feature","geometry":{"type":"LineString","coordinates":[[137.08116,35.27872],[137.08073,35.27722]]},"properties":{"N02_001":"11","N02_002":"2","N02_003":"中央線","N02_004":"東海旅客鉄道","N02_005":"定光寺","N02_005c":"005164","N02_005g":"005164"}},{"type":"Feature","geometry":{"type":"LineString","coordinates":[[136.95759,35.23068],[136.95533,35.22912]]},"properties":{"N02_001":"11","N02_002":"2","N02_003":"中央線","N02_004":"東海旅客鉄道","N02_005":"勝川","N02_005c":"005280","N02_005g":"005280"}},{"type":"Feature","geometry":{"type":"LineString","coordinates":[[136.93718,35.19085],[136.93718,35.18809]]},"properties":{"N02_001":"11","N02_002":"2","N02_003":"中央線","N02_004":"東海旅客鉄道","N02_005":"大曽根","N02_005c":"005395","N02_005g":"005387"}},{"type":"Feature","geometry":{"type":"LineString","coordinates":[[136.8824,35.16994],[136.882008,35.170712],[136.8818,35.17112],[136.881798,35.171123],[136.88137,35.17197],[136.88108,35.17258]]},"properties":{"N02_001":"11","N02_002":"2","N02_003":"中央線","N02_004":"東海旅客鉄道","N02_005":"名古屋","N02_005c":"005447","N02_005g":"005451"}},{"type":"Feature","geometry":{"type":"LineString","coordinates":[[136.93194,35.17182],[136.93025,35.17003]]},"properties":{"N02_001":"11","N02_002":"2","N02_003":"中央線","N02_004":"東海旅客鉄道","N02_005":"千種","N02_005c":"005450","N02_005g":"005450"}},{"type":"Feature","geometry":{"type":"LineString","coordinates":[[136.8998,35.14362],[136.9019,35.14297]]},"properties":{"N02_001":"11","N02_002":"2","N02_003":"中央線","N02_004":"東海旅客鉄道","N02_005":"金山","N02_005c":"005549","N02_005g":"005551"}},{"type":"Feature","geometry":{"type":"LineString","coordinates":[[136.91739,35.15614],[136.91896,35.15785]]},"properties":{"N02_001":"11","N02_002":"2","N02_003":"中央線","N02_004":"東海旅客鉄道","N02_005":"鶴舞","N02_005c":"005509","N02_005g":"005509"}},{"type":"Feature","geometry":{"type":"LineString","coordinates":[[136.94973,35.20522],[136.95005,35.20572],[136.95017,35.20592],[136.951,35.2073]]},"properties":{"N02_001":"11","N02_002":"2","N02_003":"中央線","N02_004":"東海旅客鉄道","N02_005":"新守山","N02_005c":"005332","N02_005g":"005332"}},{"type":"Feature","geometry":{"type":"LineString","coordinates":[[136.88194,35.16874],[136.88129,35.16989],[136.88033,35.17208],[136.88027,35.17229]]},"properties":{"N02_001":"11","N02_002":"1","N02_003":"東海道新幹線","N02_004":"東海旅客鉄道","N02_005":"名古屋","N02_005c":"005456","N02_005g":"005451"}},{"type":"Feature","geometry":{"type":"LineString","coordinates":[[137.06199,34.9672],[137.06032,34.96901],[137.0586,34.97087]]},"properties":{"N02_001":"11","N02_002":"1","N02_003":"東海道新幹線","N02_004":"東海旅客鉄道","N02_005":"三河安城","N02_005c":"006138","N02_005g":"006133"}},{"type":"Feature","geometry":{"type":"LineString","coordinates":[[137.38196,34.76133],[137.38034,34.76445]]},"properties":{"N02_001":"11","N02_002":"1","N02_003":"東海道新幹線","N02_004":"東海旅客鉄道","N02_005":"豊橋","N02_005c":"006783","N02_005g":"006786"}},{"type":"Feature","geometry":{"type":"LineString","coordinates":[[136.9622,35.00801],[136.96141,35.00938]]},"properties":{"N02_001":"11","N02_002":"2","N02_003":"東海道線","N02_004":"東海旅客鉄道","N02_005":"大府","N02_005c":"005974","N02_005g":"005974"}},{"type":"Feature","geometry":{"type":"LineString","coordinates":[[137.01155,34.99008],[137.00787,34.99153]]},"properties":{"N02_001":"11","N02_002":"2","N02_003":"東海道線","N02_004":"東海旅客鉄道","N02_005":"刈谷","N02_005c":"006052","N02_005g":"006052"}},{"type":"Feature","geometry":{"type":"LineString","coordinates":[[137.04499,34.97683],[137.04228,34.97788]]},"properties":{"N02_001":"11","N02_002":"2","N02_003":"東海道線","N02_004":"東海旅客鉄道","N02_005":"東刈谷","N02_005c":"006111","N02_005g":"006111"}},{"type":"Feature","geometry":{"type":"LineString","coordinates":[[136.95465,35.03497],[136.95451,35.03576]]},"properties":{"N02_001":"11","N02_002":"2","N02_003":"東海道線","N02_004":"東海旅客鉄道","N02_005":"共和","N02_005c":"005867","N02_005g":"005867"}},{"type":"Feature","geometry":{"type":"LineString","coordinates":[[136.98991,34.99841],[136.99117,34.99806]]},"properties":{"N02_001":"11","N02_002":"2","N02_003":"東海道線","N02_004":"東海旅客鉄道","N02_005":"逢妻","N02_005c":"006015","N02_005g":"006015"}},{"type":"Feature","geometry":{"type":"LineString","coordinates":[[136.78129,35.34714],[136.78125,35.3476],[136.78114,35.34824],[136.78097,35.34899]]},"properties":{"N02_001":"11","N02_002":"2","N02_003":"東海道線","N02_004":"東海旅客鉄道","N02_005":"木曽川","N02_005c":"004974","N02_005g":"004974"}},{"type":"Feature","geometry":{"type":"LineString","coordinates":[[136.79681,35.30314],[136.79795,35.30086]]},"properties":{"N02_001":"11","N02_002":"2","N02_003":"東海道線","N02_004":"東海旅客鉄道","N02_005":"尾張一宮","N02_005c":"005111","N02_005g":"005111"}},{"type":"Feature","geometry":{"type":"LineString","coordinates":[[136.8824,35.16994],[136.882008,35.170712],[136.8818,35.17112],[136.881798,35.171123],[136.88137,35.17197],[136.88108,35.17258]]},"properties":{"N02_001":"11","N02_002":"2","N02_003":"東海道線","N02_004":"東海旅客鉄道","N02_005":"名古屋","N02_005c":"005448","N02_005g":"005451"}},{"type":"Feature","geometry":{"type":"LineString","coordinates":[[136.82043,35.25408],[136.82087,35.25322],[136.82149,35.25199]]},"properties":{"N02_001":"11","N02_002":"2","N02_003":"東海道線","N02_004":"東海旅客鉄道","N02_005":"稲沢","N02_005c":"005226","N02_005g":"005226"}},{"type":"Feature","geometry":{"type":"LineString","coordinates":[[136.882049,35.169764],[136.88197,35.16989],[136.881301,35.171128],[136.8813,35.17113],[136.88084,35.17199],[136.88071,35.17227]]},"properties":{"N02_001":"11","N02_002":"2","N02_003":"東海道線","N02_004":"東海旅客鉄道","N02_005":"名古屋","N02_005c":"005448","N02_005g":"005451"}},{"type":"Feature","geometry":{"type":"LineString","coordinates":[[136.92697,35.09397],[136.92599,35.09574],[136.92572,35.09624]]},"properties":{"N02_001":"11","N02_002":"2","N02_003":"東海道線","N02_004":"東海旅客鉄道","N02_005":"笠寺","N02_005c":"005712","N02_005g":"005712"}},{"type":"Feature","geometry":{"type":"LineString","coordinates":[[136.91111,35.12871],[136.91091,35.12921],[136.91053,35.13018],[136.91015,35.13111]]},"properties":{"N02_001":"11","N02_002":"2","N02_003":"東海道線","N02_004":"東海旅客鉄道","N02_005":"熱田","N02_005c":"005587","N02_005g":"005587"}},{"type":"Feature","geometry":{"type":"LineString","coordinates":[[136.86224,35.19879],[136.86173,35.19932],[136.86042,35.20048]]},"properties":{"N02_001":"11","N02_002":"2","N02_003":"東海道線","N02_004":"東海旅客鉄道","N02_005":"枇杷島","N02_005c":"005349","N02_005g":"005349"}},{"type":"Feature","geometry":{"type":"LineString","coordinates":[[136.9408,35.06814],[136.93976,35.07006]]},"properties":{"N02_001":"11","N02_002":"2","N02_003":"東海道線","N02_004":"東海旅客鉄道","N02_005":"大高","N02_005c":"005770","N02_005g":"005770"}},{"type":"Feature","geometry":{"type":"LineString","coordinates":[[136.83383,35.22656],[136.83443,35.22555],[136.83527,35.22432]]},"properties":{"N02_001":"11","N02_002":"2","N02_003":"東海道線","N02_004":"東海旅客鉄道","N02_005":"清洲","N02_005c":"005290","N02_005g":"005290"}},{"type":"Feature","geometry":{"type":"LineString","coordinates":[[136.88284,35.17005],[136.882444,35.170833],[136.88204,35.17163],[136.882038,35.171633],[136.88165,35.17239],[136.88155,35.17257]]},"properties":{"N02_001":"11","N02_002":"2","N02_003":"東海道線","N02_004":"東海旅客鉄道","N02_005":"名古屋","N02_005c":"005448","N02_005g":"005451"}},{"type":"Feature","geometry":{"type":"LineString","coordinates":[[136.89177,35.14644],[136.89148,35.14665],[136.89115,35.14689],[136.89086,35.14714],[136.89055,35.14744],[136.89029,35.14773]]},"properties":{"N02_001":"11","N02_002":"2","N02_003":"東海道線","N02_004":"東海旅客鉄道","N02_005":"尾頭橋","N02_005c":"005539","N02_005g":"005539"}},{"type":"Feature","geometry":{"type":"LineString","coordinates":[[136.90183,35.14241],[136.901225,35.142648],[136.90122,35.14265],[136.89964,35.14326]]},"properties":{"N02_001":"11","N02_002":"2","N02_003":"東海道線","N02_004":"東海旅客鉄道","N02_005":"金山","N02_005c":"005552","N02_005g":"005551"}},{"type":"Feature","geometry":{"type":"LineString","coordinates":[[137.38333,34.76105],[137.38294,34.76166],[137.38175,34.7635]]},"properties":{"N02_001":"11","N02_002":"2","N02_003":"東海道線","N02_004":"東海旅客鉄道","N02_005":"豊橋","N02_005c":"006786","N02_005g":"006786"}},{"type":"Feature","geometry":{"type":"LineString","coordinates":[[137.15739,34.9239],[137.15716,34.92666],[137.15715,34.92679]]},"properties":{"N02_001":"11","N02_002":"2","N02_003":"東海道線","N02_004":"東海旅客鉄道","N02_005":"岡崎","N02_005c":"006251","N02_005g":"006251"}},{"type":"Feature","geometry":{"type":"LineString","coordinates":[[137.31783,34.81229],[137.31534,34.81288]]},"properties":{"N02_001":"11","N02_002":"2","N02_003":"東海道線","N02_004":"東海旅客鉄道","N02_005":"愛知御津","N02_005c":"006576","N02_005g":"006576"}},{"type":"Feature","geometry":{"type":"LineString","coordinates":[[137.20224,34.82577],[137.20156,34.82544],[137.20071,34.82507]]},"properties":{"N02_001":"11","N02_002":"2","N02_003":"東海道線","N02_004":"東海旅客鉄道","N02_005":"三河塩津","N02_005c":"006521","N02_005g":"006521"}},{"type":"Feature","geometry":{"type":"LineString","coordinates":[[137.12402,34.94636],[137.12229,34.94688]]},"properties":{"N02_001":"11","N02_002":"2","N02_003":"東海道線","N02_004":"東海旅客鉄道","N02_005":"西岡崎","N02_005c":"006202","N02_005g":"006202"}},{"type":"Feature","geometry":{"type":"LineString","coordinates":[[137.24656,34.81879],[137.24671,34.81877],[137.24702,34.8187],[137.24788,34.81854],[137.24884,34.81836],[137.24951,34.81825]]},"properties":{"N02_001":"11","N02_002":"2","N02_003":"東海道線","N02_004":"東海旅客鉄道","N02_005":"三河三谷","N02_005c":"006549","N02_005g":"006549"}},{"type":"Feature","geometry":{"type":"LineString","coordinates":[[137.1754,34.83748],[137.17632,34.83661],[137.17649,34.83646],[137.17798,34.83518]]},"properties":{"N02_001":"11","N02_002":"2","N02_003":"東海道線","N02_004":"東海旅客鉄道","N02_005":"三ヶ根","N02_005c":"006472","N02_005g":"006472"}},{"type":"Feature","geometry":{"type":"LineString","coordinates":[[137.28367,34.81601],[137.28338,34.81593],[137.28308,34.81582],[137.28252,34.81562],[137.28213,34.81548]]},"properties":{"N02_001":"11","N02_002":"2","N02_003":"東海道線","N02_004":"東海旅客鉄道","N02_005":"三河大塚","N02_005c":"006566","N02_005g":"006566"}},{"type":"Feature","geometry":{"type":"LineString","coordinates":[[137.06298,34.96967],[137.0613,34.97033],[137.06069,34.97058],[137.0605,34.97065],[137.06037,34.97071],[137.05986,34.97091]]},"properties":{"N02_001":"11","N02_002":"2","N02_003":"東海道線","N02_004":"東海旅客鉄道","N02_005":"三河安城","N02_005c":"006133","N02_005g":"006133"}},{"type":"Feature","geometry":{"type":"LineString","coordinates":[[137.08777,34.95991],[137.08708,34.96019],[137.08641,34.96045],[137.08592,34.96063],[137.08492,34.96102]]},"properties":{"N02_001":"11","N02_002":"2","N02_003":"東海道線","N02_004":"東海旅客鉄道","N02_005":"安城","N02_005c":"006166","N02_005g":"006166"}},{"type":"Feature","geometry":{"type":"LineString","coordinates":[[137.35356,34.79661],[137.35312,34.79684],[137.35243,34.79716],[137.35181,34.79744]]},"properties":{"N02_001":"11","N02_002":"2","N02_003":"東海道線","N02_004":"東海旅客鉄道","N02_005":"西小坂井","N02_005c":"006649","N02_005g":"006649"}},{"type":"Feature","geometry":{"type":"LineString","coordinates":[[137.16411,34.8608],[137.16448,34.85963],[137.1648,34.85853]]},"properties":{"N02_001":"11","N02_002":"2","N02_003":"東海道線","N02_004":"東海旅客鉄道","N02_005":"幸田","N02_005c":"006411","N02_005g":"006411"}},{"type":"Feature","geometry":{"type":"LineString","coordinates":[[137.2292,34.82235],[137.22864,34.82246],[137.22716,34.82278],[137.22632,34.82295],[137.22557,34.82314]]},"properties":{"N02_001":"11","N02_002":"2","N02_003":"東海道線","N02_004":"東海旅客鉄道","N02_005":"蒲郡","N02_005c":"006529","N02_005g":"006528"}},{"type":"Feature","geometry":{"type":"LineString","coordinates":[[137.43738,34.72614],[137.44036,34.72545]]},"properties":{"N02_001":"11","N02_002":"2","N02_003":"東海道線","N02_004":"東海旅客鉄道","N02_005":"二川","N02_005c":"006947","N02_005g":"006947"}},{"type":"Feature","geometry":{"type":"LineString","coordinates":[[137.7134,35.0289],[137.71431,35.02904]]},"properties":{"N02_001":"11","N02_002":"2","N02_003":"飯田線","N02_004":"東海旅客鉄道","N02_005":"東栄","N02_005c":"005881","N02_005g":"005881"}},{"type":"Feature","geometry":{"type":"LineString","coordinates":[[137.70367,35.02418],[137.70369,35.0242],[137.703869,35.024309],[137.70387,35.02431],[137.70439,35.02463]]},"properties":{"N02_001":"11","N02_002":"2","N02_003":"飯田線","N02_004":"東海旅客鉄道","N02_005":"池場","N02_005c":"005895","N02_005g":"005895"}},{"type":"Feature","geometry":{"type":"LineString","coordinates":[[137.64439,34.99069],[137.64397,34.9905],[137.64368,34.99037]]},"properties":{"N02_001":"11","N02_002":"2","N02_003":"飯田線","N02_004":"東海旅客鉄道","N02_005":"柿平","N02_005c":"006054","N02_005g":"006054"}},{"type":"Feature","geometry":{"type":"LineString","coordinates":[[137.62013,34.98858],[137.62168,34.98852]]},"properties":{"N02_001":"11","N02_002":"2","N02_003":"飯田線","N02_004":"東海旅客鉄道","N02_005":"三河槙原","N02_005c":"006064","N02_005g":"006064"}},{"type":"Feature","geometry":{"type":"LineString","coordinates":[[137.6644,35.00233],[137.66433,35.00221],[137.66369,35.00128],[137.66356,35.00108]]},"properties":{"N02_001":"11","N02_002":"2","N02_003":"飯田線","N02_004":"東海旅客鉄道","N02_005":"三河川合","N02_005c":"006004","N02_005g":"006004"}},{"type":"Feature","geometry":{"type":"LineString","coordinates":[[137.36261,34.79711],[137.3627,34.79721],[137.36311,34.79762],[137.36343,34.79794],[137.36364,34.79813]]},"properties":{"N02_001":"11","N02_002":"2","N02_003":"飯田線","N02_004":"東海旅客鉄道","N02_005":"小坂井","N02_005c":"006645","N02_005g":"006645"}},{"type":"Feature","geometry":{"type":"LineString","coordinates":[[137.38333,34.76105],[137.38294,34.76166],[137.38175,34.7635]]},"properties":{"N02_001":"11","N02_002":"2","N02_003":"飯田線","N02_004":"東海旅客鉄道","N02_005":"豊橋","N02_005c":"006787","N02_005g":"006786"}},{"type":"Feature","geometry":{"type":"LineString","coordinates":[[137.55106,34.92112],[137.55187,34.9206],[137.55196,34.92054]]},"properties":{"N02_001":"11","N02_002":"2","N02_003":"飯田線","N02_004":"東海旅客鉄道","N02_005":"鳥居","N02_005c":"006264","N02_005g":"006264"}},{"type":"Feature","geometry":{"type":"LineString","coordinates":[[137.37086,34.7806],[137.37068,34.7809],[137.37054,34.78113],[137.37042,34.7813]]},"properties":{"N02_001":"11","N02_002":"2","N02_003":"飯田線","N02_004":"東海旅客鉄道","N02_005":"下地","N02_005c":"006707","N02_005g":"006707"}},{"type":"Feature","geometry":{"type":"LineString","coordinates":[[137.60284,34.95152],[137.60316,34.95244]]},"properties":{"N02_001":"11","N02_002":"2","N02_003":"飯田線","N02_004":"東海旅客鉄道","N02_005":"三河大野","N02_005c":"006186","N02_005g":"006186"}},{"type":"Feature","geometry":{"type":"LineString","coordinates":[[137.61288,34.97015],[137.61299,34.97041],[137.61321,34.97093]]},"properties":{"N02_001":"11","N02_002":"2","N02_003":"飯田線","N02_004":"東海旅客鉄道","N02_005":"湯谷温泉","N02_005c":"006132","N02_005g":"006132"}},{"type":"Feature","geometry":{"type":"LineString","coordinates":[[137.37444,34.77515],[137.37369,34.77632]]},"properties":{"N02_001":"11","N02_002":"2","N02_003":"飯田線","N02_004":"東海旅客鉄道","N02_005":"船町","N02_005c":"006724","N02_005g":"006724"}},{"type":"Feature","geometry":{"type":"LineString","coordinates":[[137.47855,34.88973],[137.47723,34.88886]]},"properties":{"N02_001":"11","N02_002":"2","N02_003":"飯田線","N02_004":"東海旅客鉄道","N02_005":"野田城","N02_005c":"006338","N02_005g":"006338"}},{"type":"Feature","geometry":{"type":"LineString","coordinates":[[137.45604,34.87625],[137.45572,34.87621],[137.45433,34.87601]]},"properties":{"N02_001":"11","N02_002":"2","N02_003":"飯田線","N02_004":"東海旅客鉄道","N02_005":"東上","N02_005c":"006375","N02_005g":"006375"}},{"type":"Feature","geometry":{"type":"LineString","coordinates":[[137.52781,34.91228],[137.52682,34.9122]]},"properties":{"N02_001":"11","N02_002":"2","N02_003":"飯田線","N02_004":"東海旅客鉄道","N02_005":"三河東郷","N02_005c":"006281","N02_005g":"006281"}},{"type":"Feature","geometry":{"type":"LineString","coordinates":[[137.50346,34.9063],[137.50284,34.90606],[137.50263,34.90599]]},"properties":{"N02_001":"11","N02_002":"2","N02_003":"飯田線","N02_004":"東海旅客鉄道","N02_005":"東新町","N02_005c":"006296","N02_005g":"006296"}},{"type":"Feature","geometry":{"type":"LineString","coordinates":[[137.49379,34.90154],[137.49221,34.9006]]},"properties":{"N02_001":"11","N02_002":"2","N02_003":"飯田線","N02_004":"東海旅客鉄道","N02_005":"新城","N02_005c":"006308","N02_005g":"006308"}},{"type":"Feature","geometry":{"type":"LineString","coordinates":[[137.57592,34.9325],[137.5761,34.93252],[137.57667,34.93263],[137.57711,34.93271],[137.57726,34.93274],[137.57737,34.93277]]},"properties":{"N02_001":"11","N02_002":"2","N02_003":"飯田線","N02_004":"東海旅客鉄道","N02_005":"本長篠","N02_005c":"006228","N02_005g":"006228"}},{"type":"Feature","geometry":{"type":"LineString","coordinates":[[137.41485,34.84828],[137.41463,34.84798],[137.41433,34.84758]]},"properties":{"N02_001":"11","N02_002":"2","N02_003":"飯田線","N02_004":"東海旅客鉄道","N02_005":"三河一宮","N02_005c":"006444","N02_005g":"006444"}},{"type":"Feature","geometry":{"type":"LineString","coordinates":[[137.51494,34.91052],[137.51393,34.91019]]},"properties":{"N02_001":"11","N02_002":"2","N02_003":"飯田線","N02_004":"東海旅客鉄道","N02_005":"茶臼山","N02_005c":"006288","N02_005g":"006288"}},{"type":"Feature","geometry":{"type":"LineString","coordinates":[[137.38226,34.80888],[137.38117,34.80826]]},"properties":{"N02_001":"11","N02_002":"2","N02_003":"飯田線","N02_004":"東海旅客鉄道","N02_005":"牛久保","N02_005c":"006590","N02_005g":"006590"}},{"type":"Feature","geometry":{"type":"LineString","coordinates":[[137.39779,34.82305],[137.3973,34.82263],[137.39709,34.82244],[137.39668,34.82208]]},"properties":{"N02_001":"11","N02_002":"2","N02_003":"飯田線","N02_004":"東海旅客鉄道","N02_005":"豊川","N02_005c":"006530","N02_005g":"006530"}},{"type":"Feature","geometry":{"type":"LineString","coordinates":[[137.54845,34.93018],[137.54957,34.93013]]},"properties":{"N02_001":"11","N02_002":"2","N02_003":"飯田線","N02_004":"東海旅客鉄道","N02_005":"大海","N02_005c":"006237","N02_005g":"006237"}},{"type":"Feature","geometry":{"type":"LineString","coordinates":[[137.56436,34.9257],[137.56565,34.92618],[137.56582,34.92626]]},"properties":{"N02_001":"11","N02_002":"2","N02_003":"飯田線","N02_004":"東海旅客鉄道","N02_005":"長篠城","N02_005c":"006248","N02_005g":"006248"}},{"type":"Feature","geometry":{"type":"LineString","coordinates":[[137.44205,34.86803],[137.44185,34.86795],[137.44131,34.86777],[137.44101,34.86769]]},"properties":{"N02_001":"11","N02_002":"2","N02_003":"飯田線","N02_004":"東海旅客鉄道","N02_005":"江島","N02_005c":"006393","N02_005g":"006393"}},{"type":"Feature","geometry":{"type":"LineString","coordinates":[[137.43188,34.86469],[137.43149,34.86448],[137.43111,34.86427],[137.43093,34.86415]]},"properties":{"N02_001":"11","N02_002":"2","N02_003":"飯田線","N02_004":"東海旅客鉄道","N02_005":"長山","N02_005c":"006401","N02_005g":"006401"}},{"type":"Feature","geometry":{"type":"LineString","coordinates":[[136.97186,34.98197],[136.97194,34.9808]]},"properties":{"N02_001":"11","N02_002":"2","N02_003":"武豊線","N02_004":"東海旅客鉄道","N02_005":"緒川","N02_005c":"006094","N02_005g":"006094"}},{"type":"Feature","geometry":{"type":"LineString","coordinates":[[136.97028,34.99433],[136.97045,34.99393],[136.97065,34.99338]]},"properties":{"N02_001":"11","N02_002":"2","N02_003":"武豊線","N02_004":"東海旅客鉄道","N02_005":"尾張森岡","N02_005c":"006039","N02_005g":"006039"}},{"type":"Feature","geometry":{"type":"LineString","coordinates":[[136.9622,35.00801],[136.96141,35.00938]]},"properties":{"N02_001":"11","N02_002":"2","N02_003":"武豊線","N02_004":"東海旅客鉄道","N02_005":"大府","N02_005c":"005975","N02_005g":"005974"}},{"type":"Feature","geometry":{"type":"LineString","coordinates":[[136.94223,34.90348],[136.94196,34.90342],[136.94046,34.90317]]},"properties":{"N02_001":"11","N02_002":"2","N02_003":"武豊線","N02_004":"東海旅客鉄道","N02_005":"乙川","N02_005c":"006301","N02_005g":"006301"}},{"type":"Feature","geometry":{"type":"LineString","coordinates":[[136.93054,34.89475],[136.93032,34.89347]]},"properties":{"N02_001":"11","N02_002":"2","N02_003":"武豊線","N02_004":"東海旅客鉄道","N02_005":"半田","N02_005c":"006320","N02_005g":"006320"}},{"type":"Feature","geometry":{"type":"LineString","coordinates":[[136.96119,34.91944],[136.96102,34.91858]]},"properties":{"N02_001":"11","N02_002":"2","N02_003":"武豊線","N02_004":"東海旅客鉄道","N02_005":"亀崎","N02_005c":"006267","N02_005g":"006267"}},{"type":"Feature","geometry":{"type":"LineString","coordinates":[[136.97288,34.96826],[136.97293,34.96747]]},"properties":{"N02_001":"11","N02_002":"2","N02_003":"武豊線","N02_004":"東海旅客鉄道","N02_005":"石浜","N02_005c":"006141","N02_005g":"006141"}},{"type":"Feature","geometry":{"type":"LineString","coordinates":[[136.97103,34.95032],[136.97037,34.94887]]},"properties":{"N02_001":"11","N02_002":"2","N02_003":"武豊線","N02_004":"東海旅客鉄道","N02_005":"東浦","N02_005c":"006195","N02_005g":"006195"}},{"type":"Feature","geometry":{"type":"LineString","coordinates":[[136.9238,34.87473],[136.92351,34.87432],[136.92317,34.87384]]},"properties":{"N02_001":"11","N02_002":"2","N02_003":"武豊線","N02_004":"東海旅客鉄道","N02_005":"東成岩","N02_005c":"006380","N02_005g":"006380"}},{"type":"Feature","geometry":{"type":"LineString","coordinates":[[136.9212,34.85379],[136.92097,34.85275]]},"properties":{"N02_001":"11","N02_002":"2","N02_003":"武豊線","N02_004":"東海旅客鉄道","N02_005":"武豊","N02_005c":"006430","N02_005g":"006430"}},{"type":"Feature","geometry":{"type":"LineString","coordinates":[[137.32062,34.67993],[137.32089,34.68069]]},"properties":{"N02_001":"12","N02_002":"4","N02_003":"渥美線","N02_004":"豊橋鉄道","N02_005":"杉山","N02_005c":"007214","N02_005g":"007214"}},{"type":"Feature","geometry":{"type":"LineString","coordinates":[[137.36745,34.70583],[137.3679,34.70644]]},"properties":{"N02_001":"12","N02_002":"4","N02_003":"渥美線","N02_004":"豊橋鉄道","N02_005":"向ヶ丘","N02_005c":"007045","N02_005g":"007045"}},{"type":"Feature","geometry":{"type":"LineString","coordinates":[[137.37285,34.71074],[137.37364,34.71121]]},"properties":{"N02_001":"12","N02_002":"4","N02_003":"渥美線","N02_004":"豊橋鉄道","N02_005":"植田","N02_005c":"007017","N02_005g":"007017"}},{"type":"Feature","geometry":{"type":"LineString","coordinates":[[137.38878,34.75459],[137.3884,34.75517]]},"properties":{"N02_001":"12","N02_002":"4","N02_003":"渥美線","N02_004":"豊橋鉄道","N02_005":"柳生橋","N02_005c":"006816","N02_005g":"006816"}},{"type":"Feature","geometry":{"type":"LineString","coordinates":[[137.27773,34.6681],[137.27701,34.66788]]},"properties":{"N02_001":"12","N02_002":"4","N02_003":"渥美線","N02_004":"豊橋鉄道","N02_005":"神戸","N02_005c":"007299","N02_005g":"007299"}},{"type":"Feature","geometry":{"type":"LineString","coordinates":[[137.30953,34.67391],[137.30876,34.67367]]},"properties":{"N02_001":"12","N02_002":"4","N02_003":"渥美線","N02_004":"豊橋鉄道","N02_005":"やぐま台","N02_005c":"007270","N02_005g":"007270"}},{"type":"Feature","geometry":{"type":"LineString","coordinates":[[137.38786,34.74857],[137.38829,34.74921]]},"properties":{"N02_001":"12","N02_002":"4","N02_003":"渥美線","N02_004":"豊橋鉄道","N02_005":"小池","N02_005c":"006839","N02_005g":"006839"}},{"type":"Feature","geometry":{"type":"LineString","coordinates":[[137.38578,34.73524],[137.38589,34.7359]]},"properties":{"N02_001":"12","N02_002":"4","N02_003":"渥美線","N02_004":"豊橋鉄道","N02_005":"南栄","N02_005c":"006899","N02_005g":"006899"}},{"type":"Feature","geometry":{"type":"LineString","coordinates":[[137.33446,34.69209],[137.33545,34.69235]]},"properties":{"N02_001":"12","N02_002":"4","N02_003":"渥美線","N02_004":"豊橋鉄道","N02_005":"老津","N02_005c":"007134","N02_005g":"007134"}},{"type":"Feature","geometry":{"type":"LineString","coordinates":[[137.38592,34.74139],[137.38595,34.74201]]},"properties":{"N02_001":"12","N02_002":"4","N02_003":"渥美線","N02_004":"豊橋鉄道","N02_005":"愛知大学前","N02_005c":"006864","N02_005g":"006864"}},{"type":"Feature","geometry":{"type":"LineString","coordinates":[[137.26947,34.66692],[137.26858,34.66695]]},"properties":{"N02_001":"12","N02_002":"4","N02_003":"渥美線","N02_004":"豊橋鉄道","N02_005":"三河田原","N02_005c":"007314","N02_005g":"007314"}},{"type":"Feature","geometry":{"type":"LineString","coordinates":[[137.35841,34.69589],[137.3593,34.69602]]},"properties":{"N02_001":"12","N02_002":"4","N02_003":"渥美線","N02_004":"豊橋鉄道","N02_005":"大清水","N02_005c":"007101","N02_005g":"007101"}},{"type":"Feature","geometry":{"type":"LineString","coordinates":[[137.38147,34.72681],[137.38197,34.7274]]},"properties":{"N02_001":"12","N02_002":"4","N02_003":"渥美線","N02_004":"豊橋鉄道","N02_005":"高師","N02_005c":"006938","N02_005g":"006938"}},{"type":"Feature","geometry":{"type":"LineString","coordinates":[[137.37998,34.71813],[137.38007,34.71826],[137.38039,34.71866]]},"properties":{"N02_001":"12","N02_002":"4","N02_003":"渥美線","N02_004":"豊橋鉄道","N02_005":"芦原","N02_005c":"006984","N02_005g":"006984"}},{"type":"Feature","geometry":{"type":"LineString","coordinates":[[137.38375,34.76169],[137.383,34.76283]]},"properties":{"N02_001":"12","N02_002":"4","N02_003":"渥美線","N02_004":"豊橋鉄道","N02_005":"新豊橋","N02_005c":"006789","N02_005g":"006789"}},{"type":"Feature","geometry":{"type":"LineString","coordinates":[[137.29407,34.66777],[137.29332,34.6675]]},"properties":{"N02_001":"12","N02_002":"4","N02_003":"渥美線","N02_004":"豊橋鉄道","N02_005":"豊島","N02_005c":"007302","N02_005g":"007302"}},{"type":"Feature","geometry":{"type":"LineString","coordinates":[[137.39335,34.76721],[137.39278,34.76732]]},"properties":{"N02_001":"21","N02_002":"4","N02_003":"東田本線","N02_004":"豊橋鉄道","N02_005":"市役所前","N02_005c":"006757","N02_005g":"006757"}},{"type":"Feature","geometry":{"type":"LineString","coordinates":[[137.40102,34.76586],[137.40043,34.76587]]},"properties":{"N02_001":"21","N02_002":"4","N02_003":"東田本線","N02_004":"豊橋鉄道","N02_005":"東八町","N02_005c":"006764","N02_005g":"006764"}},{"type":"Feature","geometry":{"type":"LineString","coordinates":[[137.4224,34.75826],[137.42239,34.75876]]},"properties":{"N02_001":"21","N02_002":"4","N02_003":"東田本線","N02_004":"豊橋鉄道","N02_005":"運動公園前","N02_005c":"006804","N02_005g":"006804"}},{"type":"Feature","geometry":{"type":"LineString","coordinates":[[137.38324,34.76344],[137.38301,34.76382]]},"properties":{"N02_001":"21","N02_002":"4","N02_003":"東田本線","N02_004":"豊橋鉄道","N02_005":"駅前","N02_005c":"006777","N02_005g":"006777"}},{"type":"Feature","geometry":{"type":"LineString","coordinates":[[137.40474,34.76575],[137.40424,34.76576]]},"properties":{"N02_001":"21","N02_002":"4","N02_003":"東田本線","N02_004":"豊橋鉄道","N02_005":"前畑","N02_005c":"006765","N02_005g":"006765"}},{"type":"Feature","geometry":{"type":"LineString","coordinates":[[137.38591,34.7631],[137.38621,34.76309]]},"properties":{"N02_001":"21","N02_002":"4","N02_003":"東田本線","N02_004":"豊橋鉄道","N02_005":"駅前大通","N02_005c":"006780","N02_005g":"006780"}},{"type":"Feature","geometry":{"type":"LineString","coordinates":[[137.38972,34.76289],[137.38924,34.76292]]},"properties":{"N02_001":"21","N02_002":"4","N02_003":"東田本線","N02_004":"豊橋鉄道","N02_005":"新川","N02_005c":"006782","N02_005g":"006782"}},{"type":"Feature","geometry":{"type":"LineString","coordinates":[[137.42939,34.76341],[137.42885,34.76339]]},"properties":{"N02_001":"21","N02_002":"4","N02_003":"東田本線","N02_004":"豊橋鉄道","N02_005":"赤岩口","N02_005c":"006778","N02_005g":"006778"}},{"type":"Feature","geometry":{"type":"LineString","coordinates":[[137.41753,34.76499],[137.41702,34.76503]]},"properties":{"N02_001":"21","N02_002":"4","N02_003":"東田本線","N02_004":"豊橋鉄道","N02_005":"競輪場前","N02_005c":"006771","N02_005g":"006771"}},{"type":"Feature","geometry":{"type":"LineString","coordinates":[[137.39614,34.76668],[137.39558,34.76679]]},"properties":{"N02_001":"21","N02_002":"4","N02_003":"東田本線","N02_004":"豊橋鉄道","N02_005":"豊橋公園前","N02_005c":"006762","N02_005g":"006762"}},{"type":"Feature","geometry":{"type":"LineString","coordinates":[[137.40871,34.76572],[137.40812,34.76574]]},"properties":{"N02_001":"21","N02_002":"4","N02_003":"東田本線","N02_004":"豊橋鉄道","N02_005":"東田坂上","N02_005c":"006766","N02_005g":"006766"}},{"type":"Feature","geometry":{"type":"LineString","coordinates":[[137.39031,34.76471],[137.39026,34.76425]]},"properties":{"N02_001":"21","N02_002":"4","N02_003":"東田本線","N02_004":"豊橋鉄道","N02_005":"札木","N02_005c":"006773","N02_005g":"006773"}},{"type":"Feature","geometry":{"type":"LineString","coordinates":[[137.41396,34.76529],[137.41346,34.76533]]},"properties":{"N02_001":"21","N02_002":"4","N02_003":"東田本線","N02_004":"豊橋鉄道","N02_005":"東田","N02_005c":"006767","N02_005g":"006767"}},{"type":"Feature","geometry":{"type":"LineString","coordinates":[[137.42208,34.76413],[137.42159,34.76424]]},"properties":{"N02_001":"21","N02_002":"4","N02_003":"東田本線","N02_004":"豊橋鉄道","N02_005":"井原","N02_005c":"006774","N02_005g":"006774"}},{"type":"Feature","geometry":{"type":"LineString","coordinates":[[136.95381,35.18886],[136.9546,35.1887]]},"properties":{"N02_001":"24","N02_002":"5","N02_003":"ガイドウェイバス志段味線","N02_004":"名古屋ガイドウェイバス","N02_005":"砂田橋","N02_005c":"005397","N02_005g":"005397"}},{"type":"Feature","geometry":{"type":"LineString","coordinates":[[136.96179,35.21],[136.96229,35.21053]]},"properties":{"N02_001":"24","N02_002":"5","N02_003":"ガイドウェイバス志段味線","N02_004":"名古屋ガイドウェイバス","N02_005":"川宮","N02_005c":"005325","N02_005g":"005325"}},{"type":"Feature","geometry":{"type":"LineString","coordinates":[[136.96834,35.21408],[136.96913,35.21425]]},"properties":{"N02_001":"24","N02_002":"5","N02_003":"ガイドウェイバス志段味線","N02_004":"名古屋ガイドウェイバス","N02_005":"川村","N02_005c":"005314","N02_005g":"005314"}},{"type":"Feature","geometry":{"type":"LineString","coordinates":[[136.98261,35.21838],[136.9831,35.21895]]},"properties":{"N02_001":"24","N02_002":"5","N02_003":"ガイドウェイバス志段味線","N02_004":"名古屋ガイドウェイバス","N02_005":"小幡緑地","N02_005c":"005306","N02_005g":"005306"}},{"type":"Feature","geometry":{"type":"LineString","coordinates":[[136.97814,35.21574],[136.97886,35.21612]]},"properties":{"N02_001":"24","N02_002":"5","N02_003":"ガイドウェイバス志段味線","N02_004":"名古屋ガイドウェイバス","N02_005":"白沢渓谷","N02_005c":"005309","N02_005g":"005309"}},{"type":"Feature","geometry":{"type":"LineString","coordinates":[[136.95652,35.2022],[136.95698,35.20279]]},"properties":{"N02_001":"24","N02_002":"5","N02_003":"ガイドウェイバス志段味線","N02_004":"名古屋ガイドウェイバス","N02_005":"金屋","N02_005c":"005343","N02_005g":"005343"}},{"type":"Feature","geometry":{"type":"LineString","coordinates":[[136.95661,35.19703],[136.95657,35.19729],[136.95648,35.19773]]},"properties":{"N02_001":"24","N02_002":"5","N02_003":"ガイドウェイバス志段味線","N02_004":"名古屋ガイドウェイバス","N02_005":"守山","N02_005c":"005360","N02_005g":"005360"}},{"type":"Feature","geometry":{"type":"LineString","coordinates":[[136.94702,35.19028],[136.94782,35.19013]]},"properties":{"N02_001":"24","N02_002":"5","N02_003":"ガイドウェイバス志段味線","N02_004":"名古屋ガイドウェイバス","N02_005":"ナゴヤドーム前矢田","N02_005c":"005392","N02_005g":"005392"}},{"type":"Feature","geometry":{"type":"LineString","coordinates":[[136.93751,35.19119],[136.93749,35.19186]]},"properties":{"N02_001":"24","N02_002":"5","N02_003":"ガイドウェイバス志段味線","N02_004":"名古屋ガイドウェイバス","N02_005":"大曽根","N02_005c":"005388","N02_005g":"005387"}},{"type":"Feature","geometry":{"type":"LineString","coordinates":[[137.01399,35.17537],[137.01319,35.17528]]},"properties":{"N02_001":"12","N02_002":"3","N02_003":"1号線東山線","N02_004":"名古屋市","N02_005":"本郷","N02_005c":"005430","N02_005g":"005430"}},{"type":"Feature","geometry":{"type":"LineString","coordinates":[[136.98622,35.16295],[136.98556,35.16259]]},"properties":{"N02_001":"12","N02_002":"3","N02_003":"1号線東山線","N02_004":"名古屋市","N02_005":"星ヶ丘","N02_005c":"005488","N02_005g":"005488"}},{"type":"Feature","geometry":{"type":"LineString","coordinates":[[136.96406,35.16375],[136.96336,35.164]]},"properties":{"N02_001":"12","N02_002":"3","N02_003":"1号線東山線","N02_004":"名古屋市","N02_005":"本山","N02_005c":"005482","N02_005g":"005482"}},{"type":"Feature","geometry":{"type":"LineString","coordinates":[[137.00697,35.17375],[137.00621,35.17321]]},"properties":{"N02_001":"12","N02_002":"3","N02_003":"1号線東山線","N02_004":"名古屋市","N02_005":"上社","N02_005c":"005437","N02_005g":"005437"}},{"type":"Feature","geometry":{"type":"LineString","coordinates":[[137.02162,35.18285],[137.02127,35.18226]]},"properties":{"N02_001":"12","N02_002":"3","N02_003":"1号線東山線","N02_004":"名古屋市","N02_005":"藤が丘","N02_005c":"005410","N02_005g":"005410"}},{"type":"Feature","geometry":{"type":"LineString","coordinates":[[136.97294,35.16055],[136.97234,35.16071]]},"properties":{"N02_001":"12","N02_002":"3","N02_003":"1号線東山線","N02_004":"名古屋市","N02_005":"東山公園","N02_005c":"005500","N02_005g":"005500"}},{"type":"Feature","geometry":{"type":"LineString","coordinates":[[136.99643,35.16836],[136.99555,35.16824]]},"properties":{"N02_001":"12","N02_002":"3","N02_003":"1号線東山線","N02_004":"名古屋市","N02_005":"一社","N02_005c":"005470","N02_005g":"005470"}},{"type":"Feature","geometry":{"type":"LineString","coordinates":[[136.93847,35.16975],[136.93768,35.16982]]},"properties":{"N02_001":"12","N02_002":"3","N02_003":"1号線東山線","N02_004":"名古屋市","N02_005":"今池","N02_005c":"005460","N02_005g":"005460"}},{"type":"Feature","geometry":{"type":"LineString","coordinates":[[136.87779,35.17755],[136.87713,35.17755]]},"properties":{"N02_001":"12","N02_002":"3","N02_003":"1号線東山線","N02_004":"名古屋市","N02_005":"亀島","N02_005c":"005423","N02_005g":"005423"}},{"type":"Feature","geometry":{"type":"LineString","coordinates":[[136.94646,35.16773],[136.94559,35.16792]]},"properties":{"N02_001":"12","N02_002":"3","N02_003":"1号線東山線","N02_004":"名古屋市","N02_005":"池下","N02_005c":"005473","N02_005g":"005473"}},{"type":"Feature","geometry":{"type":"LineString","coordinates":[[136.88388,35.1713],[136.88352,35.17191]]},"properties":{"N02_001":"12","N02_002":"3","N02_003":"1号線東山線","N02_004":"名古屋市","N02_005":"名古屋","N02_005c":"005444","N02_005g":"005451"}},{"type":"Feature","geometry":{"type":"LineString","coordinates":[[136.85308,35.14724],[136.85315,35.14749],[136.85336,35.148937],[136.85336,35.14894],[136.85346,35.14968]]},"properties":{"N02_001":"12","N02_002":"3","N02_003":"1号線東山線","N02_004":"名古屋市","N02_005":"八田","N02_005c":"005535","N02_005g":"005533"}},{"type":"Feature","geometry":{"type":"LineString","coordinates":[[136.92958,35.1707],[136.93036,35.17062]]},"properties":{"N02_001":"12","N02_002":"3","N02_003":"1号線東山線","N02_004":"名古屋市","N02_005":"千種","N02_005c":"005454","N02_005g":"005450"}},{"type":"Feature","geometry":{"type":"LineString","coordinates":[[136.85492,35.16739],[136.85493,35.16807]]},"properties":{"N02_001":"12","N02_002":"3","N02_003":"1号線東山線","N02_004":"名古屋市","N02_005":"中村公園","N02_005c":"005475","N02_005g":"005475"}},{"type":"Feature","geometry":{"type":"LineString","coordinates":[[136.86199,35.17245],[136.8626,35.17295]]},"properties":{"N02_001":"12","N02_002":"3","N02_003":"1号線東山線","N02_004":"名古屋市","N02_005":"中村日赤","N02_005c":"005440","N02_005g":"005440"}},{"type":"Feature","geometry":{"type":"LineString","coordinates":[[136.95292,35.1666],[136.95209,35.16649]]},"properties":{"N02_001":"12","N02_002":"3","N02_003":"1号線東山線","N02_004":"名古屋市","N02_005":"覚王山","N02_005c":"005478","N02_005g":"005478"}},{"type":"Feature","geometry":{"type":"LineString","coordinates":[[136.89782,35.16923],[136.89733,35.16921],[136.89699,35.1692]]},"properties":{"N02_001":"12","N02_002":"3","N02_003":"1号線東山線","N02_004":"名古屋市","N02_005":"伏見","N02_005c":"005464","N02_005g":"005464"}},{"type":"Feature","geometry":{"type":"LineString","coordinates":[[136.85362,35.13791],[136.85351,35.13913],[136.85341,35.14026]]},"properties":{"N02_001":"12","N02_002":"3","N02_003":"1号線東山線","N02_004":"名古屋市","N02_005":"高畑","N02_005c":"005564","N02_005g":"005564"}},{"type":"Feature","geometry":{"type":"LineString","coordinates":[[136.86694,35.17673],[136.86755,35.17725]]},"properties":{"N02_001":"12","N02_002":"3","N02_003":"1号線東山線","N02_004":"名古屋市","N02_005":"本陣","N02_005c":"005426","N02_005g":"005426"}},{"type":"Feature","geometry":{"type":"LineString","coordinates":[[136.9197,35.17064],[136.92051,35.1707]]},"properties":{"N02_001":"12","N02_002":"3","N02_003":"1号線東山線","N02_004":"名古屋市","N02_005":"新栄町","N02_005c":"005453","N02_005g":"005453"}},{"type":"Feature","geometry":{"type":"LineString","coordinates":[[136.90821,35.16994],[136.90855,35.16995],[136.909,35.16996]]},"properties":{"N02_001":"12","N02_002":"3","N02_003":"1号線東山線","N02_004":"名古屋市","N02_005":"栄","N02_005c":"005459","N02_005g":"005459"}},{"type":"Feature","geometry":{"type":"LineString","coordinates":[[136.85436,35.15721],[136.85443,35.15827],[136.85446,35.15912]]},"properties":{"N02_001":"12","N02_002":"3","N02_003":"1号線東山線","N02_004":"名古屋市","N02_005":"岩塚","N02_005c":"005504","N02_005g":"005504"}},{"type":"Feature","geometry":{"type":"LineString","coordinates":[[136.8929,35.13247],[136.89328,35.13306]]},"properties":{"N02_001":"12","N02_002":"3","N02_003":"2号線名港線","N02_004":"名古屋市","N02_005":"日比野","N02_005c":"005579","N02_005g":"005579"}},{"type":"Feature","geometry":{"type":"LineString","coordinates":[[136.88822,35.12376],[136.88856,35.12445]]},"properties":{"N02_001":"12","N02_002":"3","N02_003":"2号線名港線","N02_004":"名古屋市","N02_005":"六番町","N02_005c":"005611","N02_005g":"005611"}},{"type":"Feature","geometry":{"type":"LineString","coordinates":[[136.88185,35.09286],[136.88198,35.09355]]},"properties":{"N02_001":"12","N02_002":"3","N02_003":"2号線名港線","N02_004":"名古屋市","N02_005":"名古屋港","N02_005c":"005716","N02_005g":"005716"}},{"type":"Feature","geometry":{"type":"LineString","coordinates":[[136.88314,35.09962],[136.88326,35.10027]]},"properties":{"N02_001":"12","N02_002":"3","N02_003":"2号線名港線","N02_004":"名古屋市","N02_005":"築地口","N02_005c":"005697","N02_005g":"005697"}},{"type":"Feature","geometry":{"type":"LineString","coordinates":[[136.88465,35.10623],[136.88494,35.10678]]},"properties":{"N02_001":"12","N02_002":"3","N02_003":"2号線名港線","N02_004":"名古屋市","N02_005":"港区役所","N02_005c":"005677","N02_005g":"005677"}},{"type":"Feature","geometry":{"type":"LineString","coordinates":[[136.88597,35.11314],[136.88612,35.11381]]},"properties":{"N02_001":"12","N02_002":"3","N02_003":"2号線名港線","N02_004":"名古屋市","N02_005":"東海通","N02_005c":"005660","N02_005g":"005660"}},{"type":"Feature","geometry":{"type":"LineString","coordinates":[[136.90169,35.14356],[136.90218,35.14419]]},"properties":{"N02_001":"12","N02_002":"3","N02_003":"2号線名港線","N02_004":"名古屋市","N02_005":"金山","N02_005c":"005545","N02_005g":"005551"}},{"type":"Feature","geometry":{"type":"LineString","coordinates":[[136.90807,35.17449],[136.90816,35.17374],[136.9082,35.17328]]},"properties":{"N02_001":"12","N02_002":"3","N02_003":"2号線名城線","N02_004":"名古屋市","N02_005":"久屋大通","N02_005c":"005435","N02_005g":"005435"}},{"type":"Feature","geometry":{"type":"LineString","coordinates":[[136.90553,35.18182],[136.90562,35.18112]]},"properties":{"N02_001":"12","N02_002":"3","N02_003":"2号線名城線","N02_004":"名古屋市","N02_005":"市役所","N02_005c":"005413","N02_005g":"005413"}},{"type":"Feature","geometry":{"type":"LineString","coordinates":[[136.9302,35.19574],[136.929769,35.195916],[136.92949,35.19603]]},"properties":{"N02_001":"12","N02_002":"3","N02_003":"2号線名城線","N02_004":"名古屋市","N02_005":"平安通","N02_005c":"005369","N02_005g":"005366"}},{"type":"Feature","geometry":{"type":"LineString","coordinates":[[136.90866,35.16919],[136.9086,35.16982]]},"properties":{"N02_001":"12","N02_002":"3","N02_003":"2号線名城線","N02_004":"名古屋市","N02_005":"栄","N02_005c":"005461","N02_005g":"005459"}},{"type":"Feature","geometry":{"type":"LineString","coordinates":[[136.93653,35.1926],[136.93582,35.19291]]},"properties":{"N02_001":"12","N02_002":"3","N02_003":"2号線名城線","N02_004":"名古屋市","N02_005":"大曽根","N02_005c":"005381","N02_005g":"005387"}},{"type":"Feature","geometry":{"type":"LineString","coordinates":[[136.92156,35.19627],[136.92087,35.19628]]},"properties":{"N02_001":"12","N02_002":"3","N02_003":"2号線名城線","N02_004":"名古屋市","N02_005":"志賀本通","N02_005c":"005365","N02_005g":"005365"}},{"type":"Feature","geometry":{"type":"LineString","coordinates":[[136.90863,35.16299],[136.90882,35.16362]]},"properties":{"N02_001":"12","N02_002":"3","N02_003":"2号線名城線","N02_004":"名古屋市","N02_005":"矢場町","N02_005c":"005485","N02_005g":"005485"}},{"type":"Feature","geometry":{"type":"LineString","coordinates":[[136.90673,35.15724],[136.90674,35.15731],[136.90687,35.158]]},"properties":{"N02_001":"12","N02_002":"3","N02_003":"2号線名城線","N02_004":"名古屋市","N02_005":"上前津","N02_005c":"005506","N02_005g":"005506"}},{"type":"Feature","geometry":{"type":"LineString","coordinates":[[136.90444,35.1496],[136.90471,35.15027]]},"properties":{"N02_001":"12","N02_002":"3","N02_003":"2号線名城線","N02_004":"名古屋市","N02_005":"東別院","N02_005c":"005525","N02_005g":"005525"}},{"type":"Feature","geometry":{"type":"LineString","coordinates":[[136.91069,35.19715],[136.90962,35.19717]]},"properties":{"N02_001":"12","N02_002":"3","N02_003":"2号線名城線","N02_004":"名古屋市","N02_005":"黒川","N02_005c":"005362","N02_005g":"005362"}},{"type":"Feature","geometry":{"type":"LineString","coordinates":[[136.90476,35.18992],[136.90481,35.19034],[136.90473,35.19111]]},"properties":{"N02_001":"12","N02_002":"3","N02_003":"2号線名城線","N02_004":"名古屋市","N02_005":"名城公園","N02_005c":"005390","N02_005g":"005390"}},{"type":"Feature","geometry":{"type":"LineString","coordinates":[[136.90169,35.14356],[136.90218,35.14419]]},"properties":{"N02_001":"12","N02_002":"3","N02_003":"2号線名城線","N02_004":"名古屋市","N02_005":"金山","N02_005c":"005546","N02_005g":"005551"}},{"type":"Feature","geometry":{"type":"LineString","coordinates":[[137.01781,35.12099],[137.0186,35.12108]]},"properties":{"N02_001":"12","N02_002":"3","N02_003":"3号線鶴舞線","N02_004":"名古屋市","N02_005":"赤池","N02_005c":"005624","N02_005g":"005624"}},{"type":"Feature","geometry":{"type":"LineString","coordinates":[[136.95484,35.14363],[136.95424,35.14411]]},"properties":{"N02_001":"12","N02_002":"3","N02_003":"3号線鶴舞線","N02_004":"名古屋市","N02_005":"いりなか","N02_005c":"005548","N02_005g":"005548"}},{"type":"Feature","geometry":{"type":"LineString","coordinates":[[136.96407,35.13679],[136.9635,35.13724]]},"properties":{"N02_001":"12","N02_002":"3","N02_003":"3号線鶴舞線","N02_004":"名古屋市","N02_005":"八事","N02_005c":"005568","N02_005g":"005567"}},{"type":"Feature","geometry":{"type":"LineString","coordinates":[[136.99672,35.12616],[136.99704,35.12605],[136.9975,35.1259]]},"properties":{"N02_001":"12","N02_002":"3","N02_003":"3号線鶴舞線","N02_004":"名古屋市","N02_005":"原","N02_005c":"005602","N02_005g":"005602"}},{"type":"Feature","geometry":{"type":"LineString","coordinates":[[136.97908,35.13241],[136.97818,35.13245]]},"properties":{"N02_001":"12","N02_002":"3","N02_003":"3号線鶴舞線","N02_004":"名古屋市","N02_005":"塩釜口","N02_005c":"005582","N02_005g":"005582"}},{"type":"Feature","geometry":{"type":"LineString","coordinates":[[136.98893,35.12841],[136.98818,35.12859]]},"properties":{"N02_001":"12","N02_002":"3","N02_003":"3号線鶴舞線","N02_004":"名古屋市","N02_005":"植田","N02_005c":"005592","N02_005g":"005592"}},{"type":"Feature","geometry":{"type":"LineString","coordinates":[[137.00683,35.12282],[137.0076,35.12258]]},"properties":{"N02_001":"12","N02_002":"3","N02_003":"3号線鶴舞線","N02_004":"名古屋市","N02_005":"平針","N02_005c":"005618","N02_005g":"005618"}},{"type":"Feature","geometry":{"type":"LineString","coordinates":[[136.89028,35.18383],[136.89013,35.1828]]},"properties":{"N02_001":"12","N02_002":"3","N02_003":"3号線鶴舞線","N02_004":"名古屋市","N02_005":"浅間町","N02_005c":"005409","N02_005g":"005409"}},{"type":"Feature","geometry":{"type":"LineString","coordinates":[[136.9157,35.15609],[136.9148,35.15622]]},"properties":{"N02_001":"12","N02_002":"3","N02_003":"3号線鶴舞線","N02_004":"名古屋市","N02_005":"鶴舞","N02_005c":"005512","N02_005g":"005509"}},{"type":"Feature","geometry":{"type":"LineString","coordinates":[[136.89666,35.1755],[136.89681,35.17435]]},"properties":{"N02_001":"12","N02_002":"3","N02_003":"3号線鶴舞線","N02_004":"名古屋市","N02_005":"丸の内","N02_005c":"005431","N02_005g":"005431"}},{"type":"Feature","geometry":{"type":"LineString","coordinates":[[136.89075,35.19269],[136.89083,35.1915]]},"properties":{"N02_001":"12","N02_002":"3","N02_003":"3号線鶴舞線","N02_004":"名古屋市","N02_005":"浄心","N02_005c":"005385","N02_005g":"005385"}},{"type":"Feature","geometry":{"type":"LineString","coordinates":[[136.94868,35.14865],[136.94784,35.14878]]},"properties":{"N02_001":"12","N02_002":"3","N02_003":"3号線鶴舞線","N02_004":"名古屋市","N02_005":"川名","N02_005c":"005534","N02_005g":"005534"}},{"type":"Feature","geometry":{"type":"LineString","coordinates":[[136.89812,35.16101],[136.89803,35.16181]]},"properties":{"N02_001":"12","N02_002":"3","N02_003":"3号線鶴舞線","N02_004":"名古屋市","N02_005":"大須観音","N02_005c":"005494","N02_005g":"005494"}},{"type":"Feature","geometry":{"type":"LineString","coordinates":[[136.87718,35.223],[136.87685,35.2236]]},"properties":{"N02_001":"12","N02_002":"3","N02_003":"3号線鶴舞線","N02_004":"名古屋市","N02_005":"上小田井","N02_005c":"005297","N02_005g":"005297"}},{"type":"Feature","geometry":{"type":"LineString","coordinates":[[136.93454,35.14948],[136.93361,35.14946],[136.9335,35.14946]]},"properties":{"N02_001":"12","N02_002":"3","N02_003":"3号線鶴舞線","N02_004":"名古屋市","N02_005":"御器所","N02_005c":"005530","N02_005g":"005526"}},{"type":"Feature","geometry":{"type":"LineString","coordinates":[[136.89105,35.20441],[136.89096,35.20322]]},"properties":{"N02_001":"12","N02_002":"3","N02_003":"3号線鶴舞線","N02_004":"名古屋市","N02_005":"庄内通","N02_005c":"005338","N02_005g":"005338"}},{"type":"Feature","geometry":{"type":"LineString","coordinates":[[136.88629,35.2155],[136.88694,35.21455]]},"properties":{"N02_001":"12","N02_002":"3","N02_003":"3号線鶴舞線","N02_004":"名古屋市","N02_005":"庄内緑地公園","N02_005c":"005310","N02_005g":"005310"}},{"type":"Feature","geometry":{"type":"LineString","coordinates":[[136.89737,35.16862],[136.89733,35.16921],[136.89732,35.16928]]},"properties":{"N02_001":"12","N02_002":"3","N02_003":"3号線鶴舞線","N02_004":"名古屋市","N02_005":"伏見","N02_005c":"005466","N02_005g":"005464"}},{"type":"Feature","geometry":{"type":"LineString","coordinates":[[136.92554,35.14957],[136.92492,35.14963]]},"properties":{"N02_001":"12","N02_002":"3","N02_003":"3号線鶴舞線","N02_004":"名古屋市","N02_005":"荒畑","N02_005c":"005528","N02_005g":"005528"}},{"type":"Feature","geometry":{"type":"LineString","coordinates":[[136.90687,35.15729],[136.90674,35.15731],[136.90597,35.15742]]},"properties":{"N02_001":"12","N02_002":"3","N02_003":"3号線鶴舞線","N02_004":"名古屋市","N02_005":"上前津","N02_005c":"005507","N02_005g":"005506"}},{"type":"Feature","geometry":{"type":"LineString","coordinates":[[136.95504,35.18862],[136.95423,35.18879]]},"properties":{"N02_001":"12","N02_002":"3","N02_003":"4号線名城線","N02_004":"名古屋市","N02_005":"砂田橋","N02_005c":"005398","N02_005g":"005397"}},{"type":"Feature","geometry":{"type":"LineString","coordinates":[[136.96161,35.18527],[136.96264,35.18405]]},"properties":{"N02_001":"12","N02_002":"3","N02_003":"4号線名城線","N02_004":"名古屋市","N02_005":"茶屋ヶ坂","N02_005c":"005406","N02_005g":"005406"}},{"type":"Feature","geometry":{"type":"LineString","coordinates":[[136.96453,35.14534],[136.96472,35.14499],[136.96509,35.14428],[136.96523,35.14394]]},"properties":{"N02_001":"12","N02_002":"3","N02_003":"4号線名城線","N02_004":"名古屋市","N02_005":"八事日赤","N02_005c":"005542","N02_005g":"005542"}},{"type":"Feature","geometry":{"type":"LineString","coordinates":[[136.96363,35.16359],[136.96395,35.16217]]},"properties":{"N02_001":"12","N02_002":"3","N02_003":"4号線名城線","N02_004":"名古屋市","N02_005":"本山","N02_005c":"005487","N02_005g":"005482"}},{"type":"Feature","geometry":{"type":"LineString","coordinates":[[136.95505,35.13131],[136.95432,35.13034],[136.95406,35.12985]]},"properties":{"N02_001":"12","N02_002":"3","N02_003":"4号線名城線","N02_004":"名古屋市","N02_005":"総合リハビリセンター","N02_005c":"005586","N02_005g":"005586"}},{"type":"Feature","geometry":{"type":"LineString","coordinates":[[136.9656,35.13769],[136.96511,35.13747],[136.96465,35.13717],[136.96402,35.13658],[136.96372,35.13628]]},"properties":{"N02_001":"12","N02_002":"3","N02_003":"4号線名城線","N02_004":"名古屋市","N02_005":"八事","N02_005c":"005567","N02_005g":"005567"}},{"type":"Feature","geometry":{"type":"LineString","coordinates":[[136.96709,35.17622],[136.96652,35.17456]]},"properties":{"N02_001":"12","N02_002":"3","N02_003":"4号線名城線","N02_004":"名古屋市","N02_005":"自由ヶ丘","N02_005c":"005429","N02_005g":"005429"}},{"type":"Feature","geometry":{"type":"LineString","coordinates":[[136.96656,35.15551],[136.96659,35.15506],[136.9666,35.15451],[136.9666,35.15446],[136.96657,35.15393],[136.96654,35.1536]]},"properties":{"N02_001":"12","N02_002":"3","N02_003":"4号線名城線","N02_004":"名古屋市","N02_005":"名古屋大学","N02_005c":"005516","N02_005g":"005516"}},{"type":"Feature","geometry":{"type":"LineString","coordinates":[[136.93766,35.11774],[136.93678,35.11772]]},"properties":{"N02_001":"12","N02_002":"3","N02_003":"4号線名城線","N02_004":"名古屋市","N02_005":"新瑞橋","N02_005c":"005636","N02_005g":"005632"}},{"type":"Feature","geometry":{"type":"LineString","coordinates":[[136.9444,35.19083],[136.94358,35.19102]]},"properties":{"N02_001":"12","N02_002":"3","N02_003":"4号線名城線","N02_004":"名古屋市","N02_005":"ナゴヤドーム前矢田","N02_005c":"005389","N02_005g":"005389"}},{"type":"Feature","geometry":{"type":"LineString","coordinates":[[136.90202,35.13454],[136.90159,35.13519]]},"properties":{"N02_001":"12","N02_002":"3","N02_003":"4号線名城線","N02_004":"名古屋市","N02_005":"西高蔵","N02_005c":"005573","N02_005g":"005573"}},{"type":"Feature","geometry":{"type":"LineString","coordinates":[[136.90693,35.12734],[136.90671,35.12796]]},"properties":{"N02_001":"12","N02_002":"3","N02_003":"4号線名城線","N02_004":"名古屋市","N02_005":"神宮西","N02_005c":"005597","N02_005g":"005597"}},{"type":"Feature","geometry":{"type":"LineString","coordinates":[[136.90169,35.14356],[136.90218,35.14419]]},"properties":{"N02_001":"12","N02_002":"3","N02_003":"4号線名城線","N02_004":"名古屋市","N02_005":"金山","N02_005c":"005547","N02_005g":"005551"}},{"type":"Feature","geometry":{"type":"LineString","coordinates":[[136.91081,35.12073],[136.91007,35.12102]]},"properties":{"N02_001":"12","N02_002":"3","N02_003":"4号線名城線","N02_004":"名古屋市","N02_005":"伝馬町","N02_005c":"005627","N02_005g":"005627"}},{"type":"Feature","geometry":{"type":"LineString","coordinates":[[136.94925,35.12387],[136.94824,35.12254],[136.94798,35.12225],[136.9479,35.12218]]},"properties":{"N02_001":"12","N02_002":"3","N02_003":"4号線名城線","N02_004":"名古屋市","N02_005":"瑞穂運動場東","N02_005c":"005616","N02_005g":"005616"}},{"type":"Feature","geometry":{"type":"LineString","coordinates":[[136.9218,35.11648],[136.92112,35.11643]]},"properties":{"N02_001":"12","N02_002":"3","N02_003":"4号線名城線","N02_004":"名古屋市","N02_005":"堀田","N02_005c":"005640","N02_005g":"005640"}},{"type":"Feature","geometry":{"type":"LineString","coordinates":[[136.93004,35.11716],[136.92912,35.11708]]},"properties":{"N02_001":"12","N02_002":"3","N02_003":"4号線名城線","N02_004":"名古屋市","N02_005":"妙音通","N02_005c":"005637","N02_005g":"005637"}},{"type":"Feature","geometry":{"type":"LineString","coordinates":[[136.93653,35.1926],[136.93582,35.19291]]},"properties":{"N02_001":"12","N02_002":"3","N02_003":"4号線名城線","N02_004":"名古屋市","N02_005":"大曽根","N02_005c":"005382","N02_005g":"005387"}},{"type":"Feature","geometry":{"type":"LineString","coordinates":[[136.95536,35.10236],[136.95443,35.10285]]},"properties":{"N02_001":"12","N02_002":"3","N02_003":"6号線桜通線","N02_004":"名古屋市","N02_005":"野並","N02_005c":"005692","N02_005g":"005692"}},{"type":"Feature","geometry":{"type":"LineString","coordinates":[[136.93016,35.1733],[136.92882,35.17351]]},"properties":{"N02_001":"12","N02_002":"3","N02_003":"6号線桜通線","N02_004":"名古屋市","N02_005":"車道","N02_005c":"005438","N02_005g":"005438"}},{"type":"Feature","geometry":{"type":"LineString","coordinates":[[136.93447,35.13158],[136.93431,35.13248]]},"properties":{"N02_001":"12","N02_002":"3","N02_003":"6号線桜通線","N02_004":"名古屋市","N02_005":"瑞穂区役所","N02_005c":"005583","N02_005g":"005583"}},{"type":"Feature","geometry":{"type":"LineString","coordinates":[[136.93335,35.13947],[136.9333,35.14025],[136.9333,35.140251],[136.93329,35.14039]]},"properties":{"N02_001":"12","N02_002":"3","N02_003":"6号線桜通線","N02_004":"名古屋市","N02_005":"桜山","N02_005c":"005563","N02_005g":"005563"}},{"type":"Feature","geometry":{"type":"LineString","coordinates":[[136.93515,35.15834],[136.93529,35.15927]]},"properties":{"N02_001":"12","N02_002":"3","N02_003":"6号線桜通線","N02_004":"名古屋市","N02_005":"吹上","N02_005c":"005503","N02_005g":"005503"}},{"type":"Feature","geometry":{"type":"LineString","coordinates":[[136.93551,35.12462],[136.93536,35.12557]]},"properties":{"N02_001":"12","N02_002":"3","N02_003":"6号線桜通線","N02_004":"名古屋市","N02_005":"瑞穂運動場西","N02_005c":"005608","N02_005g":"005608"}},{"type":"Feature","geometry":{"type":"LineString","coordinates":[[136.88294,35.17097],[136.882444,35.170833],[136.882008,35.170712],[136.88164,35.17061]]},"properties":{"N02_001":"12","N02_002":"3","N02_003":"6号線桜通線","N02_004":"名古屋市","N02_005":"名古屋","N02_005c":"005451","N02_005g":"005451"}},{"type":"Feature","geometry":{"type":"LineString","coordinates":[[136.90838,35.17376],[136.90816,35.17374],[136.90696,35.17363]]},"properties":{"N02_001":"12","N02_002":"3","N02_003":"6号線桜通線","N02_004":"名古屋市","N02_005":"久屋大通","N02_005c":"005436","N02_005g":"005435"}},{"type":"Feature","geometry":{"type":"LineString","coordinates":[[136.93692,35.1685],[136.93709,35.16945]]},"properties":{"N02_001":"12","N02_002":"3","N02_003":"6号線桜通線","N02_004":"名古屋市","N02_005":"今池","N02_005c":"005465","N02_005g":"005460"}},{"type":"Feature","geometry":{"type":"LineString","coordinates":[[136.91693,35.17416],[136.91544,35.17417]]},"properties":{"N02_001":"12","N02_002":"3","N02_003":"6号線桜通線","N02_004":"名古屋市","N02_005":"高岳","N02_005c":"005434","N02_005g":"005434"}},{"type":"Feature","geometry":{"type":"LineString","coordinates":[[136.93675,35.10883],[136.93693,35.1098]]},"properties":{"N02_001":"12","N02_002":"3","N02_003":"6号線桜通線","N02_004":"名古屋市","N02_005":"桜本町","N02_005c":"005667","N02_005g":"005667"}},{"type":"Feature","geometry":{"type":"LineString","coordinates":[[136.89943,35.1731],[136.89784,35.17298]]},"properties":{"N02_001":"12","N02_002":"3","N02_003":"6号線桜通線","N02_004":"名古屋市","N02_005":"丸の内","N02_005c":"005439","N02_005g":"005431"}},{"type":"Feature","geometry":{"type":"LineString","coordinates":[[136.87396,35.16762],[136.87281,35.16764]]},"properties":{"N02_001":"12","N02_002":"3","N02_003":"6号線桜通線","N02_004":"名古屋市","N02_005":"中村区役所","N02_005c":"005476","N02_005g":"005476"}},{"type":"Feature","geometry":{"type":"LineString","coordinates":[[136.88954,35.17214],[136.88841,35.17197]]},"properties":{"N02_001":"12","N02_002":"3","N02_003":"6号線桜通線","N02_004":"名古屋市","N02_005":"国際センター","N02_005c":"005441","N02_005g":"005441"}},{"type":"Feature","geometry":{"type":"LineString","coordinates":[[136.94475,35.10546],[136.94365,35.10567]]},"properties":{"N02_001":"12","N02_002":"3","N02_003":"6号線桜通線","N02_004":"名古屋市","N02_005":"鶴里","N02_005c":"005681","N02_005g":"005681"}},{"type":"Feature","geometry":{"type":"LineString","coordinates":[[136.93645,35.11843],[136.93631,35.11937]]},"properties":{"N02_001":"12","N02_002":"3","N02_003":"6号線桜通線","N02_004":"名古屋市","N02_005":"新瑞橋","N02_005c":"005632","N02_005g":"005632"}},{"type":"Feature","geometry":{"type":"LineString","coordinates":[[136.9336,35.14936],[136.93361,35.14946],[136.93376,35.15034]]},"properties":{"N02_001":"12","N02_002":"3","N02_003":"6号線桜通線","N02_004":"名古屋市","N02_005":"御器所","N02_005c":"005526","N02_005g":"005526"}},{"type":"Feature","geometry":{"type":"LineString","coordinates":[[136.92973,35.19723],[136.929769,35.195916],[136.92979,35.19521]]},"properties":{"N02_001":"12","N02_002":"3","N02_003":"上飯田線","N02_004":"名古屋市","N02_005":"平安通","N02_005c":"005366","N02_005g":"005366"}},{"type":"Feature","geometry":{"type":"LineString","coordinates":[[136.92968,35.2045],[136.92968,35.20271]]},"properties":{"N02_001":"12","N02_002":"3","N02_003":"上飯田線","N02_004":"名古屋市","N02_005":"上飯田","N02_005c":"005339","N02_005g":"005339"}},{"type":"Feature","geometry":{"type":"LineString","coordinates":[[136.89276,35.02063],[136.89238,35.01998]]},"properties":{"N02_001":"12","N02_002":"4","N02_003":"河和線","N02_004":"名古屋鉄道","N02_005":"太田川","N02_005c":"005911","N02_005g":"005911"}},{"type":"Feature","geometry":{"type":"LineString","coordinates":[[136.89365,35.01],[136.89382,35.0093]]},"properties":{"N02_001":"12","N02_002":"4","N02_003":"河和線","N02_004":"名古屋鉄道","N02_005":"高横須賀","N02_005c":"005968","N02_005g":"005968"}},{"type":"Feature","geometry":{"type":"LineString","coordinates":[[136.907,34.98868],[136.90671,34.98986]]},"properties":{"N02_001":"12","N02_002":"4","N02_003":"河和線","N02_004":"名古屋鉄道","N02_005":"南加木屋","N02_005c":"006059","N02_005g":"006059"}},{"type":"Feature","geometry":{"type":"LineString","coordinates":[[136.91682,34.82883],[136.91671,34.82982]]},"properties":{"N02_001":"12","N02_002":"4","N02_003":"河和線","N02_004":"名古屋鉄道","N02_005":"富貴","N02_005c":"006492","N02_005g":"006492"}},{"type":"Feature","geometry":{"type":"LineString","coordinates":[[136.91678,34.94049],[136.91665,34.94145]]},"properties":{"N02_001":"12","N02_002":"4","N02_003":"河和線","N02_004":"名古屋鉄道","N02_005":"坂部","N02_005c":"006210","N02_005g":"006210"}},{"type":"Feature","geometry":{"type":"LineString","coordinates":[[136.92207,34.88658],[136.92162,34.88581]]},"properties":{"N02_001":"12","N02_002":"4","N02_003":"河和線","N02_004":"名古屋鉄道","N02_005":"成岩","N02_005c":"006346","N02_005g":"006346"}},{"type":"Feature","geometry":{"type":"LineString","coordinates":[[136.91567,34.96174],[136.91567,34.962468],[136.91567,34.96247],[136.91567,34.96267]]},"properties":{"N02_001":"12","N02_002":"4","N02_003":"河和線","N02_004":"名古屋鉄道","N02_005":"巽ヶ丘","N02_005c":"006160","N02_005g":"006160"}},{"type":"Feature","geometry":{"type":"LineString","coordinates":[[136.91753,34.8792],[136.91747,34.87909],[136.91732,34.87877],[136.91717,34.87847],[136.91698,34.87815]]},"properties":{"N02_001":"12","N02_002":"4","N02_003":"河和線","N02_004":"名古屋鉄道","N02_005":"青山","N02_005c":"006366","N02_005g":"006366"}},{"type":"Feature","geometry":{"type":"LineString","coordinates":[[136.91875,34.9306],[136.91816,34.93201]]},"properties":{"N02_001":"12","N02_002":"4","N02_003":"河和線","N02_004":"名古屋鉄道","N02_005":"阿久比","N02_005c":"006234","N02_005g":"006234"}},{"type":"Feature","geometry":{"type":"LineString","coordinates":[[136.92592,34.89447],[136.9259,34.89422],[136.92589,34.89397],[136.92587,34.8938],[136.92582,34.8935]]},"properties":{"N02_001":"12","N02_002":"4","N02_003":"河和線","N02_004":"名古屋鉄道","N02_005":"知多半田","N02_005c":"006321","N02_005g":"006321"}},{"type":"Feature","geometry":{"type":"LineString","coordinates":[[136.92335,34.91779],[136.92354,34.91708]]},"properties":{"N02_001":"12","N02_002":"4","N02_003":"河和線","N02_004":"名古屋鉄道","N02_005":"植大","N02_005c":"006270","N02_005g":"006270"}},{"type":"Feature","geometry":{"type":"LineString","coordinates":[[136.92573,34.90266],[136.92575,34.90154]]},"properties":{"N02_001":"12","N02_002":"4","N02_003":"河和線","N02_004":"名古屋鉄道","N02_005":"住吉町","N02_005c":"006303","N02_005g":"006303"}},{"type":"Feature","geometry":{"type":"LineString","coordinates":[[136.92544,34.90945],[136.92548,34.90906],[136.9255,34.90875]]},"properties":{"N02_001":"12","N02_002":"4","N02_003":"河和線","N02_004":"名古屋鉄道","N02_005":"半田口","N02_005c":"006292","N02_005g":"006292"}},{"type":"Feature","geometry":{"type":"LineString","coordinates":[[136.91656,34.85096],[136.91653,34.85027]]},"properties":{"N02_001":"12","N02_002":"4","N02_003":"河和線","N02_004":"名古屋鉄道","N02_005":"知多武豊","N02_005c":"006433","N02_005g":"006433"}},{"type":"Feature","geometry":{"type":"LineString","coordinates":[[136.91293,34.97335],[136.91231,34.9742]]},"properties":{"N02_001":"12","N02_002":"4","N02_003":"河和線","N02_004":"名古屋鉄道","N02_005":"八幡新田","N02_005c":"006122","N02_005g":"006122"}},{"type":"Feature","geometry":{"type":"LineString","coordinates":[[136.91934,34.79675],[136.91862,34.79775]]},"properties":{"N02_001":"12","N02_002":"4","N02_003":"河和線","N02_004":"名古屋鉄道","N02_005":"河和口","N02_005c":"006646","N02_005g":"006646"}},{"type":"Feature","geometry":{"type":"LineString","coordinates":[[136.91644,34.85872],[136.91647,34.85794]]},"properties":{"N02_001":"12","N02_002":"4","N02_003":"河和線","N02_004":"名古屋鉄道","N02_005":"上ゲ","N02_005c":"006415","N02_005g":"006415"}},{"type":"Feature","geometry":{"type":"LineString","coordinates":[[136.91284,34.77772],[136.91169,34.77833]]},"properties":{"N02_001":"12","N02_002":"4","N02_003":"河和線","N02_004":"名古屋鉄道","N02_005":"河和","N02_005c":"006720","N02_005g":"006720"}},{"type":"Feature","geometry":{"type":"LineString","coordinates":[[136.91537,34.9547],[136.91539,34.95546]]},"properties":{"N02_001":"12","N02_002":"4","N02_003":"河和線","N02_004":"名古屋鉄道","N02_005":"白沢","N02_005c":"006176","N02_005g":"006176"}},{"type":"Feature","geometry":{"type":"LineString","coordinates":[[137.07148,34.79408],[137.07136,34.79416],[137.07125,34.79425],[137.07113,34.79437],[137.07101,34.79455]]},"properties":{"N02_001":"12","N02_002":"4","N02_003":"蒲郡線","N02_004":"名古屋鉄道","N02_005":"吉良吉田","N02_005c":"006659","N02_005g":"006659"}},{"type":"Feature","geometry":{"type":"LineString","coordinates":[[137.179,34.79026],[137.17842,34.78968]]},"properties":{"N02_001":"12","N02_002":"4","N02_003":"蒲郡線","N02_004":"名古屋鉄道","N02_005":"西浦","N02_005c":"006680","N02_005g":"006680"}},{"type":"Feature","geometry":{"type":"LineString","coordinates":[[137.18997,34.81363],[137.18967,34.81328],[137.18945,34.81303]]},"properties":{"N02_001":"12","N02_002":"4","N02_003":"蒲郡線","N02_004":"名古屋鉄道","N02_005":"三河鹿島","N02_005c":"006574","N02_005g":"006574"}},{"type":"Feature","geometry":{"type":"LineString","coordinates":[[137.18462,34.79871],[137.18465,34.7981]]},"properties":{"N02_001":"12","N02_002":"4","N02_003":"蒲郡線","N02_004":"名古屋鉄道","N02_005":"形原","N02_005c":"006638","N02_005g":"006638"}},{"type":"Feature","geometry":{"type":"LineString","coordinates":[[137.2261,34.82265],[137.22566,34.82277],[137.22527,34.82288]]},"properties":{"N02_001":"12","N02_002":"4","N02_003":"蒲郡線","N02_004":"名古屋鉄道","N02_005":"蒲郡","N02_005c":"006528","N02_005g":"006528"}},{"type":"Feature","geometry":{"type":"LineString","coordinates":[[137.14636,34.78955],[137.1455,34.78955]]},"properties":{"N02_001":"12","N02_002":"4","N02_003":"蒲郡線","N02_004":"名古屋鉄道","N02_005":"東幡豆","N02_005c":"006681","N02_005g":"006681"}},{"type":"Feature","geometry":{"type":"LineString","coordinates":[[137.10547,34.79325],[137.10464,34.79338]]},"properties":{"N02_001":"12","N02_002":"4","N02_003":"蒲郡線","N02_004":"名古屋鉄道","N02_005":"三河鳥羽","N02_005c":"006663","N02_005g":"006663"}},{"type":"Feature","geometry":{"type":"LineString","coordinates":[[137.20241,34.82556],[137.20183,34.82529]]},"properties":{"N02_001":"12","N02_002":"4","N02_003":"蒲郡線","N02_004":"名古屋鉄道","N02_005":"蒲郡競艇場前","N02_005c":"006520","N02_005g":"006520"}},{"type":"Feature","geometry":{"type":"LineString","coordinates":[[137.12176,34.79243],[137.12094,34.79252]]},"properties":{"N02_001":"12","N02_002":"4","N02_003":"蒲郡線","N02_004":"名古屋鉄道","N02_005":"西幡豆","N02_005c":"006667","N02_005g":"006667"}},{"type":"Feature","geometry":{"type":"LineString","coordinates":[[137.16325,34.78871],[137.16223,34.78849]]},"properties":{"N02_001":"12","N02_002":"4","N02_003":"蒲郡線","N02_004":"名古屋鉄道","N02_005":"こどもの国","N02_005c":"006687","N02_005g":"006687"}},{"type":"Feature","geometry":{"type":"LineString","coordinates":[[136.83544,34.89075],[136.83478,34.89159]]},"properties":{"N02_001":"12","N02_002":"4","N02_003":"空港線","N02_004":"名古屋鉄道","N02_005":"常滑","N02_005c":"006332","N02_005g":"006332"}},{"type":"Feature","geometry":{"type":"LineString","coordinates":[[136.82883,34.88014],[136.82737,34.87909]]},"properties":{"N02_001":"12","N02_002":"4","N02_003":"空港線","N02_004":"名古屋鉄道","N02_005":"りんくう常滑","N02_005c":"006362","N02_005g":"006362"}},{"type":"Feature","geometry":{"type":"LineString","coordinates":[[136.81567,34.86126],[136.81628,34.85853]]},"properties":{"N02_001":"12","N02_002":"4","N02_003":"空港線","N02_004":"名古屋鉄道","N02_005":"中部国際空港","N02_005c":"006409","N02_005g":"006409"}},{"type":"Feature","geometry":{"type":"LineString","coordinates":[[136.94573,35.38052],[136.94534,35.37928]]},"properties":{"N02_001":"12","N02_002":"4","N02_003":"犬山線","N02_004":"名古屋鉄道","N02_005":"犬山","N02_005c":"004888","N02_005g":"004888"}},{"type":"Feature","geometry":{"type":"LineString","coordinates":[[136.87286,35.31628],[136.87301,35.31785]]},"properties":{"N02_001":"12","N02_002":"4","N02_003":"犬山線","N02_004":"名古屋鉄道","N02_005":"布袋","N02_005c":"005063","N02_005g":"005063"}},{"type":"Feature","geometry":{"type":"LineString","coordinates":[[136.9163,35.35993],[136.91588,35.35937]]},"properties":{"N02_001":"12","N02_002":"4","N02_003":"犬山線","N02_004":"名古屋鉄道","N02_005":"扶桑","N02_005c":"004947","N02_005g":"004947"}},{"type":"Feature","geometry":{"type":"LineString","coordinates":[[136.87122,35.29622],[136.87113,35.29485]]},"properties":{"N02_001":"12","N02_002":"4","N02_003":"犬山線","N02_004":"名古屋鉄道","N02_005":"石仏","N02_005c":"005128","N02_005g":"005128"}},{"type":"Feature","geometry":{"type":"LineString","coordinates":[[136.87177,35.33417],[136.87204,35.33471],[136.87236,35.33521]]},"properties":{"N02_001":"12","N02_002":"4","N02_003":"犬山線","N02_004":"名古屋鉄道","N02_005":"江南","N02_005c":"005011","N02_005g":"005011"}},{"type":"Feature","geometry":{"type":"LineString","coordinates":[[136.94694,35.39092],[136.94691,35.38989]]},"properties":{"N02_001":"12","N02_002":"4","N02_003":"犬山線","N02_004":"名古屋鉄道","N02_005":"犬山遊園","N02_005c":"004859","N02_005g":"004859"}},{"type":"Feature","geometry":{"type":"LineString","coordinates":[[136.94033,35.37434],[136.93961,35.37412]]},"properties":{"N02_001":"12","N02_002":"4","N02_003":"犬山線","N02_004":"名古屋鉄道","N02_005":"犬山口","N02_005c":"004905","N02_005g":"004905"}},{"type":"Feature","geometry":{"type":"LineString","coordinates":[[136.87362,35.2776],[136.87353,35.27834]]},"properties":{"N02_001":"12","N02_002":"4","N02_003":"犬山線","N02_004":"名古屋鉄道","N02_005":"岩倉","N02_005c":"005165","N02_005g":"005165"}},{"type":"Feature","geometry":{"type":"LineString","coordinates":[[136.90074,35.34491],[136.89975,35.34473]]},"properties":{"N02_001":"12","N02_002":"4","N02_003":"犬山線","N02_004":"名古屋鉄道","N02_005":"柏森","N02_005c":"004980","N02_005g":"004980"}},{"type":"Feature","geometry":{"type":"LineString","coordinates":[[136.92638,35.36704],[136.92565,35.36663]]},"properties":{"N02_001":"12","N02_002":"4","N02_003":"犬山線","N02_004":"名古屋鉄道","N02_005":"木津用水","N02_005c":"004925","N02_005g":"004925"}},{"type":"Feature","geometry":{"type":"LineString","coordinates":[[136.87718,35.223],[136.87685,35.2236]]},"properties":{"N02_001":"12","N02_002":"4","N02_003":"犬山線","N02_004":"名古屋鉄道","N02_005":"上小田井","N02_005c":"005298","N02_005g":"005297"}},{"type":"Feature","geometry":{"type":"LineString","coordinates":[[136.87105,35.20296],[136.87057,35.2019]]},"properties":{"N02_001":"12","N02_002":"4","N02_003":"犬山線","N02_004":"名古屋鉄道","N02_005":"下小田井","N02_005c":"005344","N02_005g":"005344"}},{"type":"Feature","geometry":{"type":"LineString","coordinates":[[136.87469,35.26278],[136.87489,35.26383]]},"properties":{"N02_001":"12","N02_002":"4","N02_003":"犬山線","N02_004":"名古屋鉄道","N02_005":"大山寺","N02_005c":"005197","N02_005g":"005197"}},{"type":"Feature","geometry":{"type":"LineString","coordinates":[[136.87342,35.25611],[136.87329,35.25538]]},"properties":{"N02_001":"12","N02_002":"4","N02_003":"犬山線","N02_004":"名古屋鉄道","N02_005":"徳重・名古屋芸大","N02_005c":"005220","N02_005g":"005220"}},{"type":"Feature","geometry":{"type":"LineString","coordinates":[[136.8711,35.2437],[136.87133,35.24498],[136.87145,35.24567]]},"properties":{"N02_001":"12","N02_002":"4","N02_003":"犬山線","N02_004":"名古屋鉄道","N02_005":"西春","N02_005c":"005251","N02_005g":"005251"}},{"type":"Feature","geometry":{"type":"LineString","coordinates":[[136.87667,35.21442],[136.87702,35.21509]]},"properties":{"N02_001":"12","N02_002":"4","N02_003":"犬山線","N02_004":"名古屋鉄道","N02_005":"中小田井","N02_005c":"005312","N02_005g":"005312"}},{"type":"Feature","geometry":{"type":"LineString","coordinates":[[136.96173,35.37943],[136.96263,35.37962]]},"properties":{"N02_001":"12","N02_002":"4","N02_003":"広見線","N02_004":"名古屋鉄道","N02_005":"富岡前","N02_005c":"004893","N02_005g":"004893"}},{"type":"Feature","geometry":{"type":"LineString","coordinates":[[136.97966,35.38955],[136.98045,35.39005]]},"properties":{"N02_001":"12","N02_002":"4","N02_003":"広見線","N02_004":"名古屋鉄道","N02_005":"善師野","N02_005c":"004861","N02_005g":"004861"}},{"type":"Feature","geometry":{"type":"LineString","coordinates":[[136.94573,35.38052],[136.94534,35.37928]]},"properties":{"N02_001":"12","N02_002":"4","N02_003":"広見線","N02_004":"名古屋鉄道","N02_005":"犬山","N02_005c":"004889","N02_005g":"004888"}},{"type":"Feature","geometry":{"type":"LineString","coordinates":[[137.16198,35.09913],[137.16259,35.10021]]},"properties":{"N02_001":"12","N02_002":"4","N02_003":"三河線","N02_004":"名古屋鉄道","N02_005":"梅坪","N02_005c":"005698","N02_005g":"005698"}},{"type":"Feature","geometry":{"type":"LineString","coordinates":[[137.09617,35.0265],[137.09551,35.02611]]},"properties":{"N02_001":"12","N02_002":"4","N02_003":"三河線","N02_004":"名古屋鉄道","N02_005":"若林","N02_005c":"005891","N02_005g":"005891"}},{"type":"Feature","geometry":{"type":"LineString","coordinates":[[137.04573,35.00407],[137.04486,35.00394]]},"properties":{"N02_001":"12","N02_002":"4","N02_003":"三河線","N02_004":"名古屋鉄道","N02_005":"三河知立","N02_005c":"005989","N02_005g":"005989"}},{"type":"Feature","geometry":{"type":"LineString","coordinates":[[137.18051,35.10772],[137.17975,35.10762]]},"properties":{"N02_001":"12","N02_002":"4","N02_003":"三河線","N02_004":"名古屋鉄道","N02_005":"越戸","N02_005c":"005672","N02_005g":"005672"}},{"type":"Feature","geometry":{"type":"LineString","coordinates":[[137.15603,35.08673],[137.15645,35.08779]]},"properties":{"N02_001":"12","N02_002":"4","N02_003":"三河線","N02_004":"名古屋鉄道","N02_005":"豊田市","N02_005c":"005733","N02_005g":"005733"}},{"type":"Feature","geometry":{"type":"LineString","coordinates":[[137.11502,35.04028],[137.11449,35.03987]]},"properties":{"N02_001":"12","N02_002":"4","N02_003":"三河線","N02_004":"名古屋鉄道","N02_005":"竹村","N02_005c":"005855","N02_005g":"005855"}},{"type":"Feature","geometry":{"type":"LineString","coordinates":[[136.99415,34.98503],[136.99391,34.98468],[136.99376,34.98434]]},"properties":{"N02_001":"12","N02_002":"4","N02_003":"三河線","N02_004":"名古屋鉄道","N02_005":"刈谷市","N02_005c":"006082","N02_005g":"006082"}},{"type":"Feature","geometry":{"type":"LineString","coordinates":[[137.18485,35.11433],[137.18433,35.11476]]},"properties":{"N02_001":"12","N02_002":"4","N02_003":"三河線","N02_004":"名古屋鉄道","N02_005":"平戸橋","N02_005c":"005651","N02_005g":"005651"}},{"type":"Feature","geometry":{"type":"LineString","coordinates":[[137.12872,35.05789],[137.13022,35.05856]]},"properties":{"N02_001":"12","N02_002":"4","N02_003":"三河線","N02_004":"名古屋鉄道","N02_005":"土橋","N02_005c":"005809","N02_005g":"005809"}},{"type":"Feature","geometry":{"type":"LineString","coordinates":[[137.02347,34.9945],[137.02408,34.99506]]},"properties":{"N02_001":"12","N02_002":"4","N02_003":"三河線","N02_004":"名古屋鉄道","N02_005":"重原","N02_005c":"006032","N02_005g":"006032"}},{"type":"Feature","geometry":{"type":"LineString","coordinates":[[137.00837,34.99087],[137.01018,34.99019]]},"properties":{"N02_001":"12","N02_002":"4","N02_003":"三河線","N02_004":"名古屋鉄道","N02_005":"刈谷","N02_005c":"006053","N02_005g":"006052"}},{"type":"Feature","geometry":{"type":"LineString","coordinates":[[137.17858,35.12143],[137.17883,35.12204]]},"properties":{"N02_001":"12","N02_002":"4","N02_003":"三河線","N02_004":"名古屋鉄道","N02_005":"猿投","N02_005c":"005622","N02_005g":"005622"}},{"type":"Feature","geometry":{"type":"LineString","coordinates":[[137.07753,35.01124],[137.07695,35.01065]]},"properties":{"N02_001":"12","N02_002":"4","N02_003":"三河線","N02_004":"名古屋鉄道","N02_005":"三河八橋","N02_005c":"005958","N02_005g":"005958"}},{"type":"Feature","geometry":{"type":"LineString","coordinates":[[137.15436,35.0717],[137.15498,35.07214]]},"properties":{"N02_001":"12","N02_002":"4","N02_003":"三河線","N02_004":"名古屋鉄道","N02_005":"上挙母","N02_005c":"005760","N02_005g":"005760"}},{"type":"Feature","geometry":{"type":"LineString","coordinates":[[137.04009,35.00597],[137.03924,35.00649]]},"properties":{"N02_001":"12","N02_002":"4","N02_003":"三河線","N02_004":"名古屋鉄道","N02_005":"知立","N02_005c":"005984","N02_005g":"005984"}},{"type":"Feature","geometry":{"type":"LineString","coordinates":[[136.98976,34.94708],[136.98912,34.94633]]},"properties":{"N02_001":"12","N02_002":"4","N02_003":"三河線","N02_004":"名古屋鉄道","N02_005":"吉浜","N02_005c":"006201","N02_005g":"006201"}},{"type":"Feature","geometry":{"type":"LineString","coordinates":[[136.98945,34.88765],[136.98943,34.88697]]},"properties":{"N02_001":"12","N02_002":"4","N02_003":"三河線","N02_004":"名古屋鉄道","N02_005":"碧南中央","N02_005c":"006344","N02_005g":"006344"}},{"type":"Feature","geometry":{"type":"LineString","coordinates":[[136.98568,34.87448],[136.98557,34.87355]]},"properties":{"N02_001":"12","N02_002":"4","N02_003":"三河線","N02_004":"名古屋鉄道","N02_005":"碧南","N02_005c":"006381","N02_005g":"006381"}},{"type":"Feature","geometry":{"type":"LineString","coordinates":[[136.99238,34.9064],[136.99259,34.90555]]},"properties":{"N02_001":"12","N02_002":"4","N02_003":"三河線","N02_004":"名古屋鉄道","N02_005":"北新川","N02_005c":"006298","N02_005g":"006298"}},{"type":"Feature","geometry":{"type":"LineString","coordinates":[[136.98944,34.92188],[136.98932,34.92118]]},"properties":{"N02_001":"12","N02_002":"4","N02_003":"三河線","N02_004":"名古屋鉄道","N02_005":"高浜港","N02_005c":"006261","N02_005g":"006261"}},{"type":"Feature","geometry":{"type":"LineString","coordinates":[[136.99042,34.89692],[136.99019,34.89629]]},"properties":{"N02_001":"12","N02_002":"4","N02_003":"三河線","N02_004":"名古屋鉄道","N02_005":"新川町","N02_005c":"006315","N02_005g":"006315"}},{"type":"Feature","geometry":{"type":"LineString","coordinates":[[136.99572,34.96418],[136.99532,34.96358]]},"properties":{"N02_001":"12","N02_002":"4","N02_003":"三河線","N02_004":"名古屋鉄道","N02_005":"小垣江","N02_005c":"006155","N02_005g":"006155"}},{"type":"Feature","geometry":{"type":"LineString","coordinates":[[136.98982,34.93116],[136.9901,34.93038]]},"properties":{"N02_001":"12","N02_002":"4","N02_003":"三河線","N02_004":"名古屋鉄道","N02_005":"三河高浜","N02_005c":"006236","N02_005g":"006236"}},{"type":"Feature","geometry":{"type":"LineString","coordinates":[[136.94573,35.38052],[136.94534,35.37928]]},"properties":{"N02_001":"12","N02_002":"4","N02_003":"小牧線","N02_004":"名古屋鉄道","N02_005":"犬山","N02_005c":"004890","N02_005g":"004888"}},{"type":"Feature","geometry":{"type":"LineString","coordinates":[[136.94397,35.31769],[136.9436,35.31711]]},"properties":{"N02_001":"12","N02_002":"4","N02_003":"小牧線","N02_004":"名古屋鉄道","N02_005":"田県神社前","N02_005c":"005061","N02_005g":"005061"}},{"type":"Feature","geometry":{"type":"LineString","coordinates":[[136.93116,35.27124],[136.93122,35.27196]]},"properties":{"N02_001":"12","N02_002":"4","N02_003":"小牧線","N02_004":"名古屋鉄道","N02_005":"間内","N02_005c":"005179","N02_005g":"005179"}},{"type":"Feature","geometry":{"type":"LineString","coordinates":[[136.95244,35.35209],[136.95261,35.35113]]},"properties":{"N02_001":"12","N02_002":"4","N02_003":"小牧線","N02_004":"名古屋鉄道","N02_005":"羽黒","N02_005c":"004965","N02_005g":"004965"}},{"type":"Feature","geometry":{"type":"LineString","coordinates":[[136.92811,35.28931],[136.92786,35.2886]]},"properties":{"N02_001":"12","N02_002":"4","N02_003":"小牧線","N02_004":"名古屋鉄道","N02_005":"小牧","N02_005c":"005139","N02_005g":"005139"}},{"type":"Feature","geometry":{"type":"LineString","coordinates":[[136.94045,35.3097],[136.94022,35.30905]]},"properties":{"N02_001":"12","N02_002":"4","N02_003":"小牧線","N02_004":"名古屋鉄道","N02_005":"味岡","N02_005c":"005089","N02_005g":"005089"}},{"type":"Feature","geometry":{"type":"LineString","coordinates":[[136.92754,35.28201],[136.92772,35.28173],[136.92785,35.28151]]},"properties":{"N02_001":"12","N02_002":"4","N02_003":"小牧線","N02_004":"名古屋鉄道","N02_005":"小牧口","N02_005c":"005156","N02_005g":"005156"}},{"type":"Feature","geometry":{"type":"LineString","coordinates":[[136.95021,35.33087],[136.94997,35.33024]]},"properties":{"N02_001":"12","N02_002":"4","N02_003":"小牧線","N02_004":"名古屋鉄道","N02_005":"楽田","N02_005c":"005027","N02_005g":"005027"}},{"type":"Feature","geometry":{"type":"LineString","coordinates":[[136.92968,35.2045],[136.92968,35.20271]]},"properties":{"N02_001":"12","N02_002":"4","N02_003":"小牧線","N02_004":"名古屋鉄道","N02_005":"上飯田","N02_005c":"005340","N02_005g":"005339"}},{"type":"Feature","geometry":{"type":"LineString","coordinates":[[136.93719,35.23474],[136.93718,35.23547]]},"properties":{"N02_001":"12","N02_002":"4","N02_003":"小牧線","N02_004":"名古屋鉄道","N02_005":"味美","N02_005c":"005267","N02_005g":"005267"}},{"type":"Feature","geometry":{"type":"LineString","coordinates":[[136.936031,35.222277],[136.936507,35.223351]]},"properties":{"N02_001":"12","N02_002":"4","N02_003":"小牧線","N02_004":"名古屋鉄道","N02_005":"味鋺","N02_005c":"005299","N02_005g":"005299"}},{"type":"Feature","geometry":{"type":"LineString","coordinates":[[136.93141,35.2637],[136.93127,35.26442]]},"properties":{"N02_001":"12","N02_002":"4","N02_003":"小牧線","N02_004":"名古屋鉄道","N02_005":"牛山","N02_005c":"005196","N02_005g":"005196"}},{"type":"Feature","geometry":{"type":"LineString","coordinates":[[136.93633,35.25005],[136.93614,35.25067]]},"properties":{"N02_001":"12","N02_002":"4","N02_003":"小牧線","N02_004":"名古屋鉄道","N02_005":"春日井","N02_005c":"005234","N02_005g":"005234"}},{"type":"Feature","geometry":{"type":"LineString","coordinates":[[136.9128,35.09282],[136.9128,35.09378]]},"properties":{"N02_001":"12","N02_002":"4","N02_003":"常滑線","N02_004":"名古屋鉄道","N02_005":"大江","N02_005c":"005714","N02_005g":"005714"}},{"type":"Feature","geometry":{"type":"LineString","coordinates":[[136.89276,35.02063],[136.89238,35.01998]]},"properties":{"N02_001":"12","N02_002":"4","N02_003":"常滑線","N02_004":"名古屋鉄道","N02_005":"太田川","N02_005c":"005912","N02_005g":"005911"}},{"type":"Feature","geometry":{"type":"LineString","coordinates":[[136.86314,34.99357],[136.86377,34.99415]]},"properties":{"N02_001":"12","N02_002":"4","N02_003":"常滑線","N02_004":"名古屋鉄道","N02_005":"朝倉","N02_005c":"006038","N02_005g":"006038"}},{"type":"Feature","geometry":{"type":"LineString","coordinates":[[136.91063,35.1133],[136.91101,35.11395]]},"properties":{"N02_001":"12","N02_002":"4","N02_003":"常滑線","N02_004":"名古屋鉄道","N02_005":"豊田本町","N02_005c":"005658","N02_005g":"005658"}},{"type":"Feature","geometry":{"type":"LineString","coordinates":[[136.88579,35.01029],[136.88531,35.00974]]},"properties":{"N02_001":"12","N02_002":"4","N02_003":"常滑線","N02_004":"名古屋鉄道","N02_005":"尾張横須賀","N02_005c":"005966","N02_005g":"005966"}},{"type":"Feature","geometry":{"type":"LineString","coordinates":[[136.89971,35.03546],[136.89927,35.03482]]},"properties":{"N02_001":"12","N02_002":"4","N02_003":"常滑線","N02_004":"名古屋鉄道","N02_005":"新日鉄前","N02_005c":"005869","N02_005g":"005869"}},{"type":"Feature","geometry":{"type":"LineString","coordinates":[[136.90908,35.07337],[136.90908,35.07228]]},"properties":{"N02_001":"12","N02_002":"4","N02_003":"常滑線","N02_004":"名古屋鉄道","N02_005":"柴田","N02_005c":"005757","N02_005g":"005757"}},{"type":"Feature","geometry":{"type":"LineString","coordinates":[[136.9129,35.1248],[136.9126,35.12562],[136.91243,35.12607],[136.91233,35.12633]]},"properties":{"N02_001":"12","N02_002":"4","N02_003":"常滑線","N02_004":"名古屋鉄道","N02_005":"神宮前","N02_005c":"005605","N02_005g":"005605"}},{"type":"Feature","geometry":{"type":"LineString","coordinates":[[136.84758,34.97813],[136.84805,34.97867]]},"properties":{"N02_001":"12","N02_002":"4","N02_003":"常滑線","N02_004":"名古屋鉄道","N02_005":"長浦","N02_005c":"006106","N02_005g":"006106"}},{"type":"Feature","geometry":{"type":"LineString","coordinates":[[136.90962,35.10537],[136.90942,35.10603]]},"properties":{"N02_001":"12","N02_002":"4","N02_003":"常滑線","N02_004":"名古屋鉄道","N02_005":"道徳","N02_005c":"005680","N02_005g":"005680"}},{"type":"Feature","geometry":{"type":"LineString","coordinates":[[136.90939,35.08062],[136.90935,35.08022],[136.90931,35.07994]]},"properties":{"N02_001":"12","N02_002":"4","N02_003":"常滑線","N02_004":"名古屋鉄道","N02_005":"大同町","N02_005c":"005743","N02_005g":"005743"}},{"type":"Feature","geometry":{"type":"LineString","coordinates":[[136.91153,35.06124],[136.91185,35.0606]]},"properties":{"N02_001":"12","N02_002":"4","N02_003":"常滑線","N02_004":"名古屋鉄道","N02_005":"名和","N02_005c":"005796","N02_005g":"005796"}},{"type":"Feature","geometry":{"type":"LineString","coordinates":[[136.90314,35.04326],[136.90302,35.04262],[136.90301,35.04257]]},"properties":{"N02_001":"12","N02_002":"4","N02_003":"常滑線","N02_004":"名古屋鉄道","N02_005":"聚楽園","N02_005c":"005852","N02_005g":"005852"}},{"type":"Feature","geometry":{"type":"LineString","coordinates":[[136.87568,35.00035],[136.8752,35.00006]]},"properties":{"N02_001":"12","N02_002":"4","N02_003":"常滑線","N02_004":"名古屋鉄道","N02_005":"寺本","N02_005c":"006009","N02_005g":"006009"}},{"type":"Feature","geometry":{"type":"LineString","coordinates":[[136.8565,34.98748],[136.85705,34.988]]},"properties":{"N02_001":"12","N02_002":"4","N02_003":"常滑線","N02_004":"名古屋鉄道","N02_005":"古見","N02_005c":"006068","N02_005g":"006068"}},{"type":"Feature","geometry":{"type":"LineString","coordinates":[[136.82557,34.9149],[136.82574,34.91565]]},"properties":{"N02_001":"12","N02_002":"4","N02_003":"常滑線","N02_004":"名古屋鉄道","N02_005":"蒲池","N02_005c":"006273","N02_005g":"006273"}},{"type":"Feature","geometry":{"type":"LineString","coordinates":[[136.83184,34.96128],[136.8325,34.96203]]},"properties":{"N02_001":"12","N02_002":"4","N02_003":"常滑線","N02_004":"名古屋鉄道","N02_005":"日長","N02_005c":"006161","N02_005g":"006161"}},{"type":"Feature","geometry":{"type":"LineString","coordinates":[[136.83093,34.89667],[136.83046,34.89738]]},"properties":{"N02_001":"12","N02_002":"4","N02_003":"常滑線","N02_004":"名古屋鉄道","N02_005":"多屋","N02_005c":"006314","N02_005g":"006314"}},{"type":"Feature","geometry":{"type":"LineString","coordinates":[[136.82674,34.92505],[136.82678,34.92416]]},"properties":{"N02_001":"12","N02_002":"4","N02_003":"常滑線","N02_004":"名古屋鉄道","N02_005":"西ノ口","N02_005c":"006255","N02_005g":"006255"}},{"type":"Feature","geometry":{"type":"LineString","coordinates":[[136.82836,34.90452],[136.82804,34.90538]]},"properties":{"N02_001":"12","N02_002":"4","N02_003":"常滑線","N02_004":"名古屋鉄道","N02_005":"榎戸","N02_005c":"006299","N02_005g":"006299"}},{"type":"Feature","geometry":{"type":"LineString","coordinates":[[136.82739,34.93512],[136.82761,34.93574]]},"properties":{"N02_001":"12","N02_002":"4","N02_003":"常滑線","N02_004":"名古屋鉄道","N02_005":"大野町","N02_005c":"006222","N02_005g":"006222"}},{"type":"Feature","geometry":{"type":"LineString","coordinates":[[136.82864,34.94938],[136.82855,34.95007]]},"properties":{"N02_001":"12","N02_002":"4","N02_003":"常滑線","N02_004":"名古屋鉄道","N02_005":"新舞子","N02_005c":"006194","N02_005g":"006194"}},{"type":"Feature","geometry":{"type":"LineString","coordinates":[[136.83544,34.89075],[136.83478,34.89159]]},"properties":{"N02_001":"12","N02_002":"4","N02_003":"常滑線","N02_004":"名古屋鉄道","N02_005":"常滑","N02_005c":"006333","N02_005g":"006332"}},{"type":"Feature","geometry":{"type":"LineString","coordinates":[[137.07811,35.22552],[137.07726,35.22553]]},"properties":{"N02_001":"12","N02_002":"4","N02_003":"瀬戸線","N02_004":"名古屋鉄道","N02_005":"新瀬戸","N02_005c":"005289","N02_005g":"005289"}},{"type":"Feature","geometry":{"type":"LineString","coordinates":[[136.95716,35.19613],[136.95798,35.19625]]},"properties":{"N02_001":"12","N02_002":"4","N02_003":"瀬戸線","N02_004":"名古屋鉄道","N02_005":"守山自衛隊前","N02_005c":"005367","N02_005g":"005367"}},{"type":"Feature","geometry":{"type":"LineString","coordinates":[[136.98772,35.2049],[136.9885,35.20522]]},"properties":{"N02_001":"12","N02_002":"4","N02_003":"瀬戸線","N02_004":"名古屋鉄道","N02_005":"喜多山","N02_005c":"005336","N02_005g":"005336"}},{"type":"Feature","geometry":{"type":"LineString","coordinates":[[137.0698,35.22429],[137.06904,35.2241]]},"properties":{"N02_001":"12","N02_002":"4","N02_003":"瀬戸線","N02_004":"名古屋鉄道","N02_005":"水野","N02_005c":"005295","N02_005g":"005295"}},{"type":"Feature","geometry":{"type":"LineString","coordinates":[[137.03663,35.21664],[137.03587,35.21689]]},"properties":{"N02_001":"12","N02_002":"4","N02_003":"瀬戸線","N02_004":"名古屋鉄道","N02_005":"尾張旭","N02_005c":"005307","N02_005g":"005307"}},{"type":"Feature","geometry":{"type":"LineString","coordinates":[[137.05275,35.21631],[137.05199,35.21616]]},"properties":{"N02_001":"12","N02_002":"4","N02_003":"瀬戸線","N02_004":"名古屋鉄道","N02_005":"三郷","N02_005c":"005308","N02_005g":"005308"}},{"type":"Feature","geometry":{"type":"LineString","coordinates":[[136.97512,35.19996],[136.976,35.20018]]},"properties":{"N02_001":"12","N02_002":"4","N02_003":"瀬戸線","N02_004":"名古屋鉄道","N02_005":"小幡","N02_005c":"005348","N02_005g":"005348"}},{"type":"Feature","geometry":{"type":"LineString","coordinates":[[137.0201,35.2143],[137.0194,35.21401]]},"properties":{"N02_001":"12","N02_002":"4","N02_003":"瀬戸線","N02_004":"名古屋鉄道","N02_005":"旭前","N02_005c":"005315","N02_005g":"005315"}},{"type":"Feature","geometry":{"type":"LineString","coordinates":[[136.96405,35.19707],[136.96484,35.19722]]},"properties":{"N02_001":"12","N02_002":"4","N02_003":"瀬戸線","N02_004":"名古屋鉄道","N02_005":"瓢箪山","N02_005c":"005363","N02_005g":"005363"}},{"type":"Feature","geometry":{"type":"LineString","coordinates":[[137.08458,35.22499],[137.08384,35.225]]},"properties":{"N02_001":"12","N02_002":"4","N02_003":"瀬戸線","N02_004":"名古屋鉄道","N02_005":"瀬戸市役所前","N02_005c":"005293","N02_005g":"005293"}},{"type":"Feature","geometry":{"type":"LineString","coordinates":[[137.01158,35.21119],[137.0105,35.21086]]},"properties":{"N02_001":"12","N02_002":"4","N02_003":"瀬戸線","N02_004":"名古屋鉄道","N02_005":"印場","N02_005c":"005324","N02_005g":"005324"}},{"type":"Feature","geometry":{"type":"LineString","coordinates":[[137.09613,35.22468],[137.09735,35.2251]]},"properties":{"N02_001":"12","N02_002":"4","N02_003":"瀬戸線","N02_004":"名古屋鉄道","N02_005":"尾張瀬戸","N02_005c":"005294","N02_005g":"005294"}},{"type":"Feature","geometry":{"type":"LineString","coordinates":[[136.9962,35.20695],[136.99698,35.20692]]},"properties":{"N02_001":"12","N02_002":"4","N02_003":"瀬戸線","N02_004":"名古屋鉄道","N02_005":"大森・金城学院前","N02_005c":"005328","N02_005g":"005328"}},{"type":"Feature","geometry":{"type":"LineString","coordinates":[[136.90845,35.18378],[136.9085,35.18312]]},"properties":{"N02_001":"12","N02_002":"4","N02_003":"瀬戸線","N02_004":"名古屋鉄道","N02_005":"東大手","N02_005c":"005408","N02_005g":"005408"}},{"type":"Feature","geometry":{"type":"LineString","coordinates":[[136.93687,35.19129],[136.93703,35.1919]]},"properties":{"N02_001":"12","N02_002":"4","N02_003":"瀬戸線","N02_004":"名古屋鉄道","N02_005":"大曽根","N02_005c":"005387","N02_005g":"005387"}},{"type":"Feature","geometry":{"type":"LineString","coordinates":[[136.94758,35.19377],[136.94841,35.19355]]},"properties":{"N02_001":"12","N02_002":"4","N02_003":"瀬戸線","N02_004":"名古屋鉄道","N02_005":"矢田","N02_005c":"005378","N02_005g":"005378"}},{"type":"Feature","geometry":{"type":"LineString","coordinates":[[136.91878,35.18762],[136.91957,35.18798]]},"properties":{"N02_001":"12","N02_002":"4","N02_003":"瀬戸線","N02_004":"名古屋鉄道","N02_005":"尼ヶ坂","N02_005c":"005403","N02_005g":"005403"}},{"type":"Feature","geometry":{"type":"LineString","coordinates":[[136.92879,35.18825],[136.92979,35.18824]]},"properties":{"N02_001":"12","N02_002":"4","N02_003":"瀬戸線","N02_004":"名古屋鉄道","N02_005":"森下","N02_005c":"005402","N02_005g":"005402"}},{"type":"Feature","geometry":{"type":"LineString","coordinates":[[136.91347,35.18711],[136.91441,35.18708]]},"properties":{"N02_001":"12","N02_002":"4","N02_003":"瀬戸線","N02_004":"名古屋鉄道","N02_005":"清水","N02_005c":"005405","N02_005g":"005405"}},{"type":"Feature","geometry":{"type":"LineString","coordinates":[[136.90881,35.17081],[136.90888,35.17016]]},"properties":{"N02_001":"12","N02_002":"4","N02_003":"瀬戸線","N02_004":"名古屋鉄道","N02_005":"栄町","N02_005c":"005455","N02_005g":"005455"}},{"type":"Feature","geometry":{"type":"LineString","coordinates":[[137.08623,34.98652],[137.0848,34.98728]]},"properties":{"N02_001":"12","N02_002":"4","N02_003":"西尾線","N02_004":"名古屋鉄道","N02_005":"新安城","N02_005c":"006072","N02_005g":"006072"}},{"type":"Feature","geometry":{"type":"LineString","coordinates":[[137.06292,34.87107],[137.06248,34.87041]]},"properties":{"N02_001":"12","N02_002":"4","N02_003":"西尾線","N02_004":"名古屋鉄道","N02_005":"西尾口","N02_005c":"006386","N02_005g":"006386"}},{"type":"Feature","geometry":{"type":"LineString","coordinates":[[137.08846,34.91787],[137.08829,34.91717]]},"properties":{"N02_001":"12","N02_002":"4","N02_003":"西尾線","N02_004":"名古屋鉄道","N02_005":"桜井","N02_005c":"006269","N02_005g":"006269"}},{"type":"Feature","geometry":{"type":"LineString","coordinates":[[137.07203,34.82979],[137.07225,34.83045]]},"properties":{"N02_001":"12","N02_002":"4","N02_003":"西尾線","N02_004":"名古屋鉄道","N02_005":"上横須賀","N02_005c":"006490","N02_005g":"006490"}},{"type":"Feature","geometry":{"type":"LineString","coordinates":[[137.08961,34.92725],[137.08963,34.92746],[137.08971,34.92814]]},"properties":{"N02_001":"12","N02_002":"4","N02_003":"西尾線","N02_004":"名古屋鉄道","N02_005":"堀内公園","N02_005c":"006243","N02_005g":"006243"}},{"type":"Feature","geometry":{"type":"LineString","coordinates":[[137.09222,34.96432],[137.09208,34.96497]]},"properties":{"N02_001":"12","N02_002":"4","N02_003":"西尾線","N02_004":"名古屋鉄道","N02_005":"北安城","N02_005c":"006151","N02_005g":"006151"}},{"type":"Feature","geometry":{"type":"LineString","coordinates":[[137.04858,34.84505],[137.04853,34.84433]]},"properties":{"N02_001":"12","N02_002":"4","N02_003":"西尾線","N02_004":"名古屋鉄道","N02_005":"福地","N02_005c":"006453","N02_005g":"006453"}},{"type":"Feature","geometry":{"type":"LineString","coordinates":[[137.06236,34.88067],[137.06255,34.87981]]},"properties":{"N02_001":"12","N02_002":"4","N02_003":"西尾線","N02_004":"名古屋鉄道","N02_005":"桜町前","N02_005c":"006360","N02_005g":"006360"}},{"type":"Feature","geometry":{"type":"LineString","coordinates":[[137.07148,34.79408],[137.07136,34.79416],[137.07125,34.79425],[137.07113,34.79437],[137.07101,34.79455]]},"properties":{"N02_001":"12","N02_002":"4","N02_003":"西尾線","N02_004":"名古屋鉄道","N02_005":"吉良吉田","N02_005c":"006660","N02_005g":"006659"}},{"type":"Feature","geometry":{"type":"LineString","coordinates":[[137.09257,34.95158],[137.09258,34.9517],[137.09261,34.95199],[137.09265,34.95235]]},"properties":{"N02_001":"12","N02_002":"4","N02_003":"西尾線","N02_004":"名古屋鉄道","N02_005":"南安城","N02_005c":"006187","N02_005g":"006187"}},{"type":"Feature","geometry":{"type":"LineString","coordinates":[[137.09081,34.93688],[137.09084,34.9372],[137.09086,34.93752]]},"properties":{"N02_001":"12","N02_002":"4","N02_003":"西尾線","N02_004":"名古屋鉄道","N02_005":"碧海古井","N02_005c":"006221","N02_005g":"006221"}},{"type":"Feature","geometry":{"type":"LineString","coordinates":[[137.05811,34.86429],[137.05757,34.86355]]},"properties":{"N02_001":"12","N02_002":"4","N02_003":"西尾線","N02_004":"名古屋鉄道","N02_005":"西尾","N02_005c":"006403","N02_005g":"006403"}},{"type":"Feature","geometry":{"type":"LineString","coordinates":[[137.06134,34.89318],[137.06081,34.89253]]},"properties":{"N02_001":"12","N02_002":"4","N02_003":"西尾線","N02_004":"名古屋鉄道","N02_005":"米津","N02_005c":"006328","N02_005g":"006328"}},{"type":"Feature","geometry":{"type":"LineString","coordinates":[[136.86309,34.80071],[136.86308,34.80029],[136.8631,34.79987]]},"properties":{"N02_001":"12","N02_002":"4","N02_003":"知多新線","N02_004":"名古屋鉄道","N02_005":"美浜緑苑","N02_005c":"006628","N02_005g":"006628"}},{"type":"Feature","geometry":{"type":"LineString","coordinates":[[136.86443,34.78775],[136.86454,34.78662]]},"properties":{"N02_001":"12","N02_002":"4","N02_003":"知多新線","N02_004":"名古屋鉄道","N02_005":"知多奥田","N02_005c":"006690","N02_005g":"006690"}},{"type":"Feature","geometry":{"type":"LineString","coordinates":[[136.86708,34.80749],[136.86654,34.80705]]},"properties":{"N02_001":"12","N02_002":"4","N02_003":"知多新線","N02_004":"名古屋鉄道","N02_005":"上野間","N02_005c":"006599","N02_005g":"006599"}},{"type":"Feature","geometry":{"type":"LineString","coordinates":[[136.86091,34.77261],[136.86059,34.77199]]},"properties":{"N02_001":"12","N02_002":"4","N02_003":"知多新線","N02_004":"名古屋鉄道","N02_005":"野間","N02_005c":"006735","N02_005g":"006735"}},{"type":"Feature","geometry":{"type":"LineString","coordinates":[[136.87617,34.74442],[136.87432,34.74495]]},"properties":{"N02_001":"12","N02_002":"4","N02_003":"知多新線","N02_004":"名古屋鉄道","N02_005":"内海","N02_005c":"006857","N02_005g":"006857"}},{"type":"Feature","geometry":{"type":"LineString","coordinates":[[136.91682,34.82883],[136.91671,34.82982]]},"properties":{"N02_001":"12","N02_002":"4","N02_003":"知多新線","N02_004":"名古屋鉄道","N02_005":"富貴","N02_005c":"006493","N02_005g":"006492"}},{"type":"Feature","geometry":{"type":"LineString","coordinates":[[136.9128,35.09282],[136.9128,35.09378]]},"properties":{"N02_001":"12","N02_002":"4","N02_003":"築港線","N02_004":"名古屋鉄道","N02_005":"大江","N02_005c":"005715","N02_005g":"005714"}},{"type":"Feature","geometry":{"type":"LineString","coordinates":[[136.89868,35.08906],[136.89969,35.08912]]},"properties":{"N02_001":"12","N02_002":"4","N02_003":"築港線","N02_004":"名古屋鉄道","N02_005":"東名古屋港","N02_005c":"005727","N02_005g":"005727"}},{"type":"Feature","geometry":{"type":"LineString","coordinates":[[136.8251,35.19595],[136.82661,35.19596]]},"properties":{"N02_001":"12","N02_002":"4","N02_003":"津島線","N02_004":"名古屋鉄道","N02_005":"甚目寺","N02_005c":"005368","N02_005g":"005368"}},{"type":"Feature","geometry":{"type":"LineString","coordinates":[[136.84497,35.19937],[136.84654,35.19849]]},"properties":{"N02_001":"12","N02_002":"4","N02_003":"津島線","N02_004":"名古屋鉄道","N02_005":"須ヶ口","N02_005c":"005352","N02_005g":"005352"}},{"type":"Feature","geometry":{"type":"LineString","coordinates":[[136.73101,35.17845],[136.73113,35.17761]]},"properties":{"N02_001":"12","N02_002":"4","N02_003":"津島線","N02_004":"名古屋鉄道","N02_005":"津島","N02_005c":"005420","N02_005g":"005420"}},{"type":"Feature","geometry":{"type":"LineString","coordinates":[[136.73853,35.18852],[136.7393,35.18914]]},"properties":{"N02_001":"12","N02_002":"4","N02_003":"津島線","N02_004":"名古屋鉄道","N02_005":"藤浪","N02_005c":"005396","N02_005g":"005396"}},{"type":"Feature","geometry":{"type":"LineString","coordinates":[[136.7873,35.19528],[136.78872,35.19532]]},"properties":{"N02_001":"12","N02_002":"4","N02_003":"津島線","N02_004":"名古屋鉄道","N02_005":"木田","N02_005c":"005372","N02_005g":"005372"}},{"type":"Feature","geometry":{"type":"LineString","coordinates":[[136.7662,35.19883],[136.76767,35.19858]]},"properties":{"N02_001":"12","N02_002":"4","N02_003":"津島線","N02_004":"名古屋鉄道","N02_005":"青塚","N02_005c":"005355","N02_005g":"005355"}},{"type":"Feature","geometry":{"type":"LineString","coordinates":[[136.74953,35.19485],[136.75122,35.19564]]},"properties":{"N02_001":"12","N02_002":"4","N02_003":"津島線","N02_004":"名古屋鉄道","N02_005":"勝幡","N02_005c":"005375","N02_005g":"005375"}},{"type":"Feature","geometry":{"type":"LineString","coordinates":[[136.80542,35.19577],[136.80563,35.19577],[136.80576,35.19578],[136.80705,35.19582]]},"properties":{"N02_001":"12","N02_002":"4","N02_003":"津島線","N02_004":"名古屋鉄道","N02_005":"七宝","N02_005c":"005370","N02_005g":"005370"}},{"type":"Feature","geometry":{"type":"LineString","coordinates":[[136.78648,35.28988],[136.78585,35.28955]]},"properties":{"N02_001":"12","N02_002":"4","N02_003":"尾西線","N02_004":"名古屋鉄道","N02_005":"観音寺","N02_005c":"005138","N02_005g":"005138"}},{"type":"Feature","geometry":{"type":"LineString","coordinates":[[136.75751,35.27691],[136.7579,35.27743]]},"properties":{"N02_001":"12","N02_002":"4","N02_003":"尾西線","N02_004":"名古屋鉄道","N02_005":"萩原","N02_005c":"005167","N02_005g":"005167"}},{"type":"Feature","geometry":{"type":"LineString","coordinates":[[136.76543,35.28369],[136.76595,35.28383]]},"properties":{"N02_001":"12","N02_002":"4","N02_003":"尾西線","N02_004":"名古屋鉄道","N02_005":"二子","N02_005c":"005150","N02_005g":"005150"}},{"type":"Feature","geometry":{"type":"LineString","coordinates":[[136.76078,35.32447],[136.76142,35.32423]]},"properties":{"N02_001":"12","N02_002":"4","N02_003":"尾西線","N02_004":"名古屋鉄道","N02_005":"奥町","N02_005c":"005042","N02_005g":"005042"}},{"type":"Feature","geometry":{"type":"LineString","coordinates":[[136.77384,35.31942],[136.77437,35.31912]]},"properties":{"N02_001":"12","N02_002":"4","N02_003":"尾西線","N02_004":"名古屋鉄道","N02_005":"開明","N02_005c":"005056","N02_005g":"005056"}},{"type":"Feature","geometry":{"type":"LineString","coordinates":[[136.7779,35.28705],[136.77861,35.28723]]},"properties":{"N02_001":"12","N02_002":"4","N02_003":"尾西線","N02_004":"名古屋鉄道","N02_005":"苅安賀","N02_005c":"005142","N02_005g":"005142"}},{"type":"Feature","geometry":{"type":"LineString","coordinates":[[136.79246,35.30723],[136.79182,35.30774]]},"properties":{"N02_001":"12","N02_002":"4","N02_003":"尾西線","N02_004":"名古屋鉄道","N02_005":"西一宮","N02_005c":"005095","N02_005g":"005095"}},{"type":"Feature","geometry":{"type":"LineString","coordinates":[[136.79632,35.30343],[136.79763,35.30074]]},"properties":{"N02_001":"12","N02_002":"4","N02_003":"尾西線","N02_004":"名古屋鉄道","N02_005":"名鉄一宮","N02_005c":"005109","N02_005g":"005109"}},{"type":"Feature","geometry":{"type":"LineString","coordinates":[[136.75818,35.33505],[136.75776,35.33464]]},"properties":{"N02_001":"12","N02_002":"4","N02_003":"尾西線","N02_004":"名古屋鉄道","N02_005":"玉ノ井","N02_005c":"005008","N02_005g":"005008"}},{"type":"Feature","geometry":{"type":"LineString","coordinates":[[136.7269,35.1146],[136.72479,35.11353]]},"properties":{"N02_001":"12","N02_002":"4","N02_003":"尾西線","N02_004":"名古屋鉄道","N02_005":"弥富","N02_005c":"005657","N02_005g":"005655"}},{"type":"Feature","geometry":{"type":"LineString","coordinates":[[136.72835,35.16332],[136.72885,35.16403]]},"properties":{"N02_001":"12","N02_002":"4","N02_003":"尾西線","N02_004":"名古屋鉄道","N02_005":"日比野","N02_005c":"005483","N02_005g":"005483"}},{"type":"Feature","geometry":{"type":"LineString","coordinates":[[136.73935,35.25608],[136.73954,35.2568]]},"properties":{"N02_001":"12","N02_002":"4","N02_003":"尾西線","N02_004":"名古屋鉄道","N02_005":"山崎","N02_005c":"005213","N02_005g":"005213"}},{"type":"Feature","geometry":{"type":"LineString","coordinates":[[136.74752,35.26598],[136.74808,35.26641]]},"properties":{"N02_001":"12","N02_002":"4","N02_003":"尾西線","N02_004":"名古屋鉄道","N02_005":"玉野","N02_005c":"005189","N02_005g":"005189"}},{"type":"Feature","geometry":{"type":"LineString","coordinates":[[136.72936,35.20259],[136.72895,35.20184]]},"properties":{"N02_001":"12","N02_002":"4","N02_003":"尾西線","N02_004":"名古屋鉄道","N02_005":"六輪","N02_005c":"005346","N02_005g":"005346"}},{"type":"Feature","geometry":{"type":"LineString","coordinates":[[136.73264,35.23421],[136.7324,35.23354]]},"properties":{"N02_001":"12","N02_002":"4","N02_003":"尾西線","N02_004":"名古屋鉄道","N02_005":"上丸渕","N02_005c":"005270","N02_005g":"005270"}},{"type":"Feature","geometry":{"type":"LineString","coordinates":[[136.72728,35.18944],[136.72692,35.19014],[136.72691,35.19017]]},"properties":{"N02_001":"12","N02_002":"4","N02_003":"尾西線","N02_004":"名古屋鉄道","N02_005":"町方","N02_005c":"005394","N02_005g":"005394"}},{"type":"Feature","geometry":{"type":"LineString","coordinates":[[136.71629,35.14702],[136.71708,35.14808]]},"properties":{"N02_001":"12","N02_002":"4","N02_003":"尾西線","N02_004":"名古屋鉄道","N02_005":"佐屋","N02_005c":"005536","N02_005g":"005536"}},{"type":"Feature","geometry":{"type":"LineString","coordinates":[[136.72726,35.21428],[136.72745,35.21361]]},"properties":{"N02_001":"12","N02_002":"4","N02_003":"尾西線","N02_004":"名古屋鉄道","N02_005":"渕高","N02_005c":"005317","N02_005g":"005317"}},{"type":"Feature","geometry":{"type":"LineString","coordinates":[[136.71136,35.12898],[136.71151,35.12971]]},"properties":{"N02_001":"12","N02_002":"4","N02_003":"尾西線","N02_004":"名古屋鉄道","N02_005":"五ノ三","N02_005c":"005589","N02_005g":"005589"}},{"type":"Feature","geometry":{"type":"LineString","coordinates":[[136.73709,35.24798],[136.73682,35.24724]]},"properties":{"N02_001":"12","N02_002":"4","N02_003":"尾西線","N02_004":"名古屋鉄道","N02_005":"森上","N02_005c":"005243","N02_005g":"005243"}},{"type":"Feature","geometry":{"type":"LineString","coordinates":[[136.73101,35.17845],[136.73113,35.17761]]},"properties":{"N02_001":"12","N02_002":"4","N02_003":"尾西線","N02_004":"名古屋鉄道","N02_005":"津島","N02_005c":"005421","N02_005g":"005420"}},{"type":"Feature","geometry":{"type":"LineString","coordinates":[[136.72887,35.22222],[136.72911,35.22283]]},"properties":{"N02_001":"12","N02_002":"4","N02_003":"尾西線","N02_004":"名古屋鉄道","N02_005":"丸渕","N02_005c":"005301","N02_005g":"005301"}},{"type":"Feature","geometry":{"type":"LineString","coordinates":[[137.39622,34.82208],[137.3957,34.82146]]},"properties":{"N02_001":"21","N02_002":"4","N02_003":"豊川線","N02_004":"名古屋鉄道","N02_005":"豊川稲荷","N02_005c":"006533","N02_005g":"006533"}},{"type":"Feature","geometry":{"type":"LineString","coordinates":[[137.37082,34.82338],[137.37059,34.82348],[137.37027,34.82361],[137.37008,34.82369]]},"properties":{"N02_001":"21","N02_002":"4","N02_003":"豊川線","N02_004":"名古屋鉄道","N02_005":"諏訪町","N02_005c":"006526","N02_005g":"006526"}},{"type":"Feature","geometry":{"type":"LineString","coordinates":[[137.35165,34.82913],[137.35182,34.82911],[137.35214,34.82907],[137.35247,34.82904]]},"properties":{"N02_001":"21","N02_002":"4","N02_003":"豊川線","N02_004":"名古屋鉄道","N02_005":"八幡","N02_005c":"006496","N02_005g":"006496"}},{"type":"Feature","geometry":{"type":"LineString","coordinates":[[137.32843,34.83708],[137.32785,34.83782]]},"properties":{"N02_001":"21","N02_002":"4","N02_003":"豊川線","N02_004":"名古屋鉄道","N02_005":"国府","N02_005c":"006469","N02_005g":"006468"}},{"type":"Feature","geometry":{"type":"LineString","coordinates":[[137.38835,34.81826],[137.388,34.81834],[137.38749,34.81848],[137.38712,34.81858]]},"properties":{"N02_001":"21","N02_002":"4","N02_003":"豊川線","N02_004":"名古屋鉄道","N02_005":"稲荷口","N02_005c":"006551","N02_005g":"006551"}},{"type":"Feature","geometry":{"type":"LineString","coordinates":[[137.09122,35.12757],[137.09197,35.12777]]},"properties":{"N02_001":"12","N02_002":"4","N02_003":"豊田線","N02_004":"名古屋鉄道","N02_005":"黒笹","N02_005c":"005596","N02_005g":"005596"}},{"type":"Feature","geometry":{"type":"LineString","coordinates":[[137.06667,35.12354],[137.06731,35.12386]]},"properties":{"N02_001":"12","N02_002":"4","N02_003":"豊田線","N02_004":"名古屋鉄道","N02_005":"米野木","N02_005c":"005613","N02_005g":"005613"}},{"type":"Feature","geometry":{"type":"LineString","coordinates":[[137.16198,35.09913],[137.16259,35.10021]]},"properties":{"N02_001":"12","N02_002":"4","N02_003":"豊田線","N02_004":"名古屋鉄道","N02_005":"梅坪","N02_005c":"005699","N02_005g":"005698"}},{"type":"Feature","geometry":{"type":"LineString","coordinates":[[137.15475,35.11636],[137.15545,35.11599]]},"properties":{"N02_001":"12","N02_002":"4","N02_003":"豊田線","N02_004":"名古屋鉄道","N02_005":"上豊田","N02_005c":"005643","N02_005g":"005643"}},{"type":"Feature","geometry":{"type":"LineString","coordinates":[[137.11107,35.12714],[137.11176,35.12685]]},"properties":{"N02_001":"12","N02_002":"4","N02_003":"豊田線","N02_004":"名古屋鉄道","N02_005":"三好ヶ丘","N02_005c":"005599","N02_005g":"005599"}},{"type":"Feature","geometry":{"type":"LineString","coordinates":[[137.01781,35.12099],[137.0186,35.12108]]},"properties":{"N02_001":"12","N02_002":"4","N02_003":"豊田線","N02_004":"名古屋鉄道","N02_005":"赤池","N02_005c":"005625","N02_005g":"005624"}},{"type":"Feature","geometry":{"type":"LineString","coordinates":[[137.04838,35.11831],[137.04917,35.11847]]},"properties":{"N02_001":"12","N02_002":"4","N02_003":"豊田線","N02_004":"名古屋鉄道","N02_005":"日進","N02_005c":"005633","N02_005g":"005633"}},{"type":"Feature","geometry":{"type":"LineString","coordinates":[[137.13691,35.12138],[137.13772,35.12119]]},"properties":{"N02_001":"12","N02_002":"4","N02_003":"豊田線","N02_004":"名古屋鉄道","N02_005":"浄水","N02_005c":"005623","N02_005g":"005623"}},{"type":"Feature","geometry":{"type":"LineString","coordinates":[[137.04009,35.00597],[137.03924,35.00649]]},"properties":{"N02_001":"12","N02_002":"4","N02_003":"名古屋本線","N02_004":"名古屋鉄道","N02_005":"知立","N02_005c":"005985","N02_005g":"005984"}},{"type":"Feature","geometry":{"type":"LineString","coordinates":[[137.08623,34.98652],[137.0848,34.98728]]},"properties":{"N02_001":"12","N02_002":"4","N02_003":"名古屋本線","N02_004":"名古屋鉄道","N02_005":"新安城","N02_005c":"006073","N02_005g":"006072"}},{"type":"Feature","geometry":{"type":"LineString","coordinates":[[137.06144,34.99902],[137.06032,34.99954]]},"properties":{"N02_001":"12","N02_002":"4","N02_003":"名古屋本線","N02_004":"名古屋鉄道","N02_005":"牛田","N02_005c":"006013","N02_005g":"006013"}},{"type":"Feature","geometry":{"type":"LineString","coordinates":[[136.95999,35.07065],[136.96077,35.07039]]},"properties":{"N02_001":"12","N02_002":"4","N02_003":"名古屋本線","N02_004":"名古屋鉄道","N02_005":"左京山","N02_005c":"005766","N02_005g":"005766"}},{"type":"Feature","geometry":{"type":"LineString","coordinates":[[137.0085,35.04077],[137.00799,35.0415]]},"properties":{"N02_001":"12","N02_002":"4","N02_003":"名古屋本線","N02_004":"名古屋鉄道","N02_005":"豊明","N02_005c":"005854","N02_005g":"005854"}},{"type":"Feature","geometry":{"type":"LineString","coordinates":[[136.97078,35.06789],[136.97142,35.06749]]},"properties":{"N02_001":"12","N02_002":"4","N02_003":"名古屋本線","N02_004":"名古屋鉄道","N02_005":"有松","N02_005c":"005774","N02_005g":"005774"}},{"type":"Feature","geometry":{"type":"LineString","coordinates":[[136.98017,35.06172],[136.98161,35.06128]]},"properties":{"N02_001":"12","N02_002":"4","N02_003":"名古屋本線","N02_004":"名古屋鉄道","N02_005":"中京競馬場前","N02_005c":"005795","N02_005g":"005795"}},{"type":"Feature","geometry":{"type":"LineString","coordinates":[[137.0258,35.01333],[137.02511,35.01388]]},"properties":{"N02_001":"12","N02_002":"4","N02_003":"名古屋本線","N02_004":"名古屋鉄道","N02_005":"一ツ木","N02_005c":"005938","N02_005g":"005938"}},{"type":"Feature","geometry":{"type":"LineString","coordinates":[[137.01663,35.02945],[137.01625,35.03016]]},"properties":{"N02_001":"12","N02_002":"4","N02_003":"名古屋本線","N02_004":"名古屋鉄道","N02_005":"富士松","N02_005c":"005879","N02_005g":"005879"}},{"type":"Feature","geometry":{"type":"LineString","coordinates":[[136.99562,35.0523],[136.99623,35.05185]]},"properties":{"N02_001":"12","N02_002":"4","N02_003":"名古屋本線","N02_004":"名古屋鉄道","N02_005":"前後","N02_005c":"005826","N02_005g":"005826"}},{"type":"Feature","geometry":{"type":"LineString","coordinates":[[136.79632,35.30343],[136.79763,35.30074]]},"properties":{"N02_001":"12","N02_002":"4","N02_003":"名古屋本線","N02_004":"名古屋鉄道","N02_005":"名鉄一宮","N02_005c":"005110","N02_005g":"005109"}},{"type":"Feature","geometry":{"type":"LineString","coordinates":[[136.77758,35.34985],[136.77745,35.35054]]},"properties":{"N02_001":"12","N02_002":"4","N02_003":"名古屋本線","N02_004":"名古屋鉄道","N02_005":"黒田","N02_005c":"004966","N02_005g":"004966"}},{"type":"Feature","geometry":{"type":"LineString","coordinates":[[136.7708,35.3648],[136.77021,35.36522]]},"properties":{"N02_001":"12","N02_002":"4","N02_003":"名古屋本線","N02_004":"名古屋鉄道","N02_005":"木曽川堤","N02_005c":"004932","N02_005g":"004932"}},{"type":"Feature","geometry":{"type":"LineString","coordinates":[[136.80076,35.27165],[136.800889,35.271033],[136.80089,35.27103],[136.80096,35.27076]]},"properties":{"N02_001":"12","N02_002":"4","N02_003":"名古屋本線","N02_004":"名古屋鉄道","N02_005":"島氏永","N02_005c":"005180","N02_005g":"005180"}},{"type":"Feature","geometry":{"type":"LineString","coordinates":[[136.79832,35.28788],[136.79823,35.28744],[136.79818,35.28713],[136.79815,35.28673]]},"properties":{"N02_001":"12","N02_002":"4","N02_003":"名古屋本線","N02_004":"名古屋鉄道","N02_005":"妙興寺","N02_005c":"005141","N02_005g":"005141"}},{"type":"Feature","geometry":{"type":"LineString","coordinates":[[136.78895,35.3187],[136.78931,35.31799]]},"properties":{"N02_001":"12","N02_002":"4","N02_003":"名古屋本線","N02_004":"名古屋鉄道","N02_005":"今伊勢","N02_005c":"005058","N02_005g":"005058"}},{"type":"Feature","geometry":{"type":"LineString","coordinates":[[136.78522,35.32649],[136.78552,35.32588]]},"properties":{"N02_001":"12","N02_002":"4","N02_003":"名古屋本線","N02_004":"名古屋鉄道","N02_005":"石刀","N02_005c":"005039","N02_005g":"005039"}},{"type":"Feature","geometry":{"type":"LineString","coordinates":[[136.77952,35.34154],[136.77925,35.34255]]},"properties":{"N02_001":"12","N02_002":"4","N02_003":"名古屋本線","N02_004":"名古屋鉄道","N02_005":"新木曽川","N02_005c":"004989","N02_005g":"004989"}},{"type":"Feature","geometry":{"type":"LineString","coordinates":[[136.84497,35.19937],[136.84654,35.19849]]},"properties":{"N02_001":"12","N02_002":"4","N02_003":"名古屋本線","N02_004":"名古屋鉄道","N02_005":"須ヶ口","N02_005c":"005353","N02_005g":"005352"}},{"type":"Feature","geometry":{"type":"LineString","coordinates":[[136.9129,35.1248],[136.9126,35.12562],[136.91243,35.12607],[136.91233,35.12633]]},"properties":{"N02_001":"12","N02_002":"4","N02_003":"名古屋本線","N02_004":"名古屋鉄道","N02_005":"神宮前","N02_005c":"005606","N02_005g":"005605"}},{"type":"Feature","geometry":{"type":"LineString","coordinates":[[136.8649,35.19503],[136.86566,35.19514]]},"properties":{"N02_001":"12","N02_002":"4","N02_003":"名古屋本線","N02_004":"名古屋鉄道","N02_005":"西枇杷島","N02_005c":"005376","N02_005g":"005376"}},{"type":"Feature","geometry":{"type":"LineString","coordinates":[[136.93074,35.11435],[136.93,35.11517]]},"properties":{"N02_001":"12","N02_002":"4","N02_003":"名古屋本線","N02_004":"名古屋鉄道","N02_005":"呼続","N02_005c":"005648","N02_005g":"005648"}},{"type":"Feature","geometry":{"type":"LineString","coordinates":[[136.9334,35.09856],[136.93347,35.0996]]},"properties":{"N02_001":"12","N02_002":"4","N02_003":"名古屋本線","N02_004":"名古屋鉄道","N02_005":"本笠寺","N02_005c":"005701","N02_005g":"005701"}},{"type":"Feature","geometry":{"type":"LineString","coordinates":[[136.83477,35.21199],[136.83595,35.21093]]},"properties":{"N02_001":"12","N02_002":"4","N02_003":"名古屋本線","N02_004":"名古屋鉄道","N02_005":"新清洲","N02_005c":"005323","N02_005g":"005323"}},{"type":"Feature","geometry":{"type":"LineString","coordinates":[[136.95058,35.07878],[136.95076,35.07869],[136.95107,35.07852],[136.95128,35.0784],[136.95141,35.07831],[136.95155,35.07821],[136.95168,35.0781]]},"properties":{"N02_001":"12","N02_002":"4","N02_003":"名古屋本線","N02_004":"名古屋鉄道","N02_005":"鳴海","N02_005c":"005745","N02_005g":"005745"}},{"type":"Feature","geometry":{"type":"LineString","coordinates":[[136.85206,35.19554],[136.85318,35.19496]]},"properties":{"N02_001":"12","N02_002":"4","N02_003":"名古屋本線","N02_004":"名古屋鉄道","N02_005":"新川橋","N02_005c":"005374","N02_005g":"005374"}},{"type":"Feature","geometry":{"type":"LineString","coordinates":[[136.87045,35.19027],[136.87018,35.18961]]},"properties":{"N02_001":"12","N02_002":"4","N02_003":"名古屋本線","N02_004":"名古屋鉄道","N02_005":"東枇杷島","N02_005c":"005393","N02_005g":"005393"}},{"type":"Feature","geometry":{"type":"LineString","coordinates":[[136.88889,35.15141],[136.88865,35.15236]]},"properties":{"N02_001":"12","N02_002":"4","N02_003":"名古屋本線","N02_004":"名古屋鉄道","N02_005":"山王","N02_005c":"005521","N02_005g":"005521"}},{"type":"Feature","geometry":{"type":"LineString","coordinates":[[136.92075,35.12006],[136.91924,35.12039]]},"properties":{"N02_001":"12","N02_002":"4","N02_003":"名古屋本線","N02_004":"名古屋鉄道","N02_005":"堀田","N02_005c":"005628","N02_005g":"005628"}},{"type":"Feature","geometry":{"type":"LineString","coordinates":[[136.87333,35.18353],[136.8728,35.18405]]},"properties":{"N02_001":"12","N02_002":"4","N02_003":"名古屋本線","N02_004":"名古屋鉄道","N02_005":"栄生","N02_005c":"005407","N02_005g":"005407"}},{"type":"Feature","geometry":{"type":"LineString","coordinates":[[136.85881,35.19465],[136.85975,35.19466],[136.85998,35.19466],[136.8606,35.19467]]},"properties":{"N02_001":"12","N02_002":"4","N02_003":"名古屋本線","N02_004":"名古屋鉄道","N02_005":"二ツ杁","N02_005c":"005377","N02_005g":"005377"}},{"type":"Feature","geometry":{"type":"LineString","coordinates":[[136.88398,35.17018],[136.88376,35.1707]]},"properties":{"N02_001":"12","N02_002":"4","N02_003":"名古屋本線","N02_004":"名古屋鉄道","N02_005":"名鉄名古屋","N02_005c":"005457","N02_005g":"005457"}},{"type":"Feature","geometry":{"type":"LineString","coordinates":[[136.90215,35.14253],[136.90158,35.14276],[136.901578,35.142761],[136.90026,35.14329]]},"properties":{"N02_001":"12","N02_002":"4","N02_003":"名古屋本線","N02_004":"名古屋鉄道","N02_005":"金山","N02_005c":"005551","N02_005g":"005551"}},{"type":"Feature","geometry":{"type":"LineString","coordinates":[[136.93764,35.08701],[136.93703,35.08794]]},"properties":{"N02_001":"12","N02_002":"4","N02_003":"名古屋本線","N02_004":"名古屋鉄道","N02_005":"本星崎","N02_005c":"005732","N02_005g":"005732"}},{"type":"Feature","geometry":{"type":"LineString","coordinates":[[136.84181,35.20493],[136.84247,35.20348]]},"properties":{"N02_001":"12","N02_002":"4","N02_003":"名古屋本線","N02_004":"名古屋鉄道","N02_005":"丸ノ内","N02_005c":"005337","N02_005g":"005337"}},{"type":"Feature","geometry":{"type":"LineString","coordinates":[[136.93453,35.10556],[136.93472,35.10655]]},"properties":{"N02_001":"12","N02_002":"4","N02_003":"名古屋本線","N02_004":"名古屋鉄道","N02_005":"桜","N02_005c":"005678","N02_005g":"005678"}},{"type":"Feature","geometry":{"type":"LineString","coordinates":[[136.81774,35.22686],[136.81885,35.22595]]},"properties":{"N02_001":"12","N02_002":"4","N02_003":"名古屋本線","N02_004":"名古屋鉄道","N02_005":"大里","N02_005c":"005287","N02_005g":"005287"}},{"type":"Feature","geometry":{"type":"LineString","coordinates":[[136.81082,35.23574],[136.81147,35.23431]]},"properties":{"N02_001":"12","N02_002":"4","N02_003":"名古屋本線","N02_004":"名古屋鉄道","N02_005":"奥田","N02_005c":"005268","N02_005g":"005268"}},{"type":"Feature","geometry":{"type":"LineString","coordinates":[[136.80292,35.25503],[136.80295,35.25353]]},"properties":{"N02_001":"12","N02_002":"4","N02_003":"名古屋本線","N02_004":"名古屋鉄道","N02_005":"国府宮","N02_005c":"005223","N02_005g":"005223"}},{"type":"Feature","geometry":{"type":"LineString","coordinates":[[137.38333,34.76105],[137.38294,34.76166],[137.38175,34.7635]]},"properties":{"N02_001":"12","N02_002":"4","N02_003":"名古屋本線","N02_004":"名古屋鉄道","N02_005":"豊橋","N02_005c":"006788","N02_005g":"006786"}},{"type":"Feature","geometry":{"type":"LineString","coordinates":[[137.18359,34.93719],[137.18337,34.93744],[137.18311,34.9377]]},"properties":{"N02_001":"12","N02_002":"4","N02_003":"名古屋本線","N02_004":"名古屋鉄道","N02_005":"男川","N02_005c":"006220","N02_005g":"006220"}},{"type":"Feature","geometry":{"type":"LineString","coordinates":[[137.24301,34.89938],[137.24238,34.89966]]},"properties":{"N02_001":"12","N02_002":"4","N02_003":"名古屋本線","N02_004":"名古屋鉄道","N02_005":"名電山中","N02_005c":"006310","N02_005g":"006310"}},{"type":"Feature","geometry":{"type":"LineString","coordinates":[[137.16823,34.95184],[137.16667,34.95222]]},"properties":{"N02_001":"12","N02_002":"4","N02_003":"名古屋本線","N02_004":"名古屋鉄道","N02_005":"東岡崎","N02_005c":"006185","N02_005g":"006185"}},{"type":"Feature","geometry":{"type":"LineString","coordinates":[[137.35536,34.80212],[137.35496,34.80263],[137.35456,34.80315],[137.35427,34.80351]]},"properties":{"N02_001":"12","N02_002":"4","N02_003":"名古屋本線","N02_004":"名古屋鉄道","N02_005":"伊奈","N02_005c":"006614","N02_005g":"006614"}},{"type":"Feature","geometry":{"type":"LineString","coordinates":[[137.28804,34.87164],[137.28874,34.8713]]},"properties":{"N02_001":"12","N02_002":"4","N02_003":"名古屋本線","N02_004":"名古屋鉄道","N02_005":"名電長沢","N02_005c":"006384","N02_005g":"006384"}},{"type":"Feature","geometry":{"type":"LineString","coordinates":[[137.32188,34.84558],[137.32112,34.84654]]},"properties":{"N02_001":"12","N02_002":"4","N02_003":"名古屋本線","N02_004":"名古屋鉄道","N02_005":"御油","N02_005c":"006451","N02_005g":"006451"}},{"type":"Feature","geometry":{"type":"LineString","coordinates":[[137.15411,34.95464],[137.15362,34.95484],[137.15346,34.95492],[137.15339,34.95495],[137.15277,34.95521]]},"properties":{"N02_001":"12","N02_002":"4","N02_003":"名古屋本線","N02_004":"名古屋鉄道","N02_005":"岡崎公園前","N02_005c":"006177","N02_005g":"006177"}},{"type":"Feature","geometry":{"type":"LineString","coordinates":[[137.19683,34.92332],[137.19584,34.92409]]},"properties":{"N02_001":"12","N02_002":"4","N02_003":"名古屋本線","N02_004":"名古屋鉄道","N02_005":"美合","N02_005c":"006257","N02_005g":"006257"}},{"type":"Feature","geometry":{"type":"LineString","coordinates":[[137.26056,34.89256],[137.25939,34.8933]]},"properties":{"N02_001":"12","N02_002":"4","N02_003":"名古屋本線","N02_004":"名古屋鉄道","N02_005":"本宿","N02_005c":"006327","N02_005g":"006327"}},{"type":"Feature","geometry":{"type":"LineString","coordinates":[[137.21901,34.91307],[137.21813,34.91341]]},"properties":{"N02_001":"12","N02_002":"4","N02_003":"名古屋本線","N02_004":"名古屋鉄道","N02_005":"藤川","N02_005c":"006277","N02_005g":"006277"}},{"type":"Feature","geometry":{"type":"LineString","coordinates":[[137.11762,34.97158],[137.11859,34.97105]]},"properties":{"N02_001":"12","N02_002":"4","N02_003":"名古屋本線","N02_004":"名古屋鉄道","N02_005":"宇頭","N02_005c":"006131","N02_005g":"006131"}},{"type":"Feature","geometry":{"type":"LineString","coordinates":[[137.14058,34.96078],[137.13936,34.96135]]},"properties":{"N02_001":"12","N02_002":"4","N02_003":"名古屋本線","N02_004":"名古屋鉄道","N02_005":"矢作橋","N02_005c":"006163","N02_005g":"006163"}},{"type":"Feature","geometry":{"type":"LineString","coordinates":[[137.34587,34.81444],[137.34572,34.81464],[137.34553,34.81488],[137.34538,34.81509]]},"properties":{"N02_001":"12","N02_002":"4","N02_003":"名古屋本線","N02_004":"名古屋鉄道","N02_005":"小田渕","N02_005c":"006568","N02_005g":"006568"}},{"type":"Feature","geometry":{"type":"LineString","coordinates":[[137.31155,34.85899],[137.31108,34.85941],[137.31078,34.85968]]},"properties":{"N02_001":"12","N02_002":"4","N02_003":"名古屋本線","N02_004":"名古屋鉄道","N02_005":"名電赤坂","N02_005c":"006413","N02_005g":"006413"}},{"type":"Feature","geometry":{"type":"LineString","coordinates":[[137.32843,34.83708],[137.32785,34.83782]]},"properties":{"N02_001":"12","N02_002":"4","N02_003":"名古屋本線","N02_004":"名古屋鉄道","N02_005":"国府","N02_005c":"006468","N02_005g":"006468"}},{"type":"Feature","geometry":{"type":"LineString","coordinates":[[136.882768,35.168342],[136.882309,35.168981]]},"properties":{"N02_001":"12","N02_002":"5","N02_003":"西名古屋港線","N02_004":"名古屋臨海高速鉄道","N02_005":"名古屋","N02_005c":"005468","N02_005g":"005451"}},{"type":"Feature","geometry":{"type":"LineString","coordinates":[[136.86189,35.14062],[136.86198,35.13948]]},"properties":{"N02_001":"12","N02_002":"5","N02_003":"西名古屋港線","N02_004":"名古屋臨海高速鉄道","N02_005":"荒子","N02_005c":"005562","N02_005g":"005562"}},{"type":"Feature","geometry":{"type":"LineString","coordinates":[[136.86139,35.12466],[136.86143,35.12571]]},"properties":{"N02_001":"12","N02_002":"5","N02_003":"西名古屋港線","N02_004":"名古屋臨海高速鉄道","N02_005":"中島","N02_005c":"005607","N02_005g":"005607"}},{"type":"Feature","geometry":{"type":"LineString","coordinates":[[136.8627,35.11413],[136.86278,35.11462],[136.8628,35.11483],[136.86281,35.11498]]},"properties":{"N02_001":"12","N02_002":"5","N02_003":"西名古屋港線","N02_004":"名古屋臨海高速鉄道","N02_005":"港北","N02_005c":"005649","N02_005g":"005649"}},{"type":"Feature","geometry":{"type":"LineString","coordinates":[[136.86191,35.13111],[136.86196,35.13216]]},"properties":{"N02_001":"12","N02_002":"5","N02_003":"西名古屋港線","N02_004":"名古屋臨海高速鉄道","N02_005":"南荒子","N02_005c":"005584","N02_005g":"005584"}},{"type":"Feature","geometry":{"type":"LineString","coordinates":[[136.86321,35.09177],[136.86351,35.09125]]},"properties":{"N02_001":"12","N02_002":"5","N02_003":"西名古屋港線","N02_004":"名古屋臨海高速鉄道","N02_005":"稲永","N02_005c":"005723","N02_005g":"005723"}},{"type":"Feature","geometry":{"type":"LineString","coordinates":[[136.8542,35.07479],[136.85418,35.07586]]},"properties":{"N02_001":"12","N02_002":"5","N02_003":"西名古屋港線","N02_004":"名古屋臨海高速鉄道","N02_005":"野跡","N02_005c":"005752","N02_005g":"005752"}},{"type":"Feature","geometry":{"type":"LineString","coordinates":[[136.86139,35.10508],[136.86122,35.10393]]},"properties":{"N02_001":"12","N02_002":"5","N02_003":"西名古屋港線","N02_004":"名古屋臨海高速鉄道","N02_005":"荒子川公園","N02_005c":"005683","N02_005g":"005683"}},{"type":"Feature","geometry":{"type":"LineString","coordinates":[[136.84952,35.04911],[136.84897,35.04866]]},"properties":{"N02_001":"12","N02_002":"5","N02_003":"西名古屋港線","N02_004":"名古屋臨海高速鉄道","N02_005":"金城ふ頭","N02_005c":"005838","N02_005g":"005838"}},{"type":"Feature","geometry":{"type":"LineString","coordinates":[[136.88254,35.16257],[136.8813,35.16146]]},"properties":{"N02_001":"12","N02_002":"5","N02_003":"西名古屋港線","N02_004":"名古屋臨海高速鉄道","N02_005":"ささしまライブ","N02_005c":"005490","N02_005g":"005490"}},{"type":"Feature","geometry":{"type":"LineString","coordinates":[[136.86156,35.14966],[136.86144,35.14903],[136.86138,35.1485]]},"properties":{"N02_001":"12","N02_002":"5","N02_003":"西名古屋港線","N02_004":"名古屋臨海高速鉄道","N02_005":"小本","N02_005c":"005532","N02_005g":"005532"}},{"type":"Feature","geometry":{"type":"LineString","coordinates":[[137.02876,34.98327],[137.02821,34.98349],[137.02756,34.98374]]},"properties":{"N02_001":"11","N02_002":"2","N02_003":"東海道線","N02_004":"東海旅客鉄道","N02_005":"野田新町","N02_005c":"006086","N02_005g":"006086"}},{"type":"Feature","geometry":{"type":"LineString","coordinates":[[136.949005,35.053952],[136.94874,35.05443],[136.948415,35.054962]]},"properties":{"N02_001":"11","N02_002":"2","N02_003":"東海道線","N02_004":"東海旅客鉄道","N02_005":"南大高","N02_005c":"005822","N02_005g":"005822"}},{"type":"Feature","geometry":{"type":"LineString","coordinates":[[137.07743,34.90642],[137.07684,34.90592],[137.07654,34.90568]]},"properties":{"N02_001":"12","N02_002":"4","N02_003":"西尾線","N02_004":"名古屋鉄道","N02_005":"南桜井","N02_005c":"006297","N02_005g":"006297"}},{"type":"Feature","geometry":{"type":"LineString","coordinates":[[136.965407,35.102646],[136.966296,35.102709],[136.966792,35.102745]]},"properties":{"N02_001":"12","N02_002":"3","N02_003":"6号線桜通線","N02_004":"名古屋市","N02_005":"鳴子北","N02_005c":"005691","N02_005g":"005691"}},{"type":"Feature","geometry":{"type":"LineString","coordinates":[[136.975566,35.102529],[136.976212,35.102515],[136.97693,35.102497]]},"properties":{"N02_001":"12","N02_002":"3","N02_003":"6号線桜通線","N02_004":"名古屋市","N02_005":"相生山","N02_005c":"005693","N02_005g":"005693"}},{"type":"Feature","geometry":{"type":"LineString","coordinates":[[136.988864,35.099053],[136.989207,35.098779],[136.98942,35.098612],[136.989667,35.098419],[136.989838,35.098296]]},"properties":{"N02_001":"12","N02_002":"3","N02_003":"6号線桜通線","N02_004":"名古屋市","N02_005":"神沢","N02_005c":"005703","N02_005g":"005703"}},{"type":"Feature","geometry":{"type":"LineString","coordinates":[[136.997119,35.095295],[136.997355,35.095128],[136.997508,35.095007],[136.997727,35.094827],[136.997946,35.094615],[136.998105,35.094458]]},"properties":{"N02_001":"12","N02_002":"3","N02_003":"6号線桜通線","N02_004":"名古屋市","N02_005":"徳重","N02_005c":"005713","N02_005g":"005713"}},{"type":"Feature","geometry":{"type":"LineString","coordinates":[[136.935189,35.298231],[136.935499,35.299128]]},"properties":{"N02_001":"12","N02_002":"4","N02_003":"小牧線","N02_004":"名古屋鉄道","N02_005":"小牧原","N02_005c":"005119","N02_005g":"005119"}},{"type":"Feature","geometry":{"type":"LineString","coordinates":[[137.160193,34.888989],[137.160349,34.887096]]},"properties":{"N02_001":"11","N02_002":"2","N02_003":"東海道線","N02_004":"東海旅客鉄道","N02_005":"相見","N02_005c":"006342","N02_005g":"006342"}}]}
